cell_id,date,mode,demand_kind,scale,primary_seed,replication_seed,primary_repetitions,replication_repetitions,total_repetitions,block_size,pooled_block_count,pooled_mean_difference,pooled_standard_error,pooled_simultaneous_critical,pooled_ci_low,pooled_ci_high,pooled_ci_halfwidth,precision_target,pooled_precision_gate_pass,edge_count,route_count,mean_route_length,second_moment_route_length,multi_channel_probability,maximum_absolute_drift,drift_l1,drift_l2,cross_covariance_frobenius,cross_covariance_spectral,positive_cross_covariance_mass,negative_cross_covariance_mass,maximum_absolute_cross_covariance
2020-10-14-hub-hotspot-N10,2020-10-14,hub,hotspot,10,202607230110,202607240110,20000,20000,40000,500,80,-0.0101242499999999,0.0058538070452705,3.405199776924186,-0.0300576324447126,0.0098091324447126,0.0199333824447126,0.03,True,33,936,1.8453264828303866,3.5359794484911573,0.8453264828303851,0.005212163255867717,0.09417172505491925,0.0180321915130681,0.05766218229487387,0.05636840113181562,0.00010737892267345065,1.697254103133218,0.0022038699677240756
2020-10-14-hub-hotspot-N20,2020-10-14,hub,hotspot,20,202607230111,202607240111,20000,20000,40000,500,80,-0.0190173125,0.0051681660166659,3.405199776924186,-0.036615950267058,-0.0014186747329419,0.017598637767058,0.03,True,33,936,1.8453264828303866,3.5359794484911573,0.8453264828303851,0.005212163255867717,0.09417172505491925,0.0180321915130681,0.05766218229487387,0.05636840113181562,0.00010737892267345065,1.697254103133218,0.0022038699677240756
2020-10-14-hub-hotspot-N40,2020-10-14,hub,hotspot,40,202607230112,202607240112,20000,20000,40000,500,80,-0.0279291875,0.0032884993930453,3.405199776924186,-0.0391271848996133,-0.0167311901003866,0.0111979973996133,0.03,True,33,936,1.8453264828303866,3.5359794484911573,0.8453264828303851,0.005212163255867717,0.09417172505491925,0.0180321915130681,0.05766218229487387,0.05636840113181562,0.00010737892267345065,1.697254103133218,0.0022038699677240756
2020-10-14-hub-hotspot-N80,2020-10-14,hub,hotspot,80,202607230113,202607240113,20000,20000,40000,500,80,-0.0108646875,0.0019762856687252,3.405199776924186,-0.0175943350182817,-0.0041350399817182,0.0067296475182817,0.03,True,33,936,1.8453264828303866,3.5359794484911573,0.8453264828303851,0.005212163255867717,0.09417172505491925,0.0180321915130681,0.05766218229487387,0.05636840113181562,0.00010737892267345065,1.697254103133218,0.0022038699677240756
2020-10-14-hub-uniform-N10,2020-10-14,hub,uniform,10,202607230100,202607240100,20000,20000,40000,500,80,0.0005297499999999,0.0056280130719863,3.405199776924186,-0.0186347588572543,0.0196942588572543,0.0191645088572543,0.03,True,33,936,1.9290322580645158,3.787096774193549,0.9290322580645164,1.214306433183765e-17,2.229119666630197e-16,4.2856579579719236e-17,0.06310279892955359,0.061761818597844305,5.702558194709081e-34,1.8580645161290326,0.002150537634408603
2020-10-14-hub-uniform-N20,2020-10-14,hub,uniform,20,202607230101,202607240101,20000,20000,40000,500,80,0.0046538125,0.0062591810593378,3.405199776924186,-0.0166599494469854,0.0259675744469854,0.0213137619469854,0.03,True,33,936,1.9290322580645158,3.787096774193549,0.9290322580645164,1.214306433183765e-17,2.229119666630197e-16,4.2856579579719236e-17,0.06310279892955359,0.061761818597844305,5.702558194709081e-34,1.8580645161290326,0.002150537634408603
2020-10-14-hub-uniform-N40,2020-10-14,hub,uniform,40,202607230102,202607240102,20000,20000,40000,500,80,0.010980765625,0.0061217752381642,3.405199776924186,-0.0098651020503769,0.0318266333003769,0.0208458676753769,0.03,True,33,936,1.9290322580645158,3.787096774193549,0.9290322580645164,1.214306433183765e-17,2.229119666630197e-16,4.2856579579719236e-17,0.06310279892955359,0.061761818597844305,5.702558194709081e-34,1.8580645161290326,0.002150537634408603
2020-10-14-hub-uniform-N80,2020-10-14,hub,uniform,80,202607230103,202607240103,20000,20000,40000,500,80,0.0112438281249999,0.0060737602700344,3.405199776924186,-0.0094385389916124,0.0319261952416124,0.0206823671166124,0.03,True,33,936,1.9290322580645158,3.787096774193549,0.9290322580645164,1.214306433183765e-17,2.229119666630197e-16,4.2856579579719236e-17,0.06310279892955359,0.061761818597844305,5.702558194709081e-34,1.8580645161290326,0.002150537634408603
2020-10-14-primary-hotspot-N10,2020-10-14,primary,hotspot,10,202607230010,202607240010,20000,20000,40000,500,80,-0.0126795,0.0060203509189007,3.405199776924186,-0.033179997606046,0.007820997606046,0.020500497606046,0.03,True,42,978,1.8413752446438683,3.524125733931604,0.8413752446438677,0.008507191148805993,0.12035558412791603,0.02251509871794589,0.05733561327501475,0.055054188059610244,0.8343837060165284,0.8526295684634875,0.0023138375569454746
2020-10-14-primary-hotspot-N20,2020-10-14,primary,hotspot,20,202607230011,202607240011,20000,20000,40000,500,80,-0.0115225625,0.0050502595253793,3.405199776924186,-0.0287197051092309,0.0056745801092309,0.0171971426092309,0.03,True,42,978,1.8413752446438683,3.524125733931604,0.8413752446438677,0.008507191148805993,0.12035558412791603,0.02251509871794589,0.05733561327501475,0.055054188059610244,0.8343837060165284,0.8526295684634875,0.0023138375569454746
2020-10-14-primary-hotspot-N40,2020-10-14,primary,hotspot,40,202607230012,202607240012,20000,20000,40000,500,80,0.0022106093749999,0.0031500247571449,3.405199776924186,-0.0085158542253355,0.0129370729753355,0.0107264636003355,0.03,True,42,978,1.8413752446438683,3.524125733931604,0.8413752446438677,0.008507191148805993,0.12035558412791603,0.02251509871794589,0.05733561327501475,0.055054188059610244,0.8343837060165284,0.8526295684634875,0.0023138375569454746
2020-10-14-primary-hotspot-N80,2020-10-14,primary,hotspot,80,202607230013,202607240013,20000,20000,40000,500,80,0.00082684765625,0.0017441145495085,3.405199776924186,-0.0051122108186668,0.0067659061311668,0.0059390584749168,0.03,True,42,978,1.8413752446438683,3.524125733931604,0.8413752446438677,0.008507191148805993,0.12035558412791603,0.02251509871794589,0.05733561327501475,0.055054188059610244,0.8343837060165284,0.8526295684634875,0.0023138375569454746
2020-10-14-primary-uniform-N10,2020-10-14,primary,uniform,10,202607230000,202607240000,20000,20000,40000,500,80,0.0117155,0.0061107307045615,3.405199776924186,-0.0090927588320166,0.0325237588320166,0.0208082588320166,0.03,True,42,978,1.9096774193548394,3.7290322580645165,0.9096774193548389,1.214306433183765e-17,2.1131100341742481e-16,3.9964139168994164e-17,0.061937723973826526,0.05981211960521025,0.9010752688172045,0.9182795698924733,0.002150537634408603
2020-10-14-primary-uniform-N20,2020-10-14,primary,uniform,20,202607230001,202607240001,20000,20000,40000,500,80,0.005452,0.0061133409031737,3.405199776924186,-0.0153651470797488,0.0262691470797488,0.0208171470797488,0.03,True,42,978,1.9096774193548394,3.7290322580645165,0.9096774193548389,1.214306433183765e-17,2.1131100341742481e-16,3.9964139168994164e-17,0.061937723973826526,0.05981211960521025,0.9010752688172045,0.9182795698924733,0.002150537634408603
2020-10-14-primary-uniform-N40,2020-10-14,primary,uniform,40,202607230002,202607240002,20000,20000,40000,500,80,-2.4687499999998323e-05,0.0053868858006828,3.405199776924186,-0.0183681098268012,0.0183187348268013,0.0183434223268013,0.03,True,42,978,1.9096774193548394,3.7290322580645165,0.9096774193548389,1.214306433183765e-17,2.1131100341742481e-16,3.9964139168994164e-17,0.061937723973826526,0.05981211960521025,0.9010752688172045,0.9182795698924733,0.002150537634408603
2020-10-14-primary-uniform-N80,2020-10-14,primary,uniform,80,202607230003,202607240003,20000,20000,40000,500,80,0.0143810429687499,0.0063501240186175,3.405199776924186,-0.0072423979228875,0.0360044838603875,0.0216234408916375,0.03,True,42,978,1.9096774193548394,3.7290322580645165,0.9096774193548389,1.214306433183765e-17,2.1131100341742481e-16,3.9964139168994164e-17,0.061937723973826526,0.05981211960521025,0.9010752688172045,0.9182795698924733,0.002150537634408603
2022-05-31-hub-hotspot-N10,2022-05-31,hub,hotspot,10,202607231110,202607241110,20000,20000,40000,500,80,-0.0114989999999999,0.0051143715218285,3.405199776924186,-0.028914456765238,0.005916456765238,0.017415456765238,0.03,True,36,948,1.84541753053083,3.5362525915924903,0.8454175305308301,0.006382574051272814,0.09878888442952027,0.019137949253298307,0.05759646870908897,0.05589931322718361,0.0111563104057452,1.6854643443361506,0.0022477850828421498
2022-05-31-hub-hotspot-N20,2022-05-31,hub,hotspot,20,202607231111,202607241111,20000,20000,40000,500,80,-0.0114419375,0.0050513007712622,3.405199776924186,-0.028642625759479,0.005758750759479,0.017200688259479,0.03,True,36,948,1.84541753053083,3.5362525915924903,0.8454175305308301,0.006382574051272814,0.09878888442952027,0.019137949253298307,0.05759646870908897,0.05589931322718361,0.0111563104057452,1.6854643443361506,0.0022477850828421498
2022-05-31-hub-hotspot-N40,2022-05-31,hub,hotspot,40,202607231112,202607241112,20000,20000,40000,500,80,-0.016174390625,0.0033774629949322,3.405199776924186,-0.0276753268619131,-0.0046734543880869,0.0115009362369131,0.03,True,36,948,1.84541753053083,3.5362525915924903,0.8454175305308301,0.006382574051272814,0.09878888442952027,0.019137949253298307,0.05759646870908897,0.05589931322718361,0.0111563104057452,1.6854643443361506,0.0022477850828421498
2022-05-31-hub-hotspot-N80,2022-05-31,hub,hotspot,80,202607231113,202607241113,20000,20000,40000,500,80,-0.0056379921875,0.0016585898997669,3.405199776924186,-0.011285822144195,9.837769195082148e-06,0.005647829956695,0.03,True,36,948,1.84541753053083,3.5362525915924903,0.8454175305308301,0.006382574051272814,0.09878888442952027,0.019137949253298307,0.05759646870908897,0.05589931322718361,0.0111563104057452,1.6854643443361506,0.0022477850828421498
2022-05-31-hub-uniform-N10,2022-05-31,hub,uniform,10,202607231100,202607241100,20000,20000,40000,500,80,0.0089,0.0062096098962246,3.405199776924186,-0.0122449622334104,0.0300449622334104,0.0211449622334104,0.03,True,36,948,1.9225806451612903,3.7677419354838717,0.9225806451612906,1.214306433183765e-17,2.233456475320139e-16,4.2007762609479903e-17,0.06266151520143426,0.06098927943026309,0.01075268817204301,1.8344086021505381,0.002150537634408603
2022-05-31-hub-uniform-N20,2022-05-31,hub,uniform,20,202607231101,202607241101,20000,20000,40000,500,80,0.0074748125,0.0063237230720861,3.405199776924186,-0.014058727894398,0.029008352894398,0.021533540394398,0.03,True,36,948,1.9225806451612903,3.7677419354838717,0.9225806451612906,1.214306433183765e-17,2.233456475320139e-16,4.2007762609479903e-17,0.06266151520143426,0.06098927943026309,0.01075268817204301,1.8344086021505381,0.002150537634408603
2022-05-31-hub-uniform-N40,2022-05-31,hub,uniform,40,202607231102,202607241102,20000,20000,40000,500,80,-0.0017027031249999,0.0056789242402348,3.405199776924186,-0.021040574681017,0.017635168431017,0.019337871556017,0.03,True,36,948,1.9225806451612903,3.7677419354838717,0.9225806451612906,1.214306433183765e-17,2.233456475320139e-16,4.2007762609479903e-17,0.06266151520143426,0.06098927943026309,0.01075268817204301,1.8344086021505381,0.002150537634408603
2022-05-31-hub-uniform-N80,2022-05-31,hub,uniform,80,202607231103,202607241103,20000,20000,40000,500,80,-0.0004484218749999,0.0054741166545158,3.405199776924186,-0.0190888826858143,0.0181920389358143,0.0186404608108143,0.03,True,36,948,1.9225806451612903,3.7677419354838717,0.9225806451612906,1.214306433183765e-17,2.233456475320139e-16,4.2007762609479903e-17,0.06266151520143426,0.06098927943026309,0.01075268817204301,1.8344086021505381,0.002150537634408603
2022-05-31-primary-hotspot-N10,2022-05-31,primary,hotspot,10,202607231010,202607241010,20000,20000,40000,500,80,-0.0036457499999999,0.0054906168198573,3.405199776924186,-0.0223423971701542,0.0150508971701542,0.0186966471701542,0.03,True,30,930,1.904091778869379,3.8208665522086473,0.8497961710691243,0.0030704792579812094,0.0918074940201465,0.016764393923985658,0.10503208828514157,0.06577343293691366,0.22388676620941333,1.7010016359333742,0.0593868006562604
2022-05-31-primary-hotspot-N20,2022-05-31,primary,hotspot,20,202607231011,202607241011,20000,20000,40000,500,80,-0.01608525,0.0052543120642188,3.405199776924186,-0.0339772322689682,0.0018067322689682,0.0178919822689682,0.03,True,30,930,1.904091778869379,3.8208665522086473,0.8497961710691243,0.0030704792579812094,0.0918074940201465,0.016764393923985658,0.10503208828514157,0.06577343293691366,0.22388676620941333,1.7010016359333742,0.0593868006562604
2022-05-31-primary-hotspot-N40,2022-05-31,primary,hotspot,40,202607231012,202607241012,20000,20000,40000,500,80,-0.0314027968749999,0.0030689286515423,3.405199776924186,-0.0418531120346281,-0.0209524817153718,0.0104503151596281,0.03,True,30,930,1.904091778869379,3.8208665522086473,0.8497961710691243,0.0030704792579812094,0.0918074940201465,0.016764393923985658,0.10503208828514157,0.06577343293691366,0.22388676620941333,1.7010016359333742,0.0593868006562604
2022-05-31-primary-hotspot-N80,2022-05-31,primary,hotspot,80,202607231013,202607241013,20000,20000,40000,500,80,-0.01761439453125,0.0020256300818102,3.405199776924186,-0.0245120696339612,-0.0107167194285387,0.0068976751027112,0.03,True,30,930,1.904091778869379,3.8208665522086473,0.8497961710691243,0.0030704792579812094,0.0918074940201465,0.016764393923985658,0.10503208828514157,0.06577343293691366,0.22388676620941333,1.7010016359333742,0.0593868006562604
2022-05-31-primary-uniform-N10,2022-05-31,primary,uniform,10,202607231000,202607241000,20000,20000,40000,500,80,-0.0010134999999999,0.0052319144398294,3.405199776924186,-0.0188292138833937,0.0168022138833937,0.0178157138833937,0.03,True,30,930,1.9956989247311832,4.107526881720431,0.9354838709677422,1.214306433183765e-17,2.1640675362810669e-16,4.172136185094685e-17,0.11211707869021141,0.07045539732160223,0.24086021505376348,1.8709677419354844,0.06236559139784948
2022-05-31-primary-uniform-N20,2022-05-31,primary,uniform,20,202607231001,202607241001,20000,20000,40000,500,80,0.0152316249999999,0.0057884087311663,3.405199776924186,-0.0044790631201136,0.0349423131201136,0.0197106881201136,0.03,True,30,930,1.9956989247311832,4.107526881720431,0.9354838709677422,1.214306433183765e-17,2.1640675362810669e-16,4.172136185094685e-17,0.11211707869021141,0.07045539732160223,0.24086021505376348,1.8709677419354844,0.06236559139784948
2022-05-31-primary-uniform-N40,2022-05-31,primary,uniform,40,202607231002,202607241002,20000,20000,40000,500,80,0.0151692343749999,0.0052076346427373,3.405199776924186,-0.0025638019487517,0.0329022706987517,0.0177330363237517,0.03,True,30,930,1.9956989247311832,4.107526881720431,0.9354838709677422,1.214306433183765e-17,2.1640675362810669e-16,4.172136185094685e-17,0.11211707869021141,0.07045539732160223,0.24086021505376348,1.8709677419354844,0.06236559139784948
2022-05-31-primary-uniform-N80,2022-05-31,primary,uniform,80,202607231003,202607241003,20000,20000,40000,500,80,0.02411182421875,0.0051492006618359,3.405199776924186,0.0065777672737282,0.0416458811637717,0.0175340569450217,0.03,True,30,930,1.9956989247311832,4.107526881720431,0.9354838709677422,1.214306433183765e-17,2.1640675362810669e-16,4.172136185094685e-17,0.11211707869021141,0.07045539732160223,0.24086021505376348,1.8709677419354844,0.06236559139784948
2023-07-16-hub-hotspot-N10,2023-07-16,hub,hotspot,10,202607232110,202607242110,20000,20000,40000,500,80,-0.01568125,0.0053988966212603,3.405199776924186,-0.0340655715703526,0.0027030715703526,0.0183843215703526,0.03,True,31,930,1.844491450731536,3.5334743521946077,0.8444914507315355,0.0031793142957870627,0.08919971796227712,0.016823825626986165,0.05759410013178715,0.05655344045166712,9.697523384327487e-22,1.696592740458571,0.0020392008633870694
2023-07-16-hub-hotspot-N20,2023-07-16,hub,hotspot,20,202607232111,202607242111,20000,20000,40000,500,80,-0.02931625,0.005090250718518,3.405199776924186,-0.0466495706111858,-0.0119829293888141,0.0173333206111858,0.03,True,31,930,1.844491450731536,3.5334743521946077,0.8444914507315355,0.0031793142957870627,0.08919971796227712,0.016823825626986165,0.05759410013178715,0.05655344045166712,9.697523384327487e-22,1.696592740458571,0.0020392008633870694
2023-07-16-hub-hotspot-N40,2023-07-16,hub,hotspot,40,202607232112,202607242112,20000,20000,40000,500,80,-0.037914234375,0.0027671569717735,3.405199776924186,-0.0473369566779974,-0.0284915120720026,0.0094227223029974,0.03,True,31,930,1.844491450731536,3.5334743521946077,0.8444914507315355,0.0031793142957870627,0.08919971796227712,0.016823825626986165,0.05759410013178715,0.05655344045166712,9.697523384327487e-22,1.696592740458571,0.0020392008633870694
2023-07-16-hub-hotspot-N80,2023-07-16,hub,hotspot,80,202607232113,202607242113,20000,20000,40000,500,80,-0.02245518359375,0.0017152692926063,3.405199776924186,-0.0282960182062982,-0.0166143489812017,0.0058408346125482,0.03,True,31,930,1.844491450731536,3.5334743521946077,0.8444914507315355,0.0031793142957870627,0.08919971796227712,0.016823825626986165,0.05759410013178715,0.05655344045166712,9.697523384327487e-22,1.696592740458571,0.0020392008633870694
2023-07-16-hub-uniform-N10,2023-07-16,hub,uniform,10,202607232100,202607242100,20000,20000,40000,500,80,0.00916925,0.0058229377937465,3.405199776924186,-0.0106590164763091,0.0289975164763091,0.0198282664763091,0.03,True,31,930,1.9333333333333336,3.8000000000000007,0.9333333333333336,1.214306433183765e-17,2.198762005800603e-16,4.20759852158738e-17,0.06335879510819885,0.06222655707620029,7.335084749131074e-36,1.8666666666666671,0.002150537634408602
2023-07-16-hub-uniform-N20,2023-07-16,hub,uniform,20,202607232101,202607242101,20000,20000,40000,500,80,0.0092040625,0.0054683454393533,3.405199776924186,-0.0094167461702302,0.0278248711702302,0.0186208086702302,0.03,True,31,930,1.9333333333333336,3.8000000000000007,0.9333333333333336,1.214306433183765e-17,2.198762005800603e-16,4.20759852158738e-17,0.06335879510819885,0.06222655707620029,7.335084749131074e-36,1.8666666666666671,0.002150537634408602
2023-07-16-hub-uniform-N40,2023-07-16,hub,uniform,40,202607232102,202607242102,20000,20000,40000,500,80,0.004731046875,0.0057195642923603,3.405199776924186,-0.0147452121774491,0.0242073059274491,0.0194762590524491,0.03,True,31,930,1.9333333333333336,3.8000000000000007,0.9333333333333336,1.214306433183765e-17,2.198762005800603e-16,4.20759852158738e-17,0.06335879510819885,0.06222655707620029,7.335084749131074e-36,1.8666666666666671,0.002150537634408602
2023-07-16-hub-uniform-N80,2023-07-16,hub,uniform,80,202607232103,202607242103,20000,20000,40000,500,80,0.0018749375,0.0059700471836618,3.405199776924186,-0.018454265838032,0.022204140838032,0.020329203338032,0.03,True,31,930,1.9333333333333336,3.8000000000000007,0.9333333333333336,1.214306433183765e-17,2.198762005800603e-16,4.20759852158738e-17,0.06335879510819885,0.06222655707620029,7.335084749131074e-36,1.8666666666666671,0.002150537634408602
2023-07-16-primary-hotspot-N10,2023-07-16,primary,hotspot,10,202607232010,202607242010,20000,20000,40000,500,80,-0.0123635,0.005825357290884,3.405199776924186,-0.0322000053474219,0.0074730053474219,0.0198365053474219,0.03,True,30,930,1.8435210497539631,3.53056314926189,0.843521049753964,0.0030654273737926144,0.09196282121377813,0.016790037210200306,0.05747325094443644,0.05650724515480081,0.0,1.6952173546440243,0.001948525694993198
2023-07-16-primary-hotspot-N20,2023-07-16,primary,hotspot,20,202607232011,202607242011,20000,20000,40000,500,80,-0.0376511875,0.0042830036044049,3.405199776924186,-0.0522356704182853,-0.0230667045817146,0.0145844829182853,0.03,True,30,930,1.8435210497539631,3.53056314926189,0.843521049753964,0.0030654273737926144,0.09196282121377813,0.016790037210200306,0.05747325094443644,0.05650724515480081,0.0,1.6952173546440243,0.001948525694993198
2023-07-16-primary-hotspot-N40,2023-07-16,primary,hotspot,40,202607232012,202607242012,20000,20000,40000,500,80,-0.03602546875,0.003365889629079,3.405199776924186,-0.0474869953640914,-0.0245639421359085,0.0114615266140914,0.03,True,30,930,1.8435210497539631,3.53056314926189,0.843521049753964,0.0030654273737926144,0.09196282121377813,0.016790037210200306,0.05747325094443644,0.05650724515480081,0.0,1.6952173546440243,0.001948525694993198
2023-07-16-primary-hotspot-N80,2023-07-16,primary,hotspot,80,202607232013,202607242013,20000,20000,40000,500,80,-0.0221935859375,0.0016680372622328,3.405199776924186,-0.0278735860507566,-0.0165135858242433,0.0056800001132566,0.03,True,30,930,1.8435210497539631,3.53056314926189,0.843521049753964,0.0030654273737926144,0.09196282121377813,0.016790037210200306,0.05747325094443644,0.05650724515480081,0.0,1.6952173546440243,0.001948525694993198
2023-07-16-primary-uniform-N10,2023-07-16,primary,uniform,10,202607232000,202607242000,20000,20000,40000,500,80,-0.0018265,0.0060253707777607,3.405199776924186,-0.0223440912283165,0.0186910912283165,0.0205175912283165,0.03,True,30,930,1.935483870967742,3.806451612903227,0.9354838709677422,1.214306433183765e-17,2.229119666630197e-16,4.2292223921321433e-17,0.06343174711291452,0.062365591397849474,0.0,1.8709677419354844,0.002150537634408602
2023-07-16-primary-uniform-N20,2023-07-16,primary,uniform,20,202607232001,202607242001,20000,20000,40000,500,80,0.00617475,0.0059262492326566,3.405199776924186,-0.0140053125650394,0.0263548125650394,0.0201800625650394,0.03,True,30,930,1.935483870967742,3.806451612903227,0.9354838709677422,1.214306433183765e-17,2.229119666630197e-16,4.2292223921321433e-17,0.06343174711291452,0.062365591397849474,0.0,1.8709677419354844,0.002150537634408602
2023-07-16-primary-uniform-N40,2023-07-16,primary,uniform,40,202607232002,202607242002,20000,20000,40000,500,80,0.008100609375,0.0063211599233369,3.405199776924186,-0.013424202985849,0.029625421735849,0.021524812360849,0.03,True,30,930,1.935483870967742,3.806451612903227,0.9354838709677422,1.214306433183765e-17,2.229119666630197e-16,4.2292223921321433e-17,0.06343174711291452,0.062365591397849474,0.0,1.8709677419354844,0.002150537634408602
2023-07-16-primary-uniform-N80,2023-07-16,primary,uniform,80,202607232003,202607242003,20000,20000,40000,500,80,-6.046093749999884e-05,0.0054554110120767,3.405199776924186,-0.0186372252988534,0.0185163034238534,0.0185767643613534,0.03,True,30,930,1.935483870967742,3.806451612903227,0.9354838709677422,1.214306433183765e-17,2.229119666630197e-16,4.2292223921321433e-17,0.06343174711291452,0.062365591397849474,0.0,1.8709677419354844,0.002150537634408602
2026-07-22-hub-hotspot-N10,2026-07-22,hub,hotspot,10,202607260110,202607270110,55200,55200,110400,1380,80,-0.0157599637681159,0.0030623435105733,3.048829583229242,-0.0250965272571621,-0.0064234002790697,0.0093365634890461,0.03,True,34,934,1.8460673847096565,3.5382021541289705,0.8460673847096571,0.0034775828197514485,0.09012681614308463,0.01737310596083572,0.05779478347212357,0.05646448723606572,2.8956965827663176e-05,1.6983525713149008,0.002211021660717557
2026-07-22-hub-hotspot-N20,2026-07-22,hub,hotspot,20,202607260111,202607270111,55200,55200,110400,1380,80,-0.0280391304347826,0.0030072741155284,3.048829583229242,-0.0372077967230852,-0.01887046414648,0.0091686662883026,0.03,True,34,934,1.8460673847096565,3.5382021541289705,0.8460673847096571,0.0034775828197514485,0.09012681614308463,0.01737310596083572,0.05779478347212357,0.05646448723606572,2.8956965827663176e-05,1.6983525713149008,0.002211021660717557
2026-07-22-hub-hotspot-N40,2026-07-22,hub,hotspot,40,202607260112,202607270112,55200,55200,110400,1380,80,-0.0319930197010869,0.0018603334607892,3.048829583229242,-0.0376648593910126,-0.0263211800111613,0.0056718396899256,0.03,True,34,934,1.8460673847096565,3.5382021541289705,0.8460673847096571,0.0034775828197514485,0.09012681614308463,0.01737310596083572,0.05779478347212357,0.05646448723606572,2.8956965827663176e-05,1.6983525713149008,0.002211021660717557
2026-07-22-hub-hotspot-N80,2026-07-22,hub,hotspot,80,202607260113,202607270113,55200,55200,110400,1380,80,-0.017600338258605,0.001123770623547,3.048829583229242,-0.0210265233804393,-0.0141741531367707,0.0034261851218342,0.03,True,34,934,1.8460673847096565,3.5382021541289705,0.8460673847096571,0.0034775828197514485,0.09012681614308463,0.01737310596083572,0.05779478347212357,0.05646448723606572,2.8956965827663176e-05,1.6983525713149008,0.002211021660717557
2026-07-22-hub-uniform-N10,2026-07-22,hub,uniform,10,202607260100,202607270100,55200,55200,110400,1380,80,-0.0040864130434782,0.003462553795733,3.048829583229242,-0.0146431494894319,0.0064703234024754,0.0105567364459537,0.03,True,34,934,1.9268817204301074,3.780645161290323,0.9268817204301079,1.214306433183765e-17,2.1640675362810669e-16,4.126810167031348e-17,0.06306614321985024,0.06168462520024245,7.857944636376828e-34,1.8537634408602153,0.002150537634408603
2026-07-22-hub-uniform-N20,2026-07-22,hub,uniform,20,202607260101,202607270101,55200,55200,110400,1380,80,0.0046486413043478,0.0036045797737787,3.048829583229242,-0.0063411081450585,0.0156383907537542,0.0109897494494063,0.03,True,34,934,1.9268817204301074,3.780645161290323,0.9268817204301079,1.214306433183765e-17,2.1640675362810669e-16,4.126810167031348e-17,0.06306614321985024,0.06168462520024245,7.857944636376828e-34,1.8537634408602153,0.002150537634408603
2026-07-22-hub-uniform-N40,2026-07-22,hub,uniform,40,202607260102,202607270102,55200,55200,110400,1380,80,0.0024516417572463,0.0036754755175887,3.048829583229242,-0.0087542567332129,0.0136575402477057,0.0112058984904593,0.03,True,34,934,1.9268817204301074,3.780645161290323,0.9268817204301079,1.214306433183765e-17,2.1640675362810669e-16,4.126810167031348e-17,0.06306614321985024,0.06168462520024245,7.857944636376828e-34,1.8537634408602153,0.002150537634408603
2026-07-22-hub-uniform-N80,2026-07-22,hub,uniform,80,202607260103,202607270103,55200,55200,110400,1380,80,0.008163134057971,0.003282222472347,3.048829583229242,-0.0018438029144604,0.0181700710304024,0.0100069369724314,0.03,True,34,934,1.9268817204301074,3.780645161290323,0.9268817204301079,1.214306433183765e-17,2.1640675362810669e-16,4.126810167031348e-17,0.06306614321985024,0.06168462520024245,7.857944636376828e-34,1.8537634408602153,0.002150537634408603
2026-07-22-primary-hotspot-N10,2026-07-22,primary,hotspot,10,202607260010,202607270010,55200,55200,110400,1380,80,0.0157273550724637,0.0049596206200561,3.048829583229242,0.0006063170044429,0.0308483931404846,0.0151210380680208,0.03,True,109,1850,1.793795022877654,3.4957058468166022,0.7366346337858332,0.0055326699623837825,0.08507881284758627,0.014107348757773829,0.06766163145563146,0.038648074357242566,0.8413031272665284,0.8647590023279079,0.030262239879793665
2026-07-22-primary-hotspot-N20,2026-07-22,primary,hotspot,20,202607260011,202607270011,55200,55200,110400,1380,80,0.0028727807971014,0.0051204314124489,3.048829583229242,-0.0127385419720692,0.0184841035662721,0.0156113227691706,0.03,True,109,1850,1.793795022877654,3.4957058468166022,0.7366346337858332,0.0055326699623837825,0.08507881284758627,0.014107348757773829,0.06766163145563146,0.038648074357242566,0.8413031272665284,0.8647590023279079,0.030262239879793665
2026-07-22-primary-hotspot-N40,2026-07-22,primary,hotspot,40,202607260012,202607270012,55200,55200,110400,1380,80,-0.011929245923913,0.0028722120038417,3.048829583229242,-0.020686130850532,-0.003172360997294,0.008756884926619,0.03,True,109,1850,1.793795022877654,3.4957058468166022,0.7366346337858332,0.0055326699623837825,0.08507881284758627,0.014107348757773829,0.06766163145563146,0.038648074357242566,0.8413031272665284,0.8647590023279079,0.030262239879793665
2026-07-22-primary-hotspot-N80,2026-07-22,primary,hotspot,80,202607260013,202607270013,55200,55200,110400,1380,80,-0.0073078960031702,0.0014958808255248,3.048829583229242,-0.0118685817170157,-0.0027472102893248,0.0045606857138454,0.03,True,109,1850,1.793795022877654,3.4957058468166022,0.7366346337858332,0.0055326699623837825,0.08507881284758627,0.014107348757773829,0.06766163145563146,0.038648074357242566,0.8413031272665284,0.8647590023279079,0.030262239879793665
2026-07-22-primary-uniform-N10,2026-07-22,primary,uniform,10,202607260000,202607270000,55200,55200,110400,1380,80,0.0372061594202898,0.0055703284339455,3.048829583229242,0.0202231773025736,0.054189141538006,0.0169829821177162,0.03,True,109,1850,1.8279569892473113,3.608602150537633,0.7655913978494624,1.984089975648473e-17,1.3164924879405238e-16,2.9827502056282827e-17,0.0733526245074215,0.04203900121862948,0.886130118388183,0.8945150429021397,0.03369175627240144
2026-07-22-primary-uniform-N20,2026-07-22,primary,uniform,20,202607260001,202607270001,55200,55200,110400,1380,80,0.0436627264492753,0.0066167314474739,3.048829583229242,0.0234894398679335,0.0638360130306171,0.0201732865813418,0.03,True,109,1850,1.8279569892473113,3.608602150537633,0.7655913978494624,1.984089975648473e-17,1.3164924879405238e-16,2.9827502056282827e-17,0.0733526245074215,0.04203900121862948,0.886130118388183,0.8945150429021397,0.03369175627240144
2026-07-22-primary-uniform-N40,2026-07-22,primary,uniform,40,202607260002,202607270002,55200,55200,110400,1380,80,0.0374933027626811,0.0060683348512958,3.048829583229242,0.0189919839471094,0.0559946215782528,0.0185013188155716,0.03,True,109,1850,1.8279569892473113,3.608602150537633,0.7655913978494624,1.984089975648473e-17,1.3164924879405238e-16,2.9827502056282827e-17,0.0733526245074215,0.04203900121862948,0.886130118388183,0.8945150429021397,0.03369175627240144
2026-07-22-primary-uniform-N80,2026-07-22,primary,uniform,80,202607260003,202607270003,55200,55200,110400,1380,80,0.0353256156589674,0.0051117528406838,3.048829583229242,0.0197407523761343,0.0509104789418004,0.015584863282833,0.03,True,109,1850,1.8279569892473113,3.608602150537633,0.7655913978494624,1.984089975648473e-17,1.3164924879405238e-16,2.9827502056282827e-17,0.0733526245074215,0.04203900121862948,0.886130118388183,0.8945150429021397,0.03369175627240144
