snapshot,mode,edge_index,left_node_index,right_node_index,left_node_id,right_node_id,scid,htlc_maximum_msat
20201014.gml.geo,primary,0,0,7,02004c625d622245606a1ea2c1c69cfb4516b703b47945a3647713c05fe4aaeb1c,0227230b7b685f1742b944bfc5d79ddc8c5a90b68499775ee10895f87307d8d22e,626147x2709x0/1,1980000000
20201014.gml.geo,primary,1,0,12,02004c625d622245606a1ea2c1c69cfb4516b703b47945a3647713c05fe4aaeb1c,022c34f968b0be54d685198e8720ce8528ec554afff2dbb0fc5abd90ff105263f8,645037x2001x0/1,24750000
20201014.gml.geo,primary,2,0,18,02004c625d622245606a1ea2c1c69cfb4516b703b47945a3647713c05fe4aaeb1c,023d70f2f76d283c6c4e58109ee3a2816eb9d8feb40b23d62469060a2b2867b77f,648791x1308x1/1,1980000000
20201014.gml.geo,primary,3,0,20,02004c625d622245606a1ea2c1c69cfb4516b703b47945a3647713c05fe4aaeb1c,02439112f98b6f4828e1a7426bfbece166bd36837d7dea4225a75ebd1d96864a07,649259x1394x2/1,990000000
20201014.gml.geo,primary,4,0,28,02004c625d622245606a1ea2c1c69cfb4516b703b47945a3647713c05fe4aaeb1c,0268fb5ff483d584b81832b025b8ed122596d4b642171d71ab8b5893aa24eccece,652203x302x1/1,4950000000
20201014.gml.geo,primary,5,1,18,0201fa3eccc87826765f52afc5906d90a6c3598f49f3e0a9d90d612597c37a2fd5,023d70f2f76d283c6c4e58109ee3a2816eb9d8feb40b23d62469060a2b2867b77f,649676x2536x1/1,99000000
20201014.gml.geo,primary,6,2,18,0209353ede22c7e5c74bbe76d58bf569cdb4dc010212977b764af58516d16aa9df,023d70f2f76d283c6c4e58109ee3a2816eb9d8feb40b23d62469060a2b2867b77f,649676x2527x1/1,99000000
20201014.gml.geo,primary,7,3,18,021d8fb3c77b95766de14e34b28beb6b8905c7d804196fb3ae9ea76517a8d70d64,023d70f2f76d283c6c4e58109ee3a2816eb9d8feb40b23d62469060a2b2867b77f,652293x602x1/0,99000000
20201014.gml.geo,primary,8,4,18,021e030cb2f3dc3e79d413d2f624d8b5f67992d226388adf64c332903dd99c4ddb,023d70f2f76d283c6c4e58109ee3a2816eb9d8feb40b23d62469060a2b2867b77f,652293x641x1/0,99000000
20201014.gml.geo,primary,9,5,18,0223289fa79b65c2c5f24e22db76c13dd3a8a678589754f435bdbc55b969175b9c,023d70f2f76d283c6c4e58109ee3a2816eb9d8feb40b23d62469060a2b2867b77f,651685x2422x0/0,99000000
20201014.gml.geo,primary,10,6,7,02261e7852da96e893a9e824be2f2eb0df15ac757faa3f6098c808d980fecea716,0227230b7b685f1742b944bfc5d79ddc8c5a90b68499775ee10895f87307d8d22e,622397x1645x0/0,99000000
20201014.gml.geo,primary,11,6,18,02261e7852da96e893a9e824be2f2eb0df15ac757faa3f6098c808d980fecea716,023d70f2f76d283c6c4e58109ee3a2816eb9d8feb40b23d62469060a2b2867b77f,639439x1690x0/1,990000000
20201014.gml.geo,primary,12,7,11,0227230b7b685f1742b944bfc5d79ddc8c5a90b68499775ee10895f87307d8d22e,022b0eb6eac43c0b7e56dc8b6e8205f735a80966521f553db56deff197b0035a7f,617850x1639x0/1,99000000
20201014.gml.geo,primary,13,7,12,0227230b7b685f1742b944bfc5d79ddc8c5a90b68499775ee10895f87307d8d22e,022c34f968b0be54d685198e8720ce8528ec554afff2dbb0fc5abd90ff105263f8,645217x1535x0/1,99000000
20201014.gml.geo,primary,14,7,18,0227230b7b685f1742b944bfc5d79ddc8c5a90b68499775ee10895f87307d8d22e,023d70f2f76d283c6c4e58109ee3a2816eb9d8feb40b23d62469060a2b2867b77f,650795x1770x0/1,891000000
20201014.gml.geo,primary,15,7,20,0227230b7b685f1742b944bfc5d79ddc8c5a90b68499775ee10895f87307d8d22e,02439112f98b6f4828e1a7426bfbece166bd36837d7dea4225a75ebd1d96864a07,651174x309x3/1,990000000
20201014.gml.geo,primary,16,7,28,0227230b7b685f1742b944bfc5d79ddc8c5a90b68499775ee10895f87307d8d22e,0268fb5ff483d584b81832b025b8ed122596d4b642171d71ab8b5893aa24eccece,607086x1183x0/0,990000000
20201014.gml.geo,primary,17,8,18,0227664a8d902512626d9c700dc6b22821f45f751ad0d66e2aed3c42adf342624a,023d70f2f76d283c6c4e58109ee3a2816eb9d8feb40b23d62469060a2b2867b77f,649451x1492x0/1,99000000
20201014.gml.geo,primary,18,9,18,02290714deafd0cb33d2be3b634fc977a98a9c9fa1dd6c53cf17d99b350c08c67b,023d70f2f76d283c6c4e58109ee3a2816eb9d8feb40b23d62469060a2b2867b77f,644305x627x1/1,990000000
20201014.gml.geo,primary,19,10,18,022a6ef3cef76770176dac9a996c53fc70a197594b15f39c2327e1efddb0bf2516,023d70f2f76d283c6c4e58109ee3a2816eb9d8feb40b23d62469060a2b2867b77f,649967x1624x0/1,99000000
20201014.gml.geo,primary,20,11,18,022b0eb6eac43c0b7e56dc8b6e8205f735a80966521f553db56deff197b0035a7f,023d70f2f76d283c6c4e58109ee3a2816eb9d8feb40b23d62469060a2b2867b77f,651382x2491x0/1,99000000
20201014.gml.geo,primary,21,12,18,022c34f968b0be54d685198e8720ce8528ec554afff2dbb0fc5abd90ff105263f8,023d70f2f76d283c6c4e58109ee3a2816eb9d8feb40b23d62469060a2b2867b77f,650419x2185x0/0,99000000
20201014.gml.geo,primary,22,12,19,022c34f968b0be54d685198e8720ce8528ec554afff2dbb0fc5abd90ff105263f8,0242a4ae0c5bef18048fbecf995094b74bfb0f7391418d71ed394784373f41e4f3,645038x1490x1/0,495000000
20201014.gml.geo,primary,23,13,18,0234e53380c64bb0369154280a8b926034cbbc7537884dfcab20096152910f1742,023d70f2f76d283c6c4e58109ee3a2816eb9d8feb40b23d62469060a2b2867b77f,647628x1938x0/0,89100000
20201014.gml.geo,primary,24,14,18,0236b79638b8f133eca00765786da784bd3db4187dd6e1f28be85d4a0f547150d8,023d70f2f76d283c6c4e58109ee3a2816eb9d8feb40b23d62469060a2b2867b77f,651697x2566x1/0,990000000
20201014.gml.geo,primary,25,15,18,023831c19f4a120d4f7a47641550976a770f844d05be98c96976247afa7cc889b9,023d70f2f76d283c6c4e58109ee3a2816eb9d8feb40b23d62469060a2b2867b77f,651685x2418x0/0,99000000
20201014.gml.geo,primary,26,16,18,023b63e55e8c7fca898db3c86c5bfa756b5e642142b75183f31f10f102978f4059,023d70f2f76d283c6c4e58109ee3a2816eb9d8feb40b23d62469060a2b2867b77f,649712x999x0/1,99000000
20201014.gml.geo,primary,27,17,18,023d4788782a6c36c9e872ff7d20fe76b943fa1f0269a2321efff238cc45da7f4f,023d70f2f76d283c6c4e58109ee3a2816eb9d8feb40b23d62469060a2b2867b77f,647549x1057x0/0,89100000
20201014.gml.geo,primary,28,18,19,023d70f2f76d283c6c4e58109ee3a2816eb9d8feb40b23d62469060a2b2867b77f,0242a4ae0c5bef18048fbecf995094b74bfb0f7391418d71ed394784373f41e4f3,648306x2340x0/0,990000000
20201014.gml.geo,primary,29,18,20,023d70f2f76d283c6c4e58109ee3a2816eb9d8feb40b23d62469060a2b2867b77f,02439112f98b6f4828e1a7426bfbece166bd36837d7dea4225a75ebd1d96864a07,651174x309x15/1,990000000
20201014.gml.geo,primary,30,18,21,023d70f2f76d283c6c4e58109ee3a2816eb9d8feb40b23d62469060a2b2867b77f,024676acdbb9018fdd90114c55bf3397af98fa84a809b4c65467953008be92dc83,649675x1567x1/0,99000000
20201014.gml.geo,primary,31,18,22,023d70f2f76d283c6c4e58109ee3a2816eb9d8feb40b23d62469060a2b2867b77f,0247eba5275bcdf4825197a7557061bd4b0a015e00590e697191bc9dfbe6bf409a,651697x2560x1/1,990000000
20201014.gml.geo,primary,32,18,23,023d70f2f76d283c6c4e58109ee3a2816eb9d8feb40b23d62469060a2b2867b77f,024a9811aad3b9ff6e80c1352239f7b27ddd5f8d49acbb82752f558236974d7092,650603x676x1/1,99000000
20201014.gml.geo,primary,33,18,24,023d70f2f76d283c6c4e58109ee3a2816eb9d8feb40b23d62469060a2b2867b77f,0255ecd216b6abf3f91adaa3c7fcabbc477f7ffcec58d99f823720581c2ea9cacd,649975x1960x1/1,99000000
20201014.gml.geo,primary,34,18,25,023d70f2f76d283c6c4e58109ee3a2816eb9d8feb40b23d62469060a2b2867b77f,025c292529c8ff4e8b0f75ed5d17f99b74d2a06ca8237bdfc0b55d04686e3e776b,649644x57x1/0,99000000
20201014.gml.geo,primary,35,18,26,023d70f2f76d283c6c4e58109ee3a2816eb9d8feb40b23d62469060a2b2867b77f,0261145a5efa26a79e008996c6f9bff276eb2a75294b2c7013cf90ee77dd9005ac,641862x1728x1/0,89100000
20201014.gml.geo,primary,36,18,27,023d70f2f76d283c6c4e58109ee3a2816eb9d8feb40b23d62469060a2b2867b77f,0264329b15c7cc240b772ffa43f573625a524b1914acd547b741c54d95d0b6bd35,649676x2534x1/0,99000000
20201014.gml.geo,primary,37,18,28,023d70f2f76d283c6c4e58109ee3a2816eb9d8feb40b23d62469060a2b2867b77f,0268fb5ff483d584b81832b025b8ed122596d4b642171d71ab8b5893aa24eccece,652233x2074x0/0,3414403000
20201014.gml.geo,primary,38,18,29,023d70f2f76d283c6c4e58109ee3a2816eb9d8feb40b23d62469060a2b2867b77f,0268fce75a7e44d5c692074ce415c188440416ec0461c43431cb1ce3d902a51ce9,649450x1387x0/0,99000000
20201014.gml.geo,primary,39,18,30,023d70f2f76d283c6c4e58109ee3a2816eb9d8feb40b23d62469060a2b2867b77f,02f409397bebb11adc00bb5f52ab4a5a911c393ebf1fb0677c1ac63a316a2deb96,651685x2421x0/1,99000000
20201014.gml.geo,primary,40,19,20,0242a4ae0c5bef18048fbecf995094b74bfb0f7391418d71ed394784373f41e4f3,02439112f98b6f4828e1a7426bfbece166bd36837d7dea4225a75ebd1d96864a07,649259x1394x10/1,990000000
20201014.gml.geo,primary,41,19,28,0242a4ae0c5bef18048fbecf995094b74bfb0f7391418d71ed394784373f41e4f3,0268fb5ff483d584b81832b025b8ed122596d4b642171d71ab8b5893aa24eccece,606631x1333x0/1,2970000000
20201014.gml.geo,hub,0,0,30,02001828ca7eb8e44d4d78b5c1ea609cd3744be823c22cd69d895eff2f9345892d,02ad6fb8d693dc1e4569bcedefadf5f72a931ae027dc0f0c544b34c1c6f3b9a02b,651303x2741x0/0,60724000
20201014.gml.geo,hub,1,1,30,02003e8f41444fbddbfce965eaeb45b362b5c1b0e52b16cc249807ba7f78877928,02ad6fb8d693dc1e4569bcedefadf5f72a931ae027dc0f0c544b34c1c6f3b9a02b,651194x1360x0/0,60724000
20201014.gml.geo,hub,2,2,4,02004c625d622245606a1ea2c1c69cfb4516b703b47945a3647713c05fe4aaeb1c,0201bbc44301ec1bdf3da081e19e960adf133806d19e439eb116bb84a8a62e7408,635118x1536x0/1,247500000
20201014.gml.geo,hub,3,2,22,02004c625d622245606a1ea2c1c69cfb4516b703b47945a3647713c05fe4aaeb1c,0206ba1bccc9241fda43879095f54f276b41373ca236735c5357d55e385a8062e5,635532x1684x0/1,1005840000
20201014.gml.geo,hub,4,2,29,02004c625d622245606a1ea2c1c69cfb4516b703b47945a3647713c05fe4aaeb1c,0209faa30755c89418d396f31e4395df51cc79b72890e1fc02de1fdde1448cebc4,646022x1705x1/1,1980000000
20201014.gml.geo,hub,5,2,30,02004c625d622245606a1ea2c1c69cfb4516b703b47945a3647713c05fe4aaeb1c,02ad6fb8d693dc1e4569bcedefadf5f72a931ae027dc0f0c544b34c1c6f3b9a02b,628455x1070x1/1,4022120000
20201014.gml.geo,hub,6,3,30,0200da31ae309a42f955de9383c150a4167246bb22d5380898cd70aecc59136c50,02ad6fb8d693dc1e4569bcedefadf5f72a931ae027dc0f0c544b34c1c6f3b9a02b,651206x1350x0/0,2167887000
20201014.gml.geo,hub,7,4,30,0201bbc44301ec1bdf3da081e19e960adf133806d19e439eb116bb84a8a62e7408,02ad6fb8d693dc1e4569bcedefadf5f72a931ae027dc0f0c544b34c1c6f3b9a02b,635227x921x0/0,31024000
20201014.gml.geo,hub,8,5,30,0201be5b63e839fc57c66c7ab21dcea3aa79001de132f29ade96a0c2d6680c8eaf,02ad6fb8d693dc1e4569bcedefadf5f72a931ae027dc0f0c544b34c1c6f3b9a02b,644969x1556x0/0,31024000
20201014.gml.geo,hub,9,6,30,0202bbe57827ab092d56a0623d965a92d2f111aade31d1b6b6b0983fcb79836b9d,02ad6fb8d693dc1e4569bcedefadf5f72a931ae027dc0f0c544b34c1c6f3b9a02b,645024x1696x0/0,60724000
20201014.gml.geo,hub,10,7,30,0202e6bffec1e453d3cd93917d65544a7a87c88f1a6c52ed827a3cb7157bb06e93,02ad6fb8d693dc1e4569bcedefadf5f72a931ae027dc0f0c544b34c1c6f3b9a02b,651211x1496x0/0,60724000
20201014.gml.geo,hub,11,8,30,0202e7727ee46d943a44c7bf0dce14220a839630dee67d03446bf935178b55a0df,02ad6fb8d693dc1e4569bcedefadf5f72a931ae027dc0f0c544b34c1c6f3b9a02b,646683x1772x0/0,346500000
20201014.gml.geo,hub,12,9,30,0202f05149350a1c68578238eab17c594d1f5bd5235864c413c50484b98b2f32e5,02ad6fb8d693dc1e4569bcedefadf5f72a931ae027dc0f0c544b34c1c6f3b9a02b,646027x1115x0/0,346500000
20201014.gml.geo,hub,13,10,30,020323d8f47d10ed146cc630c6b79accc9540213f907454f7731c337dc5ae9a7c5,02ad6fb8d693dc1e4569bcedefadf5f72a931ae027dc0f0c544b34c1c6f3b9a02b,608286x2077x0/0,31024000
20201014.gml.geo,hub,14,11,30,020328dfec863a339a91f16e50082768b97f87abbbe7b7b9dd2a150d0b0409b49f,02ad6fb8d693dc1e4569bcedefadf5f72a931ae027dc0f0c544b34c1c6f3b9a02b,651212x919x0/0,60724000
20201014.gml.geo,hub,15,12,30,02036e0f538728a26a9e2ebb42890a9845c6dc9f46a09047ff3e382b5bf9282c17,02ad6fb8d693dc1e4569bcedefadf5f72a931ae027dc0f0c544b34c1c6f3b9a02b,610592x2442x0/0,31024000
20201014.gml.geo,hub,16,13,30,0203c69eaaf21dfc53c01df09684d9b8ae3a52324b58d86a96fbe0f0fafffcaa19,02ad6fb8d693dc1e4569bcedefadf5f72a931ae027dc0f0c544b34c1c6f3b9a02b,651304x1361x0/0,60724000
20201014.gml.geo,hub,17,14,30,020425b428e51b983880a8450d01596fb161b3f78f3fc66285c8ead01bfc897556,02ad6fb8d693dc1e4569bcedefadf5f72a931ae027dc0f0c544b34c1c6f3b9a02b,644958x1492x0/1,53072000
20201014.gml.geo,hub,18,15,30,02043b4834a867fd8787c9878bace14310318f8622ed1b195e8d2aca2e49499dd5,02ad6fb8d693dc1e4569bcedefadf5f72a931ae027dc0f0c544b34c1c6f3b9a02b,644054x1411x0/0,3465000000
20201014.gml.geo,hub,19,16,30,0204594e04a25b0dcf3f09a904431f533ab21e6a046703c6225557eface7a5bb24,02ad6fb8d693dc1e4569bcedefadf5f72a931ae027dc0f0c544b34c1c6f3b9a02b,595622x1761x1/0,637474000
20201014.gml.geo,hub,20,17,30,02047d60de9a1073adf351b79ba6f20f5891ee9c587941e01be934fcfc505823e5,02ad6fb8d693dc1e4569bcedefadf5f72a931ae027dc0f0c544b34c1c6f3b9a02b,632677x1632x0/0,31024000
20201014.gml.geo,hub,21,18,30,020627cf52809eb66d6393bab80e1d723c147055f721cb0f84d52b0a9f8bba031e,02ad6fb8d693dc1e4569bcedefadf5f72a931ae027dc0f0c544b34c1c6f3b9a02b,651174x324x0/0,60724000
20201014.gml.geo,hub,22,19,30,0206507b73025bae5bc781cbd11668fd6e4a977fabcaf1a1ecc6fc0546c75fa44f,02ad6fb8d693dc1e4569bcedefadf5f72a931ae027dc0f0c544b34c1c6f3b9a02b,644966x532x0/0,31024000
20201014.gml.geo,hub,23,20,30,0206722d0f786ae2bf4779675b5b7d91ae334fc59992f98528f30a83b91e3c8b8f,02ad6fb8d693dc1e4569bcedefadf5f72a931ae027dc0f0c544b34c1c6f3b9a02b,608317x873x0/0,31024000
20201014.gml.geo,hub,24,21,30,020675f1b6a63a748f8f674400e94472307d0204352238b17375777e6b89aef047,02ad6fb8d693dc1e4569bcedefadf5f72a931ae027dc0f0c544b34c1c6f3b9a02b,645423x1046x0/1,49867000
20201014.gml.geo,hub,25,22,30,0206ba1bccc9241fda43879095f54f276b41373ca236735c5357d55e385a8062e5,02ad6fb8d693dc1e4569bcedefadf5f72a931ae027dc0f0c544b34c1c6f3b9a02b,646027x1121x0/0,346500000
20201014.gml.geo,hub,26,23,30,0206eb072408ee1d7808a6c056bc324edbb56fdcc350d9f23ef094372792676561,02ad6fb8d693dc1e4569bcedefadf5f72a931ae027dc0f0c544b34c1c6f3b9a02b,632668x1858x0/0,31024000
20201014.gml.geo,hub,27,24,30,020815a33a54159aca81b4b88decce0b550f2cbe1aa55af7a050718a5a03941fa5,02ad6fb8d693dc1e4569bcedefadf5f72a931ae027dc0f0c544b34c1c6f3b9a02b,634725x2208x0/0,263920000
20201014.gml.geo,hub,28,25,30,02083e55c359ad6d423c0f63821f3230c64aa9089b81c6cf7702d3ba6272ff6c96,02ad6fb8d693dc1e4569bcedefadf5f72a931ae027dc0f0c544b34c1c6f3b9a02b,608286x2007x0/0,31024000
20201014.gml.geo,hub,29,26,30,0208d142e09411fca84c73174f88e88bc02c2710726427a8c8a7bb32ccb1c9d9c0,02ad6fb8d693dc1e4569bcedefadf5f72a931ae027dc0f0c544b34c1c6f3b9a02b,651241x2606x0/0,60724000
20201014.gml.geo,hub,30,27,30,0209ad56880f6f4544074bffdf14a775cd2de30cd61e2e785b67ff03826835df12,02ad6fb8d693dc1e4569bcedefadf5f72a931ae027dc0f0c544b34c1c6f3b9a02b,632668x1648x0/0,31024000
20201014.gml.geo,hub,31,28,30,0209bec6f15a4545a3ec1b29960b20c0d97ef86e27f9ab4e59a41139525a08b85b,02ad6fb8d693dc1e4569bcedefadf5f72a931ae027dc0f0c544b34c1c6f3b9a02b,651197x1526x0/0,60724000
20201014.gml.geo,hub,32,29,30,0209faa30755c89418d396f31e4395df51cc79b72890e1fc02de1fdde1448cebc4,02ad6fb8d693dc1e4569bcedefadf5f72a931ae027dc0f0c544b34c1c6f3b9a02b,645903x1903x0/0,2277000000
20220531.gml.geo,primary,0,0,28,0202a10e9dc29df67d6bff9f3e99e3bf7ccbd7cf3d73f3e3fcab761ac52f19a801,0297a77f4d1ccc55d7a10a9b137119b1103d9a9d38a5a97ffa1d0152c818fcdd0a,652628x1943x0/1,99000000
20220531.gml.geo,primary,1,1,28,020449065769190db5d94f9c9354da8be05642dbed834d7aaf3e02c32ce61f7127,0297a77f4d1ccc55d7a10a9b137119b1103d9a9d38a5a97ffa1d0152c818fcdd0a,657002x1180x0/1,99000000
20220531.gml.geo,primary,2,2,28,0204a91bb5802ad0a799acfd86ef566da03d80cc9e13acb01e680634bf64188a0d,0297a77f4d1ccc55d7a10a9b137119b1103d9a9d38a5a97ffa1d0152c818fcdd0a,698755x747x0/0,10000000
20220531.gml.geo,primary,3,3,28,0205fe16bb484fdda40347afac284cd8c8a668277eb6cbf6c1483b4fc3028b0b51,0297a77f4d1ccc55d7a10a9b137119b1103d9a9d38a5a97ffa1d0152c818fcdd0a,663170x407x0/0,99000000
20220531.gml.geo,primary,4,4,28,02085de2c96e7aa2d4d9390947262de00c572fb8edb8e24ff489236dab8ee21fa9,0297a77f4d1ccc55d7a10a9b137119b1103d9a9d38a5a97ffa1d0152c818fcdd0a,676500x1195x1/1,198000000
20220531.gml.geo,primary,5,5,28,0208a97d43dc2062d9c8ff4589d6f77202ba0e9f1c0c418d428442bf028345c80f,0297a77f4d1ccc55d7a10a9b137119b1103d9a9d38a5a97ffa1d0152c818fcdd0a,735237x266x0/0,332036000
20220531.gml.geo,primary,6,6,28,0209935d1cf5328ad835d6fa0422850ac2dd1c6cafc24380a068992a3bd0fd2b34,0297a77f4d1ccc55d7a10a9b137119b1103d9a9d38a5a97ffa1d0152c818fcdd0a,682628x1604x1/0,742500000
20220531.gml.geo,primary,7,7,28,020b6124e01894ab4f0eb17362531868b94a148636accdd6d5a489ffac3c188c51,0297a77f4d1ccc55d7a10a9b137119b1103d9a9d38a5a97ffa1d0152c818fcdd0a,676694x1548x0/0,99000000
20220531.gml.geo,primary,8,8,28,020b89502397dede9af0a453e438f611209a91db26d7b5f6de26a43de5ffe6af20,0297a77f4d1ccc55d7a10a9b137119b1103d9a9d38a5a97ffa1d0152c818fcdd0a,713858x1891x0/1,247500000
20220531.gml.geo,primary,9,9,28,020c808d86adb38265193bd06b468e4bcbfa193867c66051f02f5fd9414aaa7dc7,0297a77f4d1ccc55d7a10a9b137119b1103d9a9d38a5a97ffa1d0152c818fcdd0a,676696x1953x0/1,99000000
20220531.gml.geo,primary,10,10,28,020ce3c7a4516ae35d76c49990da4f727012f20c49127fed46000c6d5dc4908a97,0297a77f4d1ccc55d7a10a9b137119b1103d9a9d38a5a97ffa1d0152c818fcdd0a,734294x2755x1/0,198000000
20220531.gml.geo,primary,11,11,28,020d01b5c15c94dc84eb3bf0402f41b073423624a2df35c88ee2cd6c8b4b29e838,0297a77f4d1ccc55d7a10a9b137119b1103d9a9d38a5a97ffa1d0152c818fcdd0a,707013x1801x1/1,990000000
20220531.gml.geo,primary,12,12,28,020dd87cbbadc793a945312c518f865989b3fe381ac2eb0f01bb8c037486f82469,0297a77f4d1ccc55d7a10a9b137119b1103d9a9d38a5a97ffa1d0152c818fcdd0a,663279x811x1/1,148500000
20220531.gml.geo,primary,13,13,28,020dd8fc221b1075c628bc049a0580e4dbb510d73d5416ea9a1334a518c467c5c3,0297a77f4d1ccc55d7a10a9b137119b1103d9a9d38a5a97ffa1d0152c818fcdd0a,690874x892x0/0,371250000
20220531.gml.geo,primary,14,14,28,020ed84b94b653a524b18b086800c101280b68164aae445ec3a538cc4b6d9e128f,0297a77f4d1ccc55d7a10a9b137119b1103d9a9d38a5a97ffa1d0152c818fcdd0a,663272x985x0/1,99000000
20220531.gml.geo,primary,15,15,28,0210dd588f6dcdc6c629d7c470ef7008352826d4def2eb0bb6302e7c8dce5c836f,0297a77f4d1ccc55d7a10a9b137119b1103d9a9d38a5a97ffa1d0152c818fcdd0a,658180x1616x0/1,99000000
20220531.gml.geo,primary,16,16,28,02115a88404ded6c0ffd47de303f5181e2789baba978545617b5ba60744e545004,0297a77f4d1ccc55d7a10a9b137119b1103d9a9d38a5a97ffa1d0152c818fcdd0a,713423x1845x0/0,99000000
20220531.gml.geo,primary,17,17,28,0212864d59d5a902634c4a3186615446e9d56c17b14600f3b74fbabe3509aa707f,0297a77f4d1ccc55d7a10a9b137119b1103d9a9d38a5a97ffa1d0152c818fcdd0a,686364x74x1/1,1237500000
20220531.gml.geo,primary,18,18,28,02130bc1e08d541f64b7283e2401a7a16699f185129e0f1ad605dcb1a2803113ba,0297a77f4d1ccc55d7a10a9b137119b1103d9a9d38a5a97ffa1d0152c818fcdd0a,663170x405x0/0,99000000
20220531.gml.geo,primary,19,19,28,0213355124da5fb0055ce80dd951a60c8470078817c51b3733f0066b593574bf05,0297a77f4d1ccc55d7a10a9b137119b1103d9a9d38a5a97ffa1d0152c818fcdd0a,657082x1160x1/0,99000000
20220531.gml.geo,primary,20,20,28,0213836acf6b81fa1a7005c7d868d316970c0f8356d21309e13fc03561a4248300,0297a77f4d1ccc55d7a10a9b137119b1103d9a9d38a5a97ffa1d0152c818fcdd0a,731944x583x1/0,99000000
20220531.gml.geo,primary,21,21,28,0213fb33f367be75c7b7869ee744b7ee9460fff715ebd286a74ebc45c661406d23,0297a77f4d1ccc55d7a10a9b137119b1103d9a9d38a5a97ffa1d0152c818fcdd0a,661210x1725x0/0,99000000
20220531.gml.geo,primary,22,22,28,0214073a35d4a87440e9f44428e4203c7b334638cb967eddda6448a9071f7d826f,0297a77f4d1ccc55d7a10a9b137119b1103d9a9d38a5a97ffa1d0152c818fcdd0a,659023x952x1/0,99000000
20220531.gml.geo,primary,23,23,28,0215292ba94ca0aee6413fbb3655a170178c1208eeeaed5c73806f44dded512394,0297a77f4d1ccc55d7a10a9b137119b1103d9a9d38a5a97ffa1d0152c818fcdd0a,651472x838x1/1,396000000
20220531.gml.geo,primary,24,24,28,02157b2e0f7b26945a13da859bd218c2af2d16c82eceac956722dfeccdfcc24a98,0297a77f4d1ccc55d7a10a9b137119b1103d9a9d38a5a97ffa1d0152c818fcdd0a,715286x710x1/1,495000000
20220531.gml.geo,primary,25,25,28,02159952697e25d8c7d50c0b68f110a90813a752bfc4ed423c7cfeb6634b7b4d29,0297a77f4d1ccc55d7a10a9b137119b1103d9a9d38a5a97ffa1d0152c818fcdd0a,652169x1170x0/0,99000000
20220531.gml.geo,primary,26,26,28,0217664407a42f66eda9f01ecc77a37e7105213eeb234647ab38f3821190dd8490,0297a77f4d1ccc55d7a10a9b137119b1103d9a9d38a5a97ffa1d0152c818fcdd0a,718540x2060x1/0,900306000
20220531.gml.geo,primary,27,27,28,0217a75ccc5fa0b0d56c3de5a90a13c1c62fe56aaf3d55c982ff79381268b3cdaa,0297a77f4d1ccc55d7a10a9b137119b1103d9a9d38a5a97ffa1d0152c818fcdd0a,732817x1027x0/0,1723011000
20220531.gml.geo,primary,28,28,30,0297a77f4d1ccc55d7a10a9b137119b1103d9a9d38a5a97ffa1d0152c818fcdd0a,03ca79960a5c68eda7a375da8233353f4c893e102141f20be0d3db5f24227d7a2f,644361x1251x0/1,99000000
20220531.gml.geo,primary,29,29,30,02f0d15e7809f574c69ff047d1edbbd4685224f53e9103179b8f031574bc1fe6f3,03ca79960a5c68eda7a375da8233353f4c893e102141f20be0d3db5f24227d7a2f,672533x1389x1/0,247500000
20220531.gml.geo,hub,0,0,5,020016201d389a44840f1f33be29288952f67c8ef6b3f98726fda180b4185ca6e2,0200cf174ef5c6abbdd2f8ab87d1628c83a99a309266465e9c7cde14fb6d5882a9,702292x192x0/0,990000000
20220531.gml.geo,hub,1,0,30,020016201d389a44840f1f33be29288952f67c8ef6b3f98726fda180b4185ca6e2,03864ef025fde8fb587d989186ce6a4a186895ee44a926bfc370e2c366597a3f8f,700233x1503x1/0,1000000000
20220531.gml.geo,hub,2,1,30,02005a505c16ab5321e73f1efbd0fc74e2cccda04e67fda3a036438c6372b3c918,03864ef025fde8fb587d989186ce6a4a186895ee44a926bfc370e2c366597a3f8f,692156x1925x1/0,500000000
20220531.gml.geo,hub,3,2,30,02005d8bb944a7a3369e66369ecf456cc53fcaa2c141dba404170580432cf4ff79,03864ef025fde8fb587d989186ce6a4a186895ee44a926bfc370e2c366597a3f8f,738317x1703x0/0,500000000
20220531.gml.geo,hub,4,3,30,02006a7dc99e2db1e73baf8da79646034412b9770ffc7536ce75c71e91b923f59a,03864ef025fde8fb587d989186ce6a4a186895ee44a926bfc370e2c366597a3f8f,701286x1629x1/0,2000000000
20220531.gml.geo,hub,5,4,30,0200b122dd16817e0addbf8f81299e6488c42e47bd13bf935f245edcb26568c6c3,03864ef025fde8fb587d989186ce6a4a186895ee44a926bfc370e2c366597a3f8f,696999x1150x1/0,700000000
20220531.gml.geo,hub,6,5,8,0200cf174ef5c6abbdd2f8ab87d1628c83a99a309266465e9c7cde14fb6d5882a9,020111074bd304e17a1cc74e1f4b76d64b1764895ae3a26ad3ab2c4fd0f63cdc35,729818x1519x1/1,2970000000
20220531.gml.geo,hub,7,5,13,0200cf174ef5c6abbdd2f8ab87d1628c83a99a309266465e9c7cde14fb6d5882a9,0201c7d931c2d41fabbf92000db705cffff35fcca3a6a18576a293a1fed3fb5c65,709349x225x0/1,4950000000
20220531.gml.geo,hub,8,5,20,0200cf174ef5c6abbdd2f8ab87d1628c83a99a309266465e9c7cde14fb6d5882a9,0202e7727ee46d943a44c7bf0dce14220a839630dee67d03446bf935178b55a0df,702067x1739x1/0,3960000000
20220531.gml.geo,hub,9,5,30,0200cf174ef5c6abbdd2f8ab87d1628c83a99a309266465e9c7cde14fb6d5882a9,03864ef025fde8fb587d989186ce6a4a186895ee44a926bfc370e2c366597a3f8f,701747x2301x0/0,4000000000
20220531.gml.geo,hub,10,6,30,0200da31ae309a42f955de9383c150a4167246bb22d5380898cd70aecc59136c50,03864ef025fde8fb587d989186ce6a4a186895ee44a926bfc370e2c366597a3f8f,601978x1729x0/0,1499800000
20220531.gml.geo,hub,11,7,30,0200e5a6afd0cca4383b67a7ed18fc0af24b80f475295d683ee58d7fb00e8d9b13,03864ef025fde8fb587d989186ce6a4a186895ee44a926bfc370e2c366597a3f8f,689404x2086x1/0,1500000000
20220531.gml.geo,hub,12,8,30,020111074bd304e17a1cc74e1f4b76d64b1764895ae3a26ad3ab2c4fd0f63cdc35,03864ef025fde8fb587d989186ce6a4a186895ee44a926bfc370e2c366597a3f8f,706210x1964x0/0,10000000000
20220531.gml.geo,hub,13,9,30,0201443a430b135e5f159afb447d9254c7b373c9fd43f69f9468c9162ab481f510,03864ef025fde8fb587d989186ce6a4a186895ee44a926bfc370e2c366597a3f8f,731040x433x0/0,2000000000
20220531.gml.geo,hub,14,10,30,020181e74c5c80bbb4b47f58e1e1012013a199989f61597d6fc5b4e386df79d3ce,03864ef025fde8fb587d989186ce6a4a186895ee44a926bfc370e2c366597a3f8f,704441x865x1/0,2000000000
20220531.gml.geo,hub,15,11,30,0201aac627cd9bd20fde0408a0571fe906904848e60e9b5790f64e5190c110176e,03864ef025fde8fb587d989186ce6a4a186895ee44a926bfc370e2c366597a3f8f,701922x296x1/0,3000000000
20220531.gml.geo,hub,16,12,20,0201af659a3986832bb5bf2493c537cee9f7d62a7bff5d0a68176c1d60df931cf7,0202e7727ee46d943a44c7bf0dce14220a839630dee67d03446bf935178b55a0df,708542x2265x0/0,594000000
20220531.gml.geo,hub,17,12,30,0201af659a3986832bb5bf2493c537cee9f7d62a7bff5d0a68176c1d60df931cf7,03864ef025fde8fb587d989186ce6a4a186895ee44a926bfc370e2c366597a3f8f,707163x1904x0/0,99000000
20220531.gml.geo,hub,18,13,30,0201c7d931c2d41fabbf92000db705cffff35fcca3a6a18576a293a1fed3fb5c65,03864ef025fde8fb587d989186ce6a4a186895ee44a926bfc370e2c366597a3f8f,707580x531x0/0,2000000000
20220531.gml.geo,hub,19,14,30,0201dd8a0e2b0bba7b39314b1cb515b789b56861fce45b0a278bdccf43415294e7,03864ef025fde8fb587d989186ce6a4a186895ee44a926bfc370e2c366597a3f8f,705652x215x0/0,10000000000
20220531.gml.geo,hub,20,15,30,0201de34693d639e341391c882535e039627605ea14f8be912f55c0e36772ec1f3,03864ef025fde8fb587d989186ce6a4a186895ee44a926bfc370e2c366597a3f8f,697267x1992x0/0,3000000000
20220531.gml.geo,hub,21,16,30,020200298c7dfed25f31fb85a1ef20b6ea7be4780d8b84bffca6589cce52e98c1c,03864ef025fde8fb587d989186ce6a4a186895ee44a926bfc370e2c366597a3f8f,687634x1479x1/0,3000000000
20220531.gml.geo,hub,22,17,30,020284ccf92bfded620df993909e1ef55282725adcde48dc20bb3754b004427037,03864ef025fde8fb587d989186ce6a4a186895ee44a926bfc370e2c366597a3f8f,727189x1643x1/0,500000000
20220531.gml.geo,hub,23,18,30,020296a52fcc2ac3d48c420cd073638deb1a57f0175097e8defe12b12a66ff0f79,03864ef025fde8fb587d989186ce6a4a186895ee44a926bfc370e2c366597a3f8f,674301x727x0/0,1000000000
20220531.gml.geo,hub,24,19,30,0202b72d9ddbaf4b512446b4914c1662b67bfa38080916180c9b35d9dcf2950f6d,03864ef025fde8fb587d989186ce6a4a186895ee44a926bfc370e2c366597a3f8f,705972x924x0/0,500000000
20220531.gml.geo,hub,25,20,26,0202e7727ee46d943a44c7bf0dce14220a839630dee67d03446bf935178b55a0df,0203e5b16ebe87b089f22e18752f1f7a66a1bdf77879df8d1c9e8d912dbfb9beb4,720338x1752x1/1,9461430000
20220531.gml.geo,hub,26,20,30,0202e7727ee46d943a44c7bf0dce14220a839630dee67d03446bf935178b55a0df,03864ef025fde8fb587d989186ce6a4a186895ee44a926bfc370e2c366597a3f8f,701585x587x0/0,20000000000
20220531.gml.geo,hub,27,21,30,02032afeaa3248b3131ea9c132aaae44f1c46e2dda20743030afce21a8679f6ae9,03864ef025fde8fb587d989186ce6a4a186895ee44a926bfc370e2c366597a3f8f,711226x340x0/1,500000000
20220531.gml.geo,hub,28,22,30,0203af58678967b0beeb0ed4ac6910bf26bc8b6121486754161df49a971337a7fb,03864ef025fde8fb587d989186ce6a4a186895ee44a926bfc370e2c366597a3f8f,713674x780x1/0,6000000000
20220531.gml.geo,hub,29,23,30,0203af818b15ab7f3853c3c66ac4dd7ab3a4e25d89e58899ef08859e02f63dc4b5,03864ef025fde8fb587d989186ce6a4a186895ee44a926bfc370e2c366597a3f8f,710351x1228x0/0,4000000000
20220531.gml.geo,hub,30,24,30,0203b5b0de483b8d0ac92737ea8d266f66221c141423274252552b9f8463aae4b0,03864ef025fde8fb587d989186ce6a4a186895ee44a926bfc370e2c366597a3f8f,731021x1562x1/0,2000000000
20220531.gml.geo,hub,31,25,30,0203bb82348f99eebe9471686366fe642f6a84b4b2db79f605a86c7b89df8f74d5,03864ef025fde8fb587d989186ce6a4a186895ee44a926bfc370e2c366597a3f8f,677572x677x0/0,1000000000
20220531.gml.geo,hub,32,26,30,0203e5b16ebe87b089f22e18752f1f7a66a1bdf77879df8d1c9e8d912dbfb9beb4,03864ef025fde8fb587d989186ce6a4a186895ee44a926bfc370e2c366597a3f8f,738047x492x16/0,9405000000
20220531.gml.geo,hub,33,27,30,0203f3e0fdaa52ca5c804d145b6a47e5a620c02123106578230061deb212e720bd,03864ef025fde8fb587d989186ce6a4a186895ee44a926bfc370e2c366597a3f8f,718368x175x1/0,3000000000
20220531.gml.geo,hub,34,28,30,0204118e61e0cc0fd52cad70d133771943adaf77b8c4ccbb2732ac501e31f9a021,03864ef025fde8fb587d989186ce6a4a186895ee44a926bfc370e2c366597a3f8f,706515x322x1/0,500000000
20220531.gml.geo,hub,35,29,30,02045f289f0de16b275e925aff584bc6c626dddc0f29e15b367d68a35de445d98b,03864ef025fde8fb587d989186ce6a4a186895ee44a926bfc370e2c366597a3f8f,677633x1638x0/0,1000000000
20230716.gml.geo,primary,0,0,30,020181f8e09b92f94e1d27b75aa21dadd6a0460fbb602e432b9ad016fc25857216,03c8dfbf829eaeb0b6dab099d87fdf7f8faceb0c1b935cd243e8c1fb5af71361cf,681616x290x0/0,89100000
20230716.gml.geo,primary,1,1,30,0203cf65531719c961986302535d1b9b3594b9eda27de7a9caba163f644a434b41,03c8dfbf829eaeb0b6dab099d87fdf7f8faceb0c1b935cd243e8c1fb5af71361cf,697457x1512x0/1,49500000
20230716.gml.geo,primary,2,2,30,020439fefa80100a7d89cefb7c5067ca5ead869707d33a3763f226fb2dafc06e12,03c8dfbf829eaeb0b6dab099d87fdf7f8faceb0c1b935cd243e8c1fb5af71361cf,680900x1394x1/1,99000000
20230716.gml.geo,primary,3,3,30,0204ea5f78a543de7ac40c91537504fb682f1870d88e642e49fafa093eba206d4e,03c8dfbf829eaeb0b6dab099d87fdf7f8faceb0c1b935cd243e8c1fb5af71361cf,696097x1368x0/1,99000000
20230716.gml.geo,primary,4,4,30,0204f6d4b5f4ffc8d6fae54e6ce934bc799579a281877130bfd6d6ee672b654998,03c8dfbf829eaeb0b6dab099d87fdf7f8faceb0c1b935cd243e8c1fb5af71361cf,785568x1855x1/0,99000000
20230716.gml.geo,primary,5,5,30,02063e9cd1e6c8bc20b4391785e13fdcfc81b786649995f85ece3324216d9c42fc,03c8dfbf829eaeb0b6dab099d87fdf7f8faceb0c1b935cd243e8c1fb5af71361cf,689696x567x1/0,99000000
20230716.gml.geo,primary,6,6,30,0206e74aed257451f07cc1f40b7ace15f3a554bb2fc51eef36b679d325bed4d391,03c8dfbf829eaeb0b6dab099d87fdf7f8faceb0c1b935cd243e8c1fb5af71361cf,725890x1933x0/1,99000000
20230716.gml.geo,primary,7,7,30,0207475247b0cf3acb50070bc5912406e787b400b445ddf98ce55616ea16e0dee3,03c8dfbf829eaeb0b6dab099d87fdf7f8faceb0c1b935cd243e8c1fb5af71361cf,699982x1932x0/1,34650000
20230716.gml.geo,primary,8,8,30,020806c060336147486d2555eddc2d881899186a6fd8ecfd296c998c7b9e3b5631,03c8dfbf829eaeb0b6dab099d87fdf7f8faceb0c1b935cd243e8c1fb5af71361cf,702405x725x0/1,99000000
20230716.gml.geo,primary,9,9,30,020b89502397dede9af0a453e438f611209a91db26d7b5f6de26a43de5ffe6af20,03c8dfbf829eaeb0b6dab099d87fdf7f8faceb0c1b935cd243e8c1fb5af71361cf,714003x2353x1/1,99000000
20230716.gml.geo,primary,10,10,30,020c2c8813173fd64f0a7d93a62c56ba2bf500f8609e4030bb37523ecaa20e7ac7,03c8dfbf829eaeb0b6dab099d87fdf7f8faceb0c1b935cd243e8c1fb5af71361cf,748735x2878x0/0,247500000
20230716.gml.geo,primary,11,11,30,020d01b5c15c94dc84eb3bf0402f41b073423624a2df35c88ee2cd6c8b4b29e838,03c8dfbf829eaeb0b6dab099d87fdf7f8faceb0c1b935cd243e8c1fb5af71361cf,690223x1589x0/1,495000000
20230716.gml.geo,primary,12,12,30,020d08c8151aeef5fc1116e414fe33f939e48b17bfe82f5fe2578c3c18e4c771ab,03c8dfbf829eaeb0b6dab099d87fdf7f8faceb0c1b935cd243e8c1fb5af71361cf,682856x1737x1/0,89100000
20230716.gml.geo,primary,13,13,30,020dd8fc221b1075c628bc049a0580e4dbb510d73d5416ea9a1334a518c467c5c3,03c8dfbf829eaeb0b6dab099d87fdf7f8faceb0c1b935cd243e8c1fb5af71361cf,689335x2760x0/1,495000000
20230716.gml.geo,primary,14,14,30,020ec9d5bfbeef8ffb2754d763568fd7ed1bc32b41a55fe25915d4024759592b8e,03c8dfbf829eaeb0b6dab099d87fdf7f8faceb0c1b935cd243e8c1fb5af71361cf,696101x560x0/1,99000000
20230716.gml.geo,primary,15,15,30,0213291558f8001f3424fb4d766c40894b953d5b997f11db640f6c44e6b2b46f2f,03c8dfbf829eaeb0b6dab099d87fdf7f8faceb0c1b935cd243e8c1fb5af71361cf,712338x949x0/1,99000000
20230716.gml.geo,primary,16,16,30,0213ff3cc55dc06e580049ee4830f645a271e4a1d5fc14710e1a6bbb16fb290718,03c8dfbf829eaeb0b6dab099d87fdf7f8faceb0c1b935cd243e8c1fb5af71361cf,682963x1817x0/1,99000000
20230716.gml.geo,primary,17,17,30,02159952697e25d8c7d50c0b68f110a90813a752bfc4ed423c7cfeb6634b7b4d29,03c8dfbf829eaeb0b6dab099d87fdf7f8faceb0c1b935cd243e8c1fb5af71361cf,732210x939x0/1,495000000
20230716.gml.geo,primary,18,18,30,0215c0166d5d325f5e8fa7ef8a18844942b2b20ec18bec40088f95beffab9e416c,03c8dfbf829eaeb0b6dab099d87fdf7f8faceb0c1b935cd243e8c1fb5af71361cf,711985x1535x0/0,148500000
20230716.gml.geo,primary,19,19,30,021607cfce19a4c5e7e6e738663dfafbbbac262e4ff76c2c9b30dbeefc35c00643,03c8dfbf829eaeb0b6dab099d87fdf7f8faceb0c1b935cd243e8c1fb5af71361cf,663526x1135x0/1,2871000000
20230716.gml.geo,primary,20,20,30,0216b3820d52d96c6ea3f2a39ffbc0fe7e9d4f4d446b76e757b830af636edeba01,03c8dfbf829eaeb0b6dab099d87fdf7f8faceb0c1b935cd243e8c1fb5af71361cf,681616x305x1/0,89100000
20230716.gml.geo,primary,21,21,30,0217664407a42f66eda9f01ecc77a37e7105213eeb234647ab38f3821190dd8490,03c8dfbf829eaeb0b6dab099d87fdf7f8faceb0c1b935cd243e8c1fb5af71361cf,718208x2766x1/0,618750000
20230716.gml.geo,primary,22,22,30,0217a75ccc5fa0b0d56c3de5a90a13c1c62fe56aaf3d55c982ff79381268b3cdaa,03c8dfbf829eaeb0b6dab099d87fdf7f8faceb0c1b935cd243e8c1fb5af71361cf,732729x1248x0/0,1345470000
20230716.gml.geo,primary,23,23,30,021970afdbcdd5e5ef4b3755dfb8d485c4bac94ee380d4ce457e06fdfae4b0c846,03c8dfbf829eaeb0b6dab099d87fdf7f8faceb0c1b935cd243e8c1fb5af71361cf,663138x790x0/0,69300000
20230716.gml.geo,primary,24,24,30,021bfec51e3576e401646f88e0d6fc134a7192f0c9d70e38473c420572973b6d7b,03c8dfbf829eaeb0b6dab099d87fdf7f8faceb0c1b935cd243e8c1fb5af71361cf,678806x1073x1/0,99000000
20230716.gml.geo,primary,25,25,30,021c67571cad0c6576a10a10fefad0fb1365edbdb9cd2e2928359df05f92fd7f23,03c8dfbf829eaeb0b6dab099d87fdf7f8faceb0c1b935cd243e8c1fb5af71361cf,683691x1012x0/1,49500000
20230716.gml.geo,primary,26,26,30,021db9d61b5aa5a8469c77931a32a14e08449726f7af867ee6e815ca1801acd90c,03c8dfbf829eaeb0b6dab099d87fdf7f8faceb0c1b935cd243e8c1fb5af71361cf,705943x297x0/1,99000000
20230716.gml.geo,primary,27,27,30,021e74b707ca61dafbc6c7eacfa5c1a9b8337889a1df2f00257c903d7674e57635,03c8dfbf829eaeb0b6dab099d87fdf7f8faceb0c1b935cd243e8c1fb5af71361cf,663146x265x0/0,69300000
20230716.gml.geo,primary,28,28,30,021eca10105c39143698a8735c17afd3f665f8f98461fc8f95f72fafc0c354efb9,03c8dfbf829eaeb0b6dab099d87fdf7f8faceb0c1b935cd243e8c1fb5af71361cf,705934x772x1/1,99000000
20230716.gml.geo,primary,29,29,30,0281ebab6286053456f29e2003bcc31e67e05829f595a5059d3be42289e2d2812f,03c8dfbf829eaeb0b6dab099d87fdf7f8faceb0c1b935cd243e8c1fb5af71361cf,677179x296x0/1,99000000
20230716.gml.geo,hub,0,0,30,020016201d389a44840f1f33be29288952f67c8ef6b3f98726fda180b4185ca6e2,03864ef025fde8fb587d989186ce6a4a186895ee44a926bfc370e2c366597a3f8f,700233x1503x1/0,1000000000
20230716.gml.geo,hub,1,1,30,02003e11a6b742fe6341b48b8a1f365012aecd49c367817bbb28bd00399904b74b,03864ef025fde8fb587d989186ce6a4a186895ee44a926bfc370e2c366597a3f8f,744552x1717x1/0,1500000000
20230716.gml.geo,hub,2,2,30,0200d990697ccf274607b46d23a95dddf94c96ae78f4fd6f36d9a331b938d3d6ec,03864ef025fde8fb587d989186ce6a4a186895ee44a926bfc370e2c366597a3f8f,794889x90x0/0,450000000
20230716.gml.geo,hub,3,3,30,0200da31ae309a42f955de9383c150a4167246bb22d5380898cd70aecc59136c50,03864ef025fde8fb587d989186ce6a4a186895ee44a926bfc370e2c366597a3f8f,601978x1729x0/0,1499800000
20230716.gml.geo,hub,4,4,30,020100797aaa4c069bfe4e7c8803264d7badda7bd372b17eaa67fb7de6db0c25d6,03864ef025fde8fb587d989186ce6a4a186895ee44a926bfc370e2c366597a3f8f,780335x2262x1/0,1000000000
20230716.gml.geo,hub,5,5,30,020111074bd304e17a1cc74e1f4b76d64b1764895ae3a26ad3ab2c4fd0f63cdc35,03864ef025fde8fb587d989186ce6a4a186895ee44a926bfc370e2c366597a3f8f,706210x1964x0/0,10000000000
20230716.gml.geo,hub,6,6,30,02017f01f646318be8707ebf07b1f38bd89577f1654102057b824f91c70f75f9b8,03864ef025fde8fb587d989186ce6a4a186895ee44a926bfc370e2c366597a3f8f,779236x728x1/0,1000000000
20230716.gml.geo,hub,7,7,30,0201af659a3986832bb5bf2493c537cee9f7d62a7bff5d0a68176c1d60df931cf7,03864ef025fde8fb587d989186ce6a4a186895ee44a926bfc370e2c366597a3f8f,761684x2230x3/0,7500000000
20230716.gml.geo,hub,8,8,30,0201b12f463c025e3790ea8cdd3d0975832a2f513fc1d4c888de31e263d76c9cb1,03864ef025fde8fb587d989186ce6a4a186895ee44a926bfc370e2c366597a3f8f,780945x1776x0/0,500000000
20230716.gml.geo,hub,9,9,30,0201bfc5d9c14d50ebaf4dfd83d70df314ed2a9f0119f28619f3f000a1079ef580,03864ef025fde8fb587d989186ce6a4a186895ee44a926bfc370e2c366597a3f8f,783721x1476x0/0,3000000000
20230716.gml.geo,hub,10,10,30,0201dd8a0e2b0bba7b39314b1cb515b789b56861fce45b0a278bdccf43415294e7,03864ef025fde8fb587d989186ce6a4a186895ee44a926bfc370e2c366597a3f8f,705652x215x0/0,10000000000
20230716.gml.geo,hub,11,11,30,0201de34693d639e341391c882535e039627605ea14f8be912f55c0e36772ec1f3,03864ef025fde8fb587d989186ce6a4a186895ee44a926bfc370e2c366597a3f8f,697267x1992x0/0,3000000000
20230716.gml.geo,hub,12,12,30,020202f7e7664e038fe098674de355c8a6313bbe51961922fde0ebc897266300fb,03864ef025fde8fb587d989186ce6a4a186895ee44a926bfc370e2c366597a3f8f,777916x1088x1/0,500000000
20230716.gml.geo,hub,13,13,30,0202cb8bd84def2572449b28f6dffbffb16b4ecbe00c32d4c02a6e9b13822e71d7,03864ef025fde8fb587d989186ce6a4a186895ee44a926bfc370e2c366597a3f8f,772734x2710x1/0,500000000
20230716.gml.geo,hub,14,14,30,0202d9f3575d6b788235dc617262ee3bb2d4c3c740adae6e98016bc1396e1a279f,03864ef025fde8fb587d989186ce6a4a186895ee44a926bfc370e2c366597a3f8f,775839x1445x1/0,3000000000
20230716.gml.geo,hub,15,15,20,0202e7727ee46d943a44c7bf0dce14220a839630dee67d03446bf935178b55a0df,0203e5b16ebe87b089f22e18752f1f7a66a1bdf77879df8d1c9e8d912dbfb9beb4,748165x1229x1/1,19602000000
20230716.gml.geo,hub,16,15,30,0202e7727ee46d943a44c7bf0dce14220a839630dee67d03446bf935178b55a0df,03864ef025fde8fb587d989186ce6a4a186895ee44a926bfc370e2c366597a3f8f,701585x587x0/0,20000000000
20230716.gml.geo,hub,17,16,30,0203a983d267ad02c84dc8e6c863512b5954f08b220eca62409cfe7df03c015419,03864ef025fde8fb587d989186ce6a4a186895ee44a926bfc370e2c366597a3f8f,753237x537x1/0,425000000
20230716.gml.geo,hub,18,17,30,0203bb82348f99eebe9471686366fe642f6a84b4b2db79f605a86c7b89df8f74d5,03864ef025fde8fb587d989186ce6a4a186895ee44a926bfc370e2c366597a3f8f,677572x677x0/0,1000000000
20230716.gml.geo,hub,19,18,30,0203bd7e0e369ee76635373adb43afaa03553c727f22478bd3814540724879b231,03864ef025fde8fb587d989186ce6a4a186895ee44a926bfc370e2c366597a3f8f,757168x1780x0/0,1000000000
20230716.gml.geo,hub,20,19,30,0203cc3f99c736d6b21f269bc23ffa40bf7e195fd3f7e13bade84b44408a009b60,03864ef025fde8fb587d989186ce6a4a186895ee44a926bfc370e2c366597a3f8f,773134x1872x0/0,400000000
20230716.gml.geo,hub,21,20,30,0203e5b16ebe87b089f22e18752f1f7a66a1bdf77879df8d1c9e8d912dbfb9beb4,03864ef025fde8fb587d989186ce6a4a186895ee44a926bfc370e2c366597a3f8f,744509x1916x0/0,19602000000
20230716.gml.geo,hub,22,21,30,02045f289f0de16b275e925aff584bc6c626dddc0f29e15b367d68a35de445d98b,03864ef025fde8fb587d989186ce6a4a186895ee44a926bfc370e2c366597a3f8f,795778x897x1/0,4500000000
20230716.gml.geo,hub,23,22,30,0204cc3a3d612ef9aece3426291fd3fc758cd87c164aedda8e2bb92dabf728642b,03864ef025fde8fb587d989186ce6a4a186895ee44a926bfc370e2c366597a3f8f,791112x509x0/0,500000000
20230716.gml.geo,hub,24,23,30,020556f350ee34c324591ff4c38aa8201e5dd5ce787be5c0844dcc2248e1e0fb6c,03864ef025fde8fb587d989186ce6a4a186895ee44a926bfc370e2c366597a3f8f,691924x1149x1/0,1000000000
20230716.gml.geo,hub,25,24,30,02057240f617091dedd1bce0da761eeaf1809ad9e131771cf1f34858955e2a304f,03864ef025fde8fb587d989186ce6a4a186895ee44a926bfc370e2c366597a3f8f,751361x1416x0/0,10000000000
20230716.gml.geo,hub,26,25,30,0205d359cfd8dad7e3dc10a21215457da54a9cc47ee01aa83dd2284fcdaada83e3,03864ef025fde8fb587d989186ce6a4a186895ee44a926bfc370e2c366597a3f8f,687352x408x0/0,1000000000
20230716.gml.geo,hub,27,26,30,02063e9cd1e6c8bc20b4391785e13fdcfc81b786649995f85ece3324216d9c42fc,03864ef025fde8fb587d989186ce6a4a186895ee44a926bfc370e2c366597a3f8f,687596x3049x1/0,800000000
20230716.gml.geo,hub,28,27,30,02063fec62479bdf7d43f046056303e48f5029108111ade42aef41c622a6245d52,03864ef025fde8fb587d989186ce6a4a186895ee44a926bfc370e2c366597a3f8f,777078x393x1/0,2475000000
20230716.gml.geo,hub,29,28,30,0206722d0f786ae2bf4779675b5b7d91ae334fc59992f98528f30a83b91e3c8b8f,03864ef025fde8fb587d989186ce6a4a186895ee44a926bfc370e2c366597a3f8f,738698x2593x1/0,8900000000
20230716.gml.geo,hub,30,29,30,02069f270b69c81e9a3df61072ce6213583c7aa4824ae4ed22d4f169194a5cd8ed,03864ef025fde8fb587d989186ce6a4a186895ee44a926bfc370e2c366597a3f8f,767924x2307x1/0,400000000
