panel,k,N,p_bias,mc_mean,formula_mean
N=14,3,14,0.325,31.065666666666665,31.11034674473987
N=14,4,14,0.325,41.34316666666667,40.87816557396919
N=14,5,14,0.325,51.94433333333333,51.354428685670236
N=14,6,14,0.325,62.0265,61.854946659286234
N=14,7,14,0.325,71.92,72.35290562186688
N=14,8,14,0.325,82.84016666666666,82.83240349251699
N=14,9,14,0.325,93.19216666666667,93.28441420639714
N=14,10,14,0.325,103.64716666666666,103.7037037037037
N=14,11,14,0.325,112.83616666666667,114.07407407407406
N=14,12,14,0.325,123.57566666666666,124.43942611177812
N=14,13,14,0.325,134.39066666666668,134.75450478726594
N=14,14,14,0.325,144.63666666666666,145.03532661310248
N=14,15,14,0.325,154.30433333333335,155.28285942665732
N=14,16,14,0.325,165.02566666666667,165.49817554679157
N=14,17,14,0.325,174.21916666666667,175.68236086538283
N=14,18,14,0.325,186.671,185.8364612815073
N=14,19,14,0.325,194.54583333333332,195.9614526255519
N=14,20,14,0.325,203.4445,206.05822531094742
N=14,21,14,0.325,215.23366666666666,216.12757814037124
N=14,22,14,0.325,223.26633333333334,226.17021770814347
N=14,23,14,0.325,234.9025,236.18676112346665
N=14,24,14,0.325,244.72366666666667,246.17774060161037
N=14,25,14,0.325,252.77866666666668,256.1436090003091
N=14,26,14,0.325,265.0755,266.0847457217483
N=14,27,14,0.325,273.33566666666667,276.0014626230197
N=14,28,14,0.325,282.1263333333333,285.8940097221691
N=14,29,14,0.325,293.35783333333336,295.7625805801624
N=14,30,14,0.325,303.6166666666667,305.6073172988704
N=14,31,14,0.325,315.39433333333335,315.42831511301364
N=14,32,14,0.325,323.4255,325.2256265774558
N=14,33,14,0.325,331.0908333333333,334.99926536522497
N=14,34,14,0.325,343.0043333333333,344.7492096995082
N=14,35,14,0.325,353.13033333333334,354.47540544672466
N=14,36,14,0.325,362.7928333333333,364.1777688991446
N=14,37,14,0.325,371.21633333333335,373.85618927527486
N=14,38,14,0.325,380.3566666666667,383.51053096507826
N=14,39,14,0.325,389.03516666666667,393.14063554539246
N=14,40,14,0.325,399.6645,402.74632358897054
N=14,41,14,0.325,411.5341666666667,412.3273962885331
N=14,42,14,0.325,420.34633333333335,421.88363691522244
N=14,43,14,0.325,427.3615,431.41481212892575
N=14,44,14,0.325,442.14216666666664,440.9206731561585
N=14,45,14,0.325,448.19666666666666,450.4009568495366
N=14,46,14,0.325,458.5953333333333,459.8553866413766
N=14,47,14,0.325,468.73333333333335,469.2836734026018
N=14,48,14,0.325,475.65483333333333,478.6855162169184
N=14,49,14,0.325,483.92083333333335,488.06060307912804
N=14,50,14,0.325,493.6383333333333,497.4086115254782
N=14,3,14,0.94,175.299,176.69865229366297
N=14,4,14,0.94,194.69933333333333,196.50962129169505
N=14,5,14,0.94,213.0445,216.032356692305
N=14,6,14,0.94,229.9415,233.93972830642855
N=14,7,14,0.94,250.6085,250.8842097921896
N=14,8,14,0.94,264.14416666666665,267.19447602302006
N=14,9,14,0.94,281.6188333333333,283.0520964184485
N=14,10,14,0.94,297.60266666666666,298.5649425047859
N=14,11,14,0.94,316.937,313.8009651332246
N=14,12,14,0.94,330.69266666666664,328.8050721888689
N=14,13,14,0.94,343.1431666666667,343.6081523481283
N=14,14,14,0.94,360.32966666666664,358.23217968146105
N=14,15,14,0.94,374.236,372.6932423472493
N=14,16,14,0.94,387.74316666666664,387.00341450553526
N=14,17,14,0.94,402.4338333333333,401.17195488618967
N=14,18,14,0.94,419.2485,415.2060982706562
N=14,19,14,0.94,433.32166666666666,429.11159254415503
N=14,20,14,0.94,445.4393333333333,442.8930719902625
N=14,21,14,0.94,457.44866666666667,456.55432239644654
N=14,22,14,0.94,472.0085,470.098472991015
N=14,23,14,0.94,484.578,483.5281378427439
N=14,24,14,0.94,500.293,496.84552168309875
N=14,25,14,0.94,508.9146666666667,510.052500245151
N=14,26,14,0.94,527.7526666666666,523.15068205871
N=14,27,14,0.94,532.5826666666667,536.1414565548046
N=14,28,14,0.94,543.1785,549.0260319272423
N=14,29,14,0.94,561.827,561.8054652362454
N=14,30,14,0.94,573.0996666666666,574.4806865693419
N=14,31,14,0.94,588.6721666666666,587.0525186019303
N=14,32,14,0.94,604.6078333333334,599.5216925617847
N=14,33,14,0.94,616.0576666666667,611.8888613568713
N=14,34,14,0.94,628.4938333333333,624.1546104464405
N=14,35,14,0.94,635.9826666666667,636.3194669024898
N=14,36,14,0.94,645.5185,648.3839070092911
N=14,37,14,0.94,658.741,660.3483626736087
N=14,38,14,0.94,674.8048333333334,672.2132268610258
N=14,39,14,0.94,685.7135,683.9788582298436
N=14,40,14,0.94,695.7276666666667,695.6455850999565
N=14,41,14,0.94,709.5553333333334,707.2137088675529
N=14,42,14,0.94,723.1721666666666,718.683506955591
N=14,43,14,0.94,731.9966666666667,730.055235373489
N=14,44,14,0.94,741.0791666666667,741.3291309462996
N=14,45,14,0.94,756.401,752.505413263113
N=14,46,14,0.94,767.9045,763.5842863859274
N=14,47,14,0.94,781.146,774.5659403533504
N=14,48,14,0.94,788.3708333333333,785.4505525078999
N=14,49,14,0.94,796.3473333333334,796.2382886710697
N=14,50,14,0.94,810.221,806.9293041865749
N=14,3,14,1.0,196.29201666666665,196.0
N=14,4,14,1.0,208.23416666666665,209.20586260090778
N=14,5,14,1.0,224.27996666666667,225.5370005415008
N=14,6,14,1.0,240.0105,241.50034454331396
N=14,7,14,1.0,254.78966666666668,257.18088756127736
N=14,8,14,1.0,274.08433333333335,272.6293628152623
N=14,9,14,1.0,289.8953333333333,287.878494272313
N=14,10,14,1.0,305.3946666666667,302.9506256274009
N=14,11,14,1.0,319.05583333333334,317.86169372873485
N=14,12,14,1.0,330.762,332.6234657556173
N=14,13,14,1.0,346.793,347.2448778337317
N=14,14,14,1.0,364.7393333333333,361.7328761548416
N=14,15,14,1.0,375.10316666666665,376.0929672038744
N=14,16,14,1.0,391.339,390.3295900449453
N=14,17,14,1.0,409.2083333333333,404.4463755454211
N=14,18,14,1.0,419.1095,418.44633139297235
N=14,19,14,1.0,433.97816666666665,432.3319770225369
N=14,20,14,1.0,447.79133333333334,446.1054438938943
N=14,21,14,1.0,462.71133333333336,459.7685512778411
N=14,22,14,1.0,480.38916666666665,473.3228643959201
N=14,23,14,1.0,489.23266666666666,486.76973962574345
N=14,24,14,1.0,498.99066666666664,500.11036007835185
N=14,25,14,1.0,516.755,513.3457639081081
N=14,26,14,1.0,529.3145,526.4768670668734
N=14,27,14,1.0,542.1143333333333,539.5044817615491
N=14,28,14,1.0,554.0528333333333,552.4293315532483
N=14,29,14,1.0,567.3353333333333,565.2520638056969
N=14,30,14,1.0,575.2303333333333,577.9732600224038
N=14,31,14,1.0,589.067,590.5934444882174
N=14,32,14,1.0,599.297,603.1130915384549
N=14,33,14,1.0,612.4766666666667,615.5326317091253
N=14,34,14,1.0,633.5636666666667,627.8524569687686
N=14,35,14,1.0,642.04,640.0729251917113
N=14,36,14,1.0,648.6396666666667,652.1943640010156
N=14,37,14,1.0,659.9666666666667,664.2170740847864
N=14,38,14,1.0,672.1575,676.1413320701334
N=14,39,14,1.0,691.1643333333334,687.9673930237587
N=14,40,14,1.0,694.8906666666667,699.695492635902
N=14,41,14,1.0,712.1798333333334,711.3258491345798
N=14,42,14,1.0,727.6685,722.8586649691179
N=14,43,14,1.0,737.4026666666666,734.2941282955655
N=14,44,14,1.0,748.6013333333333,745.6324142913234
N=14,45,14,1.0,756.7208333333333,756.8736863220204
N=14,46,14,1.0,770.6875,768.0180969801311
N=14,47,14,1.0,776.5911666666667,779.0657890118841
N=14,48,14,1.0,791.5145,790.0168961465814
N=14,49,14,1.0,796.5301666666667,800.8715438403977
N=14,50,14,1.0,813.4291666666667,811.6298499450374
N=14,3,14,1.06,178.753,177.49091703750327
N=14,4,14,1.06,196.38013333333333,189.405560117167
N=14,5,14,1.06,213.83228333333332,209.5342389641688
N=14,6,14,1.06,231.9185,227.60994918379947
N=14,7,14,1.06,248.9555,244.6974721504646
N=14,8,14,1.06,265.45085,261.1840564019571
N=14,9,14,1.06,282.2796666666667,277.2462801430545
N=14,10,14,1.06,296.977,292.9798402219231
N=14,11,14,1.06,312.92333333333335,308.4432627425598
N=14,12,14,1.06,330.951,323.67541698538196
N=14,13,14,1.06,345.55083333333334,338.7036350888323
N=14,14,14,1.06,359.38466666666665,353.5479427595062
N=14,15,14,1.06,373.31166666666667,368.2234727004421
N=14,16,14,1.06,387.53833333333336,382.7419402541062
N=14,17,14,1.06,399.9646666666667,397.1125950336224
N=14,18,14,1.06,423.14366666666666,411.3428606518009
N=14,19,14,1.06,429.1105,425.4387792358702
N=14,20,14,1.06,444.8895,439.40532873290346
N=14,21,14,1.06,456.59816666666666,453.2466545511136
N=14,22,14,1.06,469.59183333333334,466.96624192042395
N=14,23,14,1.06,481.907,480.567046275777
N=14,24,14,1.06,501.6268333333333,494.05159332381334
N=14,25,14,1.06,513.1376666666666,507.4220568351848
N=14,26,14,1.06,523.2245,520.6803198216488
N=14,27,14,1.06,543.1553333333334,533.8280231508272
N=14,28,14,1.06,554.7965,546.8666045467933
N=14,29,14,1.06,565.6893333333334,559.7973301512174
N=14,30,14,1.06,573.5126666666666,572.6213202696215
N=14,31,14,1.06,587.71,585.3395705303193
N=14,32,14,1.06,596.7193333333333,597.952969393444
N=14,33,14,1.06,617.5333333333333,610.4623127328272
N=14,34,14,1.06,625.563,622.8683160530318
N=14,35,14,1.06,641.137,635.1716247826342
N=14,36,14,1.06,650.266,647.3728229924728
N=14,37,14,1.06,658.9331666666667,659.4724408165584
N=14,38,14,1.06,669.8415,671.4709607982834
N=14,39,14,1.06,685.3425,683.3688233415776
N=14,40,14,1.06,693.2465,695.1664314128371
N=14,41,14,1.06,707.3088333333334,706.8641546126969
N=14,42,14,1.06,719.0748333333333,718.4623327153545
N=14,43,14,1.06,728.8886666666667,729.9612787560883
N=14,44,14,1.06,743.3835,741.3612817337967
N=14,45,14,1.06,753.3523333333334,752.6626089842356
N=14,46,14,1.06,771.4481666666667,763.8655082705193
N=14,47,14,1.06,776.1105,774.9702096300059
N=14,48,14,1.06,787.6735,785.976927010559
N=14,49,14,1.06,801.0413333333333,796.8858597241193
N=14,50,14,1.06,810.901,807.6971937413243
N=14,3,14,1.875,35.237833333333334,35.2816211192346
N=14,4,14,1.875,56.815333333333335,56.47547310079028
N=14,5,14,1.875,78.3255,78.2422911272871
N=14,6,14,1.875,101.06016666666666,100.29562921562795
N=14,7,14,1.875,121.515,122.23002733660987
N=14,8,14,1.875,143.10083333333333,143.7354336284209
N=14,9,14,1.875,163.96866666666668,164.64061036835653
N=14,10,14,1.875,182.75666666666666,184.8853215819528
N=14,11,14,1.875,204.2365,204.47712773466316
N=14,12,14,1.875,222.6305,223.45758718242317
N=14,13,14,1.875,243.06016666666667,241.88131000734697
N=14,14,14,1.875,258.03066666666666,259.80464175576236
N=14,15,14,1.875,278.4898333333333,277.2802727698415
N=14,16,14,1.875,293.6091666666667,294.35512644688777
N=14,17,14,1.875,310.64416666666665,311.0699206407248
N=14,18,14,1.875,327.8321666666667,327.45950735913163
N=14,19,14,1.875,344.4071666666667,343.55352044739396
N=14,20,14,1.875,360.15933333333334,359.37709754344985
N=14,21,14,1.875,376.5203333333333,374.95156869776673
N=14,22,14,1.875,388.174,390.29506877010414
N=14,23,14,1.875,403.2795,405.42306249408676
N=14,24,14,1.875,422.55216666666666,420.3487856760627
N=14,25,14,1.875,435.9121666666667,435.0836118352026
N=14,26,14,1.875,452.2278333333333,449.6373551640665
N=14,27,14,1.875,465.6383333333333,464.01852030517273
N=14,28,14,1.875,475.06733333333335,478.23450826867554
N=14,29,14,1.875,492.26466666666664,492.291786429581
N=14,30,14,1.875,504.113,506.19602920155603
N=14,31,14,1.875,523.0908333333333,519.9522347937684
N=14,32,14,1.875,531.7621666666666,533.5648224465845
N=14,33,14,1.875,547.266,547.0377137056701
N=14,34,14,1.875,555.3255,560.3744006122847
N=14,35,14,1.875,570.8765,573.5780031365978
N=14,36,14,1.875,586.5948333333333,586.6513177377473
N=14,37,14,1.875,603.5345,599.5968585787579
N=14,38,14,1.875,611.5156666666667,612.4168926391907
N=14,39,14,1.875,628.1321666666666,625.1134697394167
N=14,40,14,1.875,638.4881666666666,637.6884483062686
N=14,41,14,1.875,649.5378333333333,650.1435175614613
N=14,42,14,1.875,662.2581666666666,662.4802166942515
N=14,43,14,1.875,674.3408333333333,674.6999514826521
N=14,44,14,1.875,690.1043333333333,686.8040087485178
N=14,45,14,1.875,702.9001666666667,698.7935689673825
N=14,46,14,1.875,714.6858333333333,710.6697173012071
N=14,47,14,1.875,722.9828333333334,722.4334532788888
N=14,48,14,1.875,741.366,734.0856993137224
N=14,49,14,1.875,742.378,745.6273082174957
N=14,50,14,1.875,755.7181666666667,757.0590698464546
N=56,3,56,0.325,124.36066666666666,124.44444444444439
N=56,4,56,0.325,165.59166666666667,165.0161331061646
N=56,5,56,0.325,207.7025,205.73180152695429
N=56,6,56,0.325,249.3485,246.38976020607674
N=56,7,56,0.325,290.39383333333336,287.0165557620237
N=56,8,56,0.325,331.7945,327.6280968528116
N=56,9,56,0.325,372.04333333333335,368.2342143201539
N=56,10,56,0.325,415.06166666666667,408.8411499181834
N=56,11,56,0.325,457.692,449.45296644794445
N=56,12,56,0.325,497.73766666666666,490.07237317304964
N=56,13,56,0.325,539.9333333333333,530.701222638575
N=56,14,56,0.325,578.553,571.3408169168474
N=56,15,56,0.325,623.7881666666667,611.9921002506238
N=56,16,56,0.325,664.5788333333334,652.6557823351839
N=56,17,56,0.325,706.3558333333333,693.3324183570218
N=56,18,56,0.325,748.1571666666666,734.022461576132
N=56,19,56,0.325,789.4625,774.7262981964401
N=56,20,56,0.325,829.0461666666666,815.4442706521666
N=56,21,56,0.325,871.0835,856.1766932277998
N=56,22,56,0.325,914.8426666666667,896.9238625534558
N=56,23,56,0.325,952.324,937.6860646463408
N=56,24,56,0.325,996.786,978.4635796092001
N=56,25,56,0.325,1037.7566666666667,1019.2566847318708
N=56,26,56,0.325,1081.4936666666667,1060.0656565014574
N=56,27,56,0.325,1119.3625,1100.8907718661726
N=56,28,56,0.325,1162.2886666666666,1141.732308989806
N=56,29,56,0.325,1202.3883333333333,1182.5905476603095
N=56,30,56,0.325,1244.4218333333333,1223.4657694656887
N=56,31,56,0.325,1282.0996666666667,1264.358257815683
N=56,32,56,0.325,1328.2395,1305.2682978636642
N=56,33,56,0.325,1372.5365,1346.1961763664026
N=56,34,56,0.325,1409.2516666666668,1387.1421815076178
N=56,35,56,0.325,1454.3346666666666,1428.1066027030163
N=56,36,56,0.325,1494.2216666666666,1469.0897303987247
N=56,37,56,0.325,1531.7126666666666,1510.0918558709789
N=56,38,56,0.325,1575.2861666666668,1551.1132710320865
N=56,39,56,0.325,1616.6475,1592.1542682456907
N=56,40,56,0.325,1660.1276666666668,1633.2151401529954
N=56,41,56,0.325,1702.5883333333334,1674.2961795106548
N=56,42,56,0.325,1747.679,1715.397679040406
N=56,43,56,0.325,1783.6036666666666,1756.5199312900932
N=56,44,56,0.325,1829.2891666666667,1797.6632285054586
N=56,45,56,0.325,1869.252,1838.8278625119417
N=56,46,56,0.325,1908.5936666666666,1880.0141246055946
N=56,47,56,0.325,1941.985,1921.222305452239
N=56,48,56,0.325,1987.951,1962.452694993958
N=56,49,56,0.325,2033.2103333333334,2003.705582362042
N=56,50,56,0.325,2071.9735,2044.9812557955634
N=56,3,56,0.94,1353.4276666666667,1356.1976540893577
N=56,4,56,0.94,1742.0968333333333,1726.9779226816165
N=56,5,56,0.94,2136.5696666666668,2083.0423319052047
N=56,6,56,0.94,2440.497,2417.906602671905
N=56,7,56,0.94,2761.6886666666664,2735.9192267835065
N=56,8,56,0.94,3059.2206666666666,3040.4229953018416
N=56,9,56,0.94,3368.8553333333334,3333.951984893343
N=56,10,56,0.94,3629.5088333333333,3618.4294775194508
N=56,11,56,0.94,3993.284166666667,3895.326217625295
N=56,12,56,0.94,4213.8385,4165.77831690685
N=56,13,56,0.94,4505.780833333333,4430.673040229112
N=56,14,56,0.94,4765.833333333333,4690.710919794758
N=56,15,56,0.94,5055.313166666667,4946.4508948112625
N=56,16,56,0.94,5245.717833333333,5198.3433691205355
N=56,17,56,0.94,5554.944166666667,5446.754653344657
N=56,18,56,0.94,5722.879,5691.985224141356
N=56,19,56,0.94,6039.455333333333,5934.283507875239
N=56,20,56,0.94,6219.701166666667,6173.856393131153
N=56,21,56,0.94,6481.764166666667,6410.877328294705
N=56,22,56,0.94,6726.4215,6645.4926183701355
N=56,23,56,0.94,6966.612666666667,6877.82636579458
N=56,24,56,0.94,7157.971166666666,7107.984380455365
N=56,25,56,0.94,7421.453333333333,7336.057298986939
N=56,26,56,0.94,7607.800666666667,7562.123092240854
N=56,27,56,0.94,7833.821833333333,7786.249095439208
N=56,28,56,0.94,8052.361166666667,8008.493663030195
N=56,29,56,0.94,8180.628,8228.907526265653
N=56,30,56,0.94,8522.762333333334,8447.534913641042
N=56,31,56,0.94,8629.954166666666,8664.414480907564
N=56,32,56,0.94,8802.662166666667,8879.580087196366
N=56,33,56,0.94,9091.544666666667,9093.061446035405
N=56,34,56,0.94,9282.576,9304.884674076458
N=56,35,56,0.94,9534.650666666666,9515.072755734338
N=56,36,56,0.94,9706.041166666666,9723.645938345004
N=56,37,56,0.94,9920.496,9930.622069630248
N=56,38,56,0.94,10140.937666666667,10136.016887032854
N=56,39,56,0.94,10295.2475,10339.844266721839
N=56,40,56,0.94,10517.84,10542.116438659907
N=56,41,56,0.94,10787.382333333333,10742.844172996154
N=56,42,56,0.94,10917.596166666666,10942.036942137063
N=56,43,56,0.94,11099.595,11139.703062111384
N=56,44,56,0.94,11339.265833333333,11335.849816244656
N=56,45,56,0.94,11485.3435,11530.483563668418
N=56,46,56,0.94,11668.738666666666,11723.609834786424
N=56,47,56,0.94,11899.1865,11915.23341548815
N=56,48,56,0.94,12072.834166666667,12105.3584216251
N=56,49,56,0.94,12284.905666666667,12293.988365036868
N=56,50,56,0.94,12453.741833333333,12481.12621222372
N=56,3,56,1.0,3150.8703333333333,3136.0
N=56,4,56,1.0,3338.8108833333335,3344.5593937677054
N=56,5,56,1.0,3589.624,3609.4543455104226
N=56,6,56,1.0,3888.524,3868.4645942326606
N=56,7,56,1.0,4134.386,4122.950027213303
N=56,8,56,1.0,4295.897333333333,4373.722375970289
N=56,9,56,1.0,4585.619333333333,4621.305223976329
N=56,10,56,1.0,4875.120333333333,4866.056070350962
N=56,11,56,1.0,5138.808,5108.229904665533
N=56,12,56,1.0,5395.0768333333335,5348.01500178888
N=56,13,56,1.0,5546.23,5585.554339731938
N=56,14,56,1.0,5878.233666666667,5820.9590575629245
N=56,15,56,1.0,6034.395666666666,6054.3172590406775
N=56,16,56,1.0,6339.473666666667,6285.699969191038
N=56,17,56,1.0,6548.471666666666,6515.165281891879
N=56,18,56,1.0,6781.027166666667,6742.761320145926
N=56,19,56,1.0,6995.761,6968.528394912186
N=56,20,56,1.0,7194.9825,7192.500609547133
N=56,21,56,1.0,7452.228666666667,7414.707072383509
N=56,22,56,1.0,7635.2995,7635.172826966
N=56,23,56,1.0,7885.864,7853.919575336402
N=56,24,56,1.0,8019.708,8070.966247271364
N=56,25,56,1.0,8301.299166666666,8286.329453240694
N=56,26,56,1.0,8469.622,8500.023848474166
N=56,27,56,1.0,8735.853166666666,8712.062428282203
N=56,28,56,1.0,8911.904833333334,8922.456769642617
N=56,29,56,1.0,9075.663166666667,9131.217230375027
N=56,30,56,1.0,9284.510333333334,9338.353114535563
N=56,31,56,1.0,9462.444666666666,9543.872810681807
N=56,32,56,1.0,9772.1085,9747.783908178833
N=56,33,56,1.0,9983.587166666666,9950.09329560279
N=56,34,56,1.0,10047.702333333333,10150.80724445031
N=56,35,56,1.0,10340.375166666667,10349.93148071062
N=56,36,56,1.0,10540.900333333333,10547.471246352718
N=56,37,56,1.0,10741.4875,10743.431352386277
N=56,38,56,1.0,10836.549833333333,10937.81622484506
N=56,39,56,1.0,11095.666333333333,11130.62994479629
N=56,40,56,1.0,11264.759833333334,11321.876283283811
N=56,41,56,1.0,11507.2215,11511.558731955882
N=56,42,56,1.0,11596.6015,11699.680530001717
N=56,43,56,1.0,11878.7625,11886.24468791811
N=56,44,56,1.0,12109.645333333334,12071.254008543461
N=56,45,56,1.0,12224.745,12254.711105727842
N=56,46,56,1.0,12517.637333333334,12436.618420950841
N=56,47,56,1.0,12561.255,12616.978238152118
N=56,48,56,1.0,12930.189,12795.7926970005
N=56,49,56,1.0,12974.124666666667,12973.06380479479
N=56,50,56,1.0,13168.923833333334,13148.793447162254
N=56,3,56,1.06,1519.8533333333332,1531.4801486948281
N=56,4,56,1.06,2053.0003333333334,2028.0210358536472
N=56,5,56,1.06,2495.5778333333333,2515.6813555779636
N=56,6,56,1.06,2910.2553333333335,2924.6653996525583
N=56,7,56,1.06,3270.1058333333335,3283.921337385032
N=56,8,56,1.06,3633.0803333333333,3611.508206266962
N=56,9,56,1.06,3922.401,3917.953302949183
N=56,10,56,1.06,4270.037333333334,4209.4903449777985
N=56,11,56,1.06,4594.270333333333,4489.9614795005045
N=56,12,56,1.06,4805.830666666667,4761.843232219046
N=56,13,56,1.06,5137.530666666667,5026.801033588042
N=56,14,56,1.06,5366.390666666666,5285.997939047708
N=56,15,56,1.06,5615.46,5540.273172355601
N=56,16,56,1.06,5904.7283333333335,5790.249513655854
N=56,17,56,1.06,6130.089833333333,6036.400348766704
N=56,18,56,1.06,6398.678833333333,6279.092994632556
N=56,19,56,1.06,6581.2035,6518.61757596511
N=56,20,56,1.06,6841.083833333333,6755.206812175311
N=56,21,56,1.06,7087.844666666667,6989.049914290722
N=56,22,56,1.06,7295.274833333333,7220.302561546635
N=56,23,56,1.06,7496.444,7449.094204785625
N=56,24,56,1.06,7807.705833333333,7675.533506914079
N=56,25,56,1.06,7983.8325,7899.712459337001
N=56,26,56,1.06,8201.530833333334,8121.709540572758
N=56,27,56,1.06,8344.5425,8341.592170775702
N=56,28,56,1.06,8610.546666666667,8559.418641109753
N=56,29,56,1.06,8820.142833333333,8775.239646230943
N=56,30,56,1.06,9008.427,8989.099513176225
N=56,31,56,1.06,9202.398333333333,9201.037195449595
N=56,32,56,1.06,9482.019833333334,9411.087083661207
N=56,33,56,1.06,9604.5185,9619.279671499675
N=56,34,56,1.06,9858.7795,9825.642106632537
N=56,35,56,1.06,10119.210333333333,10030.198649341377
N=56,36,56,1.06,10263.776666666667,10232.971056626922
N=56,37,56,1.06,10500.0115,10433.978905692471
N=56,38,56,1.06,10717.834666666668,10633.239867798766
N=56,39,56,1.06,10884.963,10830.769941243248
N=56,40,56,1.06,11110.987333333333,11026.58365048108
N=56,41,56,1.06,11269.754,11220.69421705028
N=56,42,56,1.06,11484.927666666666,11413.113706897695
N=56,43,56,1.06,11624.627833333334,11603.853157859045
N=56,44,56,1.06,11839.885666666667,11792.922690373864
N=56,45,56,1.06,12064.5785,11980.331603977538
N=56,46,56,1.06,12311.8385,12166.088461678011
N=56,47,56,1.06,12419.4145,12350.201163972704
N=56,48,56,1.06,12549.501666666667,12532.677013974278
N=56,49,56,1.06,12804.1365,12713.522774878898
N=56,50,56,1.06,12975.429166666667,12892.74472081753
N=56,3,56,1.875,165.2705,165.56826415508849
N=56,4,56,1.875,296.948,300.1153321453085
N=56,5,56,1.875,451.31216666666666,457.19270586949807
N=56,6,56,1.875,624.3638333333333,630.8209261837496
N=56,7,56,1.875,808.9455,816.5168460122687
N=56,8,56,1.875,1005.0203333333334,1011.3154072185213
N=56,9,56,1.875,1216.2513333333334,1213.2503606564967
N=56,10,56,1.875,1430.3051666666668,1420.961330809198
N=56,11,56,1.875,1652.0496666666666,1633.443708665613
N=56,12,56,1.875,1859.7736666666667,1849.9045648747754
N=56,13,56,1.875,2088.7111666666665,2069.6844944407053
N=56,14,56,1.875,2315.697166666667,2292.216459065173
N=56,15,56,1.875,2540.4366666666665,2517.0039585802892
N=56,16,56,1.875,2774.5903333333335,2743.6087423966123
N=56,17,56,1.875,2999.783,2971.6430104932624
N=56,18,56,1.875,3245.7361666666666,3200.7636621318466
N=56,19,56,1.875,3466.348,3430.6674950588836
N=56,20,56,1.875,3711.351,3661.0869091139434
N=56,21,56,1.875,3931.508,3891.785960647031
N=56,22,56,1.875,4162.416833333334,4122.556731190837
N=56,23,56,1.875,4413.693666666667,4353.216010650418
N=56,24,56,1.875,4624.411833333334,4583.602299002398
N=56,25,56,1.875,4839.59,4813.573123170658
N=56,26,56,1.875,5079.535166666667,5043.002656828634
N=56,27,56,1.875,5312.664833333333,5271.779623834202
N=56,28,56,1.875,5503.3725,5499.805461621897
N=56,29,56,1.875,5735.891833333333,5726.9927188886695
N=56,30,56,1.875,5964.635333333334,5953.263661725672
N=56,31,56,1.875,6179.3205,6178.549063378733
N=56,32,56,1.875,6400.612666666667,6402.787154577514
N=56,33,56,1.875,6615.2553333333335,6625.922713500076
N=56,34,56,1.875,6846.086,6847.906276688372
N=56,35,56,1.875,7023.479166666667,7068.693454443394
N=56,36,56,1.875,7279.659,7288.244336312287
N=56,37,56,1.875,7490.534333333333,7506.522974184242
N=56,38,56,1.875,7713.6686666666665,7723.49693221747
N=56,39,56,1.875,7945.636166666666,7939.136894324324
N=56,40,56,1.875,8138.602666666667,8153.41632125561
N=56,41,56,1.875,8363.556,8366.311150462796
N=56,42,56,1.875,8510.831166666667,8577.799532897006
N=56,43,56,1.875,8754.663166666667,8787.86160174397
N=56,44,56,1.875,8913.464,8996.47926881294
N=56,45,56,1.875,9165.869166666667,9203.636044910847
N=56,46,56,1.875,9412.961166666666,9409.316881055825
N=56,47,56,1.875,9554.691833333334,9613.508027829706
N=56,48,56,1.875,9834.008166666667,9816.196910548397
N=56,49,56,1.875,9951.5985,10017.372018252388
N=56,50,56,1.875,10204.828,10217.022804795144
N=112,3,112,0.325,248.6365,248.88888888888866
N=112,4,112,0.325,331.75,331.85185185185185
N=112,5,112,0.325,414.519,414.8148148148148
N=112,6,112,0.325,498.3545,497.77777777777777
N=112,7,112,0.325,581.7501666666667,580.7407407407406
N=112,8,112,0.325,664.542,663.7037037037037
N=112,9,112,0.325,746.1801666666667,746.6666666666666
N=112,10,112,0.325,830.0088333333333,829.6296296296296
N=112,11,112,0.325,911.4806666666667,912.1908261257639
N=112,12,112,0.325,996.4723333333334,993.9802598563682
N=112,13,112,0.325,1075.9151666666667,1075.6683805012087
N=112,14,112,0.325,1158.8688333333334,1157.2648091812239
N=112,15,112,0.325,1243.5435,1238.7777656792023
N=112,16,112,0.325,1327.2556666666667,1320.2143511982722
N=112,17,112,0.325,1408.2458333333334,1401.5807631157468
N=112,18,112,0.325,1489.9355,1482.8824602017933
N=112,19,112,0.325,1576.1348333333333,1564.1242912924
N=112,20,112,0.325,1657.996,1645.3105966620942
N=112,21,112,0.325,1743.3421666666666,1726.4452887577545
N=112,22,112,0.325,1826.286,1807.5319171510607
N=112,23,112,0.325,1911.3213333333333,1888.5737212932597
N=112,24,112,0.325,1991.6893333333333,1969.573673745783
N=112,25,112,0.325,2077.286833333333,2050.534515902632
N=112,26,112,0.325,2152.679166666667,2131.4587877400036
N=112,27,112,0.325,2240.484,2212.3488527739787
N=112,28,112,0.325,2317.1976666666665,2293.2069191426376
N=112,29,112,0.325,2403.4615,2374.0350575299185
N=112,30,112,0.325,2495.9241666666667,2454.835216497266
N=112,31,112,0.325,2572.724833333333,2535.609235673287
N=112,32,112,0.325,2649.3848333333335,2616.3588571620776
N=112,33,112,0.325,2731.933666666667,2697.085735461218
N=112,34,112,0.325,2828.5436666666665,2777.7914461257164
N=112,35,112,0.325,2902.7071666666666,2858.477493371025
N=112,36,112,0.325,2992.329166666667,2939.145316773892
N=112,37,112,0.325,3057.0706666666665,3019.796297202301
N=112,38,112,0.325,3152.8056666666666,3100.431762083623
N=112,39,112,0.325,3240.5126666666665,3181.0529901021587
N=112,40,112,0.325,3313.3575,3261.6612154026193
N=112,41,112,0.325,3406.610833333333,3342.257631364151
N=112,42,112,0.325,3484.170833333333,3422.843393999641
N=112,43,112,0.325,3574.3983333333335,3503.419625026879
N=112,44,112,0.325,3653.348,3583.9874146513976
N=112,45,112,0.325,3735.3938333333335,3664.54782409514
N=112,46,112,0.325,3816.083666666667,3745.101887900378
N=112,47,112,0.325,3896.418833333333,3825.650616034289
N=112,48,112,0.325,3997.5288333333333,3906.194995816238
N=112,49,112,0.325,4069.489,3986.735993686964
N=112,50,112,0.325,4147.025833333333,4067.2745568363916
N=112,3,112,0.94,2795.81,2797.686238464736
N=112,4,112,0.94,3737.837666666667,3733.33333333333
N=112,5,112,0.94,4583.495,4666.666666666662
N=112,6,112,0.94,5541.259166666667,5599.999999999995
N=112,7,112,0.94,6435.2155,6514.991581758386
N=112,8,112,0.94,7316.344666666667,7381.299459935713
N=112,9,112,0.94,8228.027833333334,8235.999853174404
N=112,10,112,0.94,9067.143333333333,9080.328876190073
N=112,11,112,0.94,9955.634333333333,9915.355020830659
N=112,12,112,0.94,10779.466666666667,10741.993088543784
N=112,13,112,0.94,11594.825333333334,11561.022697418892
N=112,14,112,0.94,12607.270666666667,12373.107167204093
N=112,15,112,0.94,13308.988166666666,13178.810939355024
N=112,16,112,0.94,14198.263333333334,13978.614875963713
N=112,17,112,0.94,14838.144,14772.929348276419
N=112,18,112,0.94,15929.071166666667,15562.105274477937
N=112,19,112,0.94,16437.83916666667,16346.443357309961
N=112,20,112,0.94,17351.0915,17126.201787596256
N=112,21,112,0.94,18293.665333333334,17901.602661906843
N=112,22,112,0.94,19050.419666666665,18672.837332303723
N=112,23,112,0.94,19751.789,19440.07087338
N=112,24,112,0.94,20662.262833333334,20203.44582110185
N=112,25,112,0.94,21507.8895,20963.085310987557
N=112,26,112,0.94,22233.7,21719.095720279918
N=112,27,112,0.94,23139.05325,22471.568899753118
N=112,28,112,0.94,23774.171166666667,23220.58406517788
N=112,29,112,0.94,24774.977,23966.209405729962
N=112,30,112,0.94,25411.348833333333,24708.503456271817
N=112,31,112,0.94,26130.145333333334,25447.51627203466
N=112,32,112,0.94,26860.081,26183.290437407126
N=112,33,112,0.94,27803.704,26915.86193499643
N=112,34,112,0.94,28362.799166666668,27645.26089661935
N=112,35,112,0.94,29240.584666666666,28371.512254203346
N=112,36,112,0.94,29997.619833333334,29094.63630557211
N=112,37,112,0.94,30631.412333333334,29814.64920762605
N=112,38,112,0.94,31471.3742,30531.563407401944
N=112,39,112,0.94,32266.892333333333,31245.38801982555
N=112,40,112,0.94,32676.912,31956.129159589902
N=112,41,112,0.94,33733.3926,32663.790233445092
N=112,42,112,0.94,34543.21283333333,33368.37219823259
N=112,43,112,0.94,35138.0208,34069.873789200436
N=112,44,112,0.94,35877.68155,34768.29172247005
N=112,45,112,0.94,36707.27,35463.6208749658
N=112,46,112,0.94,37301.789333333334,36155.85444464744
N=112,47,112,0.94,38099.33216666667,36844.98409348861
N=112,48,112,0.94,38669.848333333335,37531.00007530694
N=112,49,112,0.94,39428.2956,38213.89135026668
N=112,50,112,0.94,40395.3203,38893.64568763092
N=112,3,112,1.0,12698.407166666666,12544.0
N=112,4,112,1.0,13374.1885,13376.414636506277
N=112,5,112,1.0,14415.124,14438.392273272628
N=112,6,112,1.0,15361.954,15476.831097957067
N=112,7,112,1.0,16520.251333333334,16497.17065967512
N=112,8,112,1.0,17341.756166666666,17502.65788449855
N=112,9,112,1.0,18642.615833333333,18495.387106318194
N=112,10,112,1.0,19643.151,19476.788321612214
N=112,11,112,1.0,20571.8495,20447.881488665982
N=112,12,112,1.0,21460.552333333333,21409.419706954854
N=112,13,112,1.0,22360.962333333333,22361.97488852257
N=112,14,112,1.0,23397.834,23305.991589642003
N=112,15,112,1.0,24229.361333333334,24241.822225348504
N=112,16,112,1.0,25338.552,25169.750895745423
N=112,17,112,1.0,26131.068833333335,26090.009976344278
N=112,18,112,1.0,27200.46416666667,27002.791959155948
N=112,19,112,1.0,28087.193166666668,27908.258088016475
N=112,20,112,1.0,28685.999833333335,28806.54477635174
N=112,21,112,1.0,29567.110166666665,29697.768457492733
N=112,22,112,1.0,30660.353,30582.02930561819
N=112,23,112,1.0,31630.929666666667,31459.414128895274
N=112,24,112,1.0,32233.524,32329.99864643061
N=112,25,112,1.0,33245.210333333336,33193.84930010341
N=112,26,112,1.0,33978.9225,34051.02471083279
N=112,27,112,1.0,35015.25683333333,34901.57685986042
N=112,28,112,1.0,35638.82633333333,35745.55205509756
N=112,29,112,1.0,36557.237,36582.99172782268
N=112,30,112,1.0,37277.81883333333,37413.93309426031
N=112,31,112,1.0,38012.984833333336,38238.40970864078
N=112,32,112,1.0,38836.26833333333,39056.45192842437
N=112,33,112,1.0,39824.924166666664,39868.08730791567
N=112,34,112,1.0,40638.14483333333,40673.34093310125
N=112,35,112,1.0,41862.01633333333,41472.235707937965
N=112,36,112,1.0,42246.05216666667,42264.79260030185
N=112,37,112,1.0,42973.20133333333,43051.03085423157
N=112,38,112,1.0,43730.373166666664,43830.96817386218
N=112,39,112,1.0,44499.639833333335,44604.620883462594
N=112,40,112,1.0,45440.207,45372.00406720817
N=112,41,112,1.0,46154.38016666667,46133.13169169193
N=112,42,112,1.0,46942.878,46888.01671367075
N=112,43,112,1.0,47638.2205,47636.67117513181
N=112,44,112,1.0,48149.87383333333,48379.10628742871
N=112,45,112,1.0,49070.73583333333,49115.332505961705
N=112,46,112,1.0,49980.58666666667,49845.3595966492
N=112,47,112,1.0,50553.986833333336,50569.19669524979
N=112,48,112,1.0,51513.65266666667,51286.8523604388
N=112,49,112,1.0,52011.905666666666,51998.33462141146
N=112,50,112,1.0,53096.0615,52703.6510206768
N=112,3,112,1.06,3661.142,3675.646227445387
N=112,4,112,1.06,5466.932,5467.656538586514
N=112,5,112,1.06,7234.015833333333,7331.730931620335
N=112,6,112,1.06,8828.429333333333,9028.610672553821
N=112,7,112,1.06,10363.337,10574.463534746043
N=112,8,112,1.06,11850.958833333334,12000.90791838179
N=112,9,112,1.06,13117.693666666666,13336.129647722977
N=112,10,112,1.06,14556.989833333333,14601.454263677811
N=112,11,112,1.06,15784.200666666668,15812.2601920221
N=112,12,112,1.06,16951.044333333335,16979.556713060883
N=112,13,112,1.06,18181.55316666667,18111.299603808326
N=112,14,112,1.06,19424.567,19213.331579389767
N=112,15,112,1.06,20466.694666666666,20290.022922738
N=112,16,112,1.06,21328.192166666668,21344.703175675313
N=112,17,112,1.06,22631.661333333333,22379.95356105008
N=112,18,112,1.06,23658.088833333335,23397.80757272497
N=112,19,112,1.06,24730.425,24399.890762297848
N=112,20,112,1.06,25773.7515,25387.519812906725
N=112,21,112,1.06,26656.939333333332,26361.773953046984
N=112,22,112,1.06,27593.303,27323.547277549147
N=112,23,112,1.06,28685.411166666665,28273.58767474504
N=112,24,112,1.06,29339.53516666667,29212.526207869934
N=112,25,112,1.06,30510.047833333334,30140.899589176075
N=112,26,112,1.06,31302.252333333334,31059.16758365124
N=112,27,112,1.06,32229.65233333333,31967.726640220328
N=112,28,112,1.06,33083.47266666667,32866.92068051994
N=112,29,112,1.06,33771.98933333333,33757.04972076641
N=112,30,112,1.06,34636.5235,34638.3768235862
N=112,31,112,1.06,35862.26733333334,35511.13374963824
N=112,32,112,1.06,36205.229,36375.52558737978
N=112,33,112,1.06,37498.35083333333,37231.73457267079
N=112,34,112,1.06,38420.757666666665,38079.92326079396
N=112,35,112,1.06,39084.77416666667,38920.23717688976
N=112,36,112,1.06,39767.599833333334,39752.80704329595
N=112,37,112,1.06,40781.203166666666,40577.75066139447
N=112,38,112,1.06,41827.998166666664,41395.17450957329
N=112,39,112,1.06,42213.450666666664,42205.17510655724
N=112,40,112,1.06,43275.90783333333,43007.84017974775
N=112,41,112,1.06,44066.31333333333,43803.249670673795
N=112,42,112,1.06,44633.489166666666,44591.47660370404
N=112,43,112,1.06,45287.269,45372.58783944235
N=112,44,112,1.06,46171.01383333333,46146.644730445674
N=112,45,112,1.06,46633.4095,46913.70369386299
N=112,46,112,1.06,47480.7355,47673.81671313306
N=112,47,112,1.06,48871.27166666667,48427.03177887836
N=112,48,112,1.06,49301.719666666664,49173.39327749937
N=112,49,112,1.06,50412.021,49912.94233462944
N=112,50,112,1.06,51136.652,50645.71711950527
N=112,3,112,1.875,346.58933333333334,346.3612009696395
N=112,4,112,1.875,643.9243333333334,636.0494695755015
N=112,5,112,1.875,1006.7001666666666,997.5836788259282
N=112,6,112,1.875,1424.6711666666667,1416.9102474389026
N=112,7,112,1.875,1881.5758333333333,1885.6068645222626
N=112,8,112,1.875,2392.532,2396.4073312802007
N=112,9,112,1.875,2925.756,2943.1586402712032
N=112,10,112,1.875,3518.7466666666664,3520.7297365491454
N=112,11,112,1.875,4113.010666666667,4124.883043494065
N=112,12,112,1.875,4735.468166666667,4752.1322010890135
N=112,13,112,1.875,5365.132333333333,5399.604525083538
N=112,14,112,1.875,6046.404666666666,6064.918702689562
N=112,15,112,1.875,6738.4705,6746.081842424476
N=112,16,112,1.875,7431.8465,7441.405991589435
N=112,17,112,1.875,8120.574833333333,8149.442169516735
N=112,18,112,1.875,8884.765333333333,8868.929167116097
N=112,19,112,1.875,9589.110666666667,9598.754284233408
N=112,20,112,1.875,10336.0115,10337.923447584144
N=112,21,112,1.875,11054.068666666666,11085.538554625531
N=112,22,112,1.875,11821.6055,11840.780305666192
N=112,23,112,1.875,12565.644,12602.895163052643
N=112,24,112,1.875,13366.559,13371.18539265898
N=112,25,112,1.875,14141.9205,14145.001397332624
N=112,26,112,1.875,14917.848,14923.735750719841
N=112,27,112,1.875,15698.435333333333,15706.818492108654
N=112,28,112,1.875,16447.399333333335,16493.713357832985
N=112,29,112,1.875,17284.820333333333,17283.91471062083
N=112,30,112,1.875,17966.7985,18076.944991892746
N=112,31,112,1.875,18751.405833333334,18872.35256889896
N=112,32,112,1.875,19525.072333333334,19669.70988296953
N=112,33,112,1.875,20332.16016666667,20468.611830287813
N=112,34,112,1.875,21194.417166666666,21268.674324917825
N=112,35,112,1.875,21875.510166666667,22069.533007142978
N=112,36,112,1.875,22726.872,22870.842069850725
N=112,37,112,1.875,23486.530833333334,23672.273182716704
N=112,38,112,1.875,24171.9345,24473.514499029032
N=112,39,112,1.875,25168.4335,25274.26973367945
N=112,40,112,1.875,25813.6235,26074.257303519684
N=112,41,112,1.875,26622.9685,26873.209523220667
N=112,42,112,1.875,27425.6725,27670.87185118243
N=112,43,112,1.875,28240.06333333333,28467.002181072217
N=112,44,112,1.875,28935.429333333333,29261.37017532423
N=112,45,112,1.875,29870.681166666665,30053.75663749436
N=112,46,112,1.875,30375.513,30843.952920781372
N=112,47,112,1.875,31091.394666666667,31631.760370344506
N=112,48,112,1.875,32092.302666666666,32416.989797292903
N=112,49,112,1.875,32743.724666666665,33199.460982416545
N=112,50,112,1.875,33562.055,33979.00220788564
drift profile N=56,3,56,0.325,124.36066666666666,124.44444444444439
drift profile N=56,3,56,0.525,176.6865,176.8421052630671
drift profile N=56,3,56,0.725,303.617,305.4545195733905
drift profile N=56,3,56,0.94,1353.4276666666667,1356.1976540893577
drift profile N=56,3,56,1.0,3150.8703333333333,3136.0
drift profile N=56,3,56,1.06,1519.8533333333332,1531.4801486948281
drift profile N=56,3,56,1.275,466.56766666666664,465.287607361744
drift profile N=56,3,56,1.675,209.91066666666666,210.04542440504434
drift profile N=56,3,56,1.875,165.2705,165.56826415508849
drift profile N=56,10,56,0.325,415.06166666666667,408.8411499181834
drift profile N=56,10,56,0.525,589.2015,586.5503032915234
drift profile N=56,10,56,0.725,1008.7615,1018.1818181818181
drift profile N=56,10,56,0.94,3629.5088333333333,3618.4294775194508
drift profile N=56,10,56,1.0,4875.120333333333,4866.056070350962
drift profile N=56,10,56,1.06,4270.037333333334,4209.4903449777985
drift profile N=56,10,56,1.275,2682.521,2722.0235833028896
drift profile N=56,10,56,1.675,1675.8305,1671.5704262667534
drift profile N=56,10,56,1.875,1430.3051666666668,1420.961330809198
drift profile N=56,30,56,0.325,1244.4218333333333,1223.4657694656887
drift profile N=56,30,56,0.525,1768.2236666666668,1768.421052631579
drift profile N=56,30,56,0.725,3056.6145,3054.5454545454545
drift profile N=56,30,56,0.94,8522.762333333334,8447.534913641042
drift profile N=56,30,56,1.0,9284.510333333334,9338.353114535563
drift profile N=56,30,56,1.06,9008.427,8989.099513176225
drift profile N=56,30,56,1.275,7948.104166666667,7916.841959467577
drift profile N=56,30,56,1.675,6446.594333333333,6481.310154419746
drift profile N=56,30,56,1.875,5964.635333333334,5953.263661725672
drift profile N=56,50,56,0.325,2071.9735,2044.9812557955634
drift profile N=56,50,56,0.525,2945.7116666666666,2947.3684210526317
drift profile N=56,50,56,0.725,5115.023666666667,5090.90909090909
drift profile N=56,50,56,0.94,12453.741833333333,12481.12621222372
drift profile N=56,50,56,1.0,13168.923833333334,13148.793447162254
drift profile N=56,50,56,1.06,12975.429166666667,12892.74472081753
drift profile N=56,50,56,1.275,12040.016666666666,12052.517623086862
drift profile N=56,50,56,1.675,10667.585666666666,10758.325314987336
drift profile N=56,50,56,1.875,10204.828,10217.022804795144
