k,N,p_bias,absolute_relative_error_percent
3,10,0.3,0.14514160163789547
4,10,0.3,0.16660422288959786
5,10,0.3,0.4761574868985271
6,10,0.3,0.2953313540174639
7,10,0.3,0.5347744855397437
8,10,0.3,0.5446196072436932
9,10,0.3,0.7300406431781223
10,10,0.3,0.3087122580404852
11,10,0.3,0.13159193891117069
12,10,0.3,1.4078194716269588
13,10,0.3,1.2755033744497843
14,10,0.3,0.6293191351763312
15,10,0.3,1.381221298909573
16,10,0.3,0.37423231524339345
17,10,0.3,0.5540296074083242
18,10,0.3,0.9845832105808752
19,10,0.3,0.29009468044079495
20,10,0.3,0.8174822349592251
21,10,0.3,1.6027684189212819
22,10,0.3,0.352533340938688
23,10,0.3,0.6311647619087785
24,10,0.3,0.8639856917318325
25,10,0.3,0.45118076458460155
26,10,0.3,0.3291877143605276
27,10,0.3,0.2628029921546868
28,10,0.3,0.6523698345512056
29,10,0.3,0.3840516705857535
30,10,0.3,0.1818569044018381
31,10,0.3,0.7112818987270433
32,10,0.3,0.7022968977129175
33,10,0.3,0.3964932772260178
34,10,0.3,0.028018956573727296
35,10,0.3,0.6560789987985564
36,10,0.3,0.031643000538381
37,10,0.3,0.3033080437791149
38,10,0.3,0.29501256395266234
39,10,0.3,0.5237771069031083
40,10,0.3,0.06742773123071216
41,10,0.3,0.8221353365412034
42,10,0.3,0.5324023324341557
43,10,0.3,0.6849815423171984
44,10,0.3,0.1322862436960402
45,10,0.3,0.2130248880717623
46,10,0.3,0.4142748553023933
47,10,0.3,0.6123399917217248
48,10,0.3,0.12958169324261246
49,10,0.3,0.6478073610133561
50,10,0.3,0.1606885654080391
3,10,0.975,0.02736859773904367
4,10,0.975,0.5086808763409661
5,10,0.975,0.5178573084852331
6,10,0.975,0.132018023455251
7,10,0.975,0.666549212333189
8,10,0.975,1.6233405797568219
9,10,0.975,0.3669880759039385
10,10,0.975,0.34066200843972405
11,10,0.975,1.0805367406579134
12,10,0.975,0.8575243669325298
13,10,0.975,1.0211391560605274
14,10,0.975,0.8153936295618253
15,10,0.975,0.9456476493838064
16,10,0.975,0.3291338697632228
17,10,0.975,0.7652430618329967
18,10,0.975,0.5660128731856036
19,10,0.975,0.9401291198259786
20,10,0.975,1.090580949164993
21,10,0.975,0.7562058913131225
22,10,0.975,0.11948543414775933
23,10,0.975,0.23427718385117097
24,10,0.975,0.9565795744164141
25,10,0.975,0.5060763333912967
26,10,0.975,1.1125197705606722
27,10,0.975,0.221376767200754
28,10,0.975,0.05049065080426914
29,10,0.975,0.3624397746767988
30,10,0.975,0.11664103720692336
31,10,0.975,0.31806960833026837
32,10,0.975,0.4621792273918084
33,10,0.975,0.28442914068392283
34,10,0.975,0.8038074420102249
35,10,0.975,0.12097259129872494
36,10,0.975,0.07436068273749563
37,10,0.975,0.3503151104802188
38,10,0.975,0.24721030866324176
39,10,0.975,0.43009766622590406
40,10,0.975,0.576442724789771
41,10,0.975,0.09677993978077945
42,10,0.975,0.6649247635818768
43,10,0.975,0.46948816277067223
44,10,0.975,0.4502817091517685
45,10,0.975,0.15090744102949186
46,10,0.975,0.780793835874177
47,10,0.975,9.847002350151096e-05
48,10,0.975,0.6428218490720572
49,10,0.975,0.031017729528155673
50,10,0.975,0.7755463074908665
3,10,1.025,0.9121380818140943
4,10,1.025,0.40400464146052817
5,10,1.025,1.1050612512469618
6,10,1.025,0.6261910041492117
7,10,1.025,0.1481567104526318
8,10,1.025,0.6699942837125491
9,10,1.025,0.5596448146618794
10,10,1.025,0.6730730149955501
11,10,1.025,0.18938174100352223
12,10,1.025,0.8923749464839648
13,10,1.025,0.9486918654481686
14,10,1.025,0.6290264031474296
15,10,1.025,0.6381434620893964
16,10,1.025,0.5397300416821682
17,10,1.025,0.21295667203447996
18,10,1.025,0.5438146935766536
19,10,1.025,0.7958665619346548
20,10,1.025,0.30947080095534707
21,10,1.025,0.4535561981536486
22,10,1.025,0.04738726855744062
23,10,1.025,0.5646674322650672
24,10,1.025,0.023670804573527316
25,10,1.025,0.3409741672099197
26,10,1.025,0.5923520713311327
27,10,1.025,0.32437275018354944
28,10,1.025,0.08974578699615188
29,10,1.025,0.8417413539308551
30,10,1.025,0.18950454079464735
31,10,1.025,0.2811845610392405
32,10,1.025,0.692253825299814
33,10,1.025,0.3956582472052118
34,10,1.025,0.39320813152160994
35,10,1.025,0.7099847442677604
36,10,1.025,0.3495131055499713
37,10,1.025,0.18524495048094042
38,10,1.025,0.5763078250759293
39,10,1.025,0.2796361551755821
40,10,1.025,0.7155463111064511
41,10,1.025,0.5677639333507805
42,10,1.025,0.22363827590692326
43,10,1.025,0.6290531352722247
44,10,1.025,0.8100083739400774
45,10,1.025,0.19715530956941787
46,10,1.025,0.209118173645126
47,10,1.025,0.05982210009286224
48,10,1.025,0.0330654421341202
49,10,1.025,0.16500351701186328
50,10,1.025,0.28182226139724265
3,10,1.9,0.11587410132438375
4,10,1.9,1.1274486247682303
5,10,1.9,0.8591733252542764
6,10,1.9,0.418994182377278
7,10,1.9,0.5272923890721997
8,10,1.9,0.8897935671855062
9,10,1.9,1.1148698124983358
10,10,1.9,1.5433119607349746
11,10,1.9,1.0366315496889085
12,10,1.9,0.342665789355266
13,10,1.9,1.192194376073347
14,10,1.9,0.3643118888331872
15,10,1.9,1.060452953659326
16,10,1.9,0.5582270821489048
17,10,1.9,0.17892228369315494
18,10,1.9,0.3123673703451888
19,10,1.9,0.6001678027051408
20,10,1.9,0.2810113234524041
21,10,1.9,0.27923667681219216
22,10,1.9,0.4004294659127759
23,10,1.9,0.06900910708931551
24,10,1.9,0.07586252928118067
25,10,1.9,0.5524175399747704
26,10,1.9,0.7888560628624092
27,10,1.9,0.6469722220452642
28,10,1.9,0.10814350522977732
29,10,1.9,0.06585699693914132
30,10,1.9,0.1741223214776096
31,10,1.9,0.49849434025782663
32,10,1.9,0.802247650156735
33,10,1.9,0.3060145839731503
34,10,1.9,0.2890237617607802
35,10,1.9,0.4626584320871103
36,10,1.9,0.18063748315889203
37,10,1.9,0.3345327453841068
38,10,1.9,0.27857312330436695
39,10,1.9,0.1489594700809747
40,10,1.9,0.59676462144445
41,10,1.9,0.6011423711515348
42,10,1.9,0.4903134278911871
43,10,1.9,0.6570439765637996
44,10,1.9,0.24636545247329023
45,10,1.9,0.6487660784137108
46,10,1.9,0.4423218654692874
47,10,1.9,0.5447416107076964
48,10,1.9,0.733258122170909
49,10,1.9,1.0851376324250148
50,10,1.9,0.2063691491572664
3,14,0.325,0.14382462334583573
4,14,0.325,1.1247350655226633
5,14,0.325,1.1356477402021983
6,14,0.325,0.27658072068190875
7,14,0.325,0.6019266154989984
8,14,0.325,0.009371268144486784
9,14,0.325,0.09898636659069633
10,14,0.325,0.05454759532294505
11,14,0.325,1.0970838907212592
12,14,0.325,0.6989721102952754
13,14,0.325,0.2707316881623243
14,14,0.325,0.27562854953964727
15,14,0.325,0.634153346303071
16,14,0.325,0.2863244788941351
17,14,0.325,0.8398583386153455
18,14,0.325,0.44706393520830495
19,14,0.325,0.7276533596034837
20,14,0.325,1.284736284808592
21,14,0.325,0.4153213981570001
22,14,0.325,1.300636926067432
23,14,0.325,0.5467209261147281
24,14,0.325,0.5941697240603455
25,14,0.325,1.3311812970671588
26,14,0.325,0.38073896748220803
27,14,0.325,0.97528287795824
28,14,0.325,1.3354571848435817
29,14,0.325,0.819731731552783
30,14,0.325,0.6556460335523007
31,14,0.325,0.010774378639318937
32,14,0.325,0.5565815241704148
33,14,0.325,1.1804712297657485
34,14,0.325,0.5087038840641115
35,14,0.325,0.38089962442327474
36,14,0.325,0.3817428125816444
37,14,0.325,0.7111367967667115
38,14,0.325,0.8291860179686373
39,14,0.325,1.0552950556892553
40,14,0.325,0.7711026595983794
41,14,0.325,0.19274939631171098
42,14,0.325,0.3657230859368563
43,14,0.325,0.9484504638171123
44,14,0.325,0.2762671381734622
45,14,0.325,0.49181315855464214
46,14,0.325,0.27476365685722964
47,14,0.325,0.11741005602370135
48,14,0.325,0.6371601151083478
49,14,0.325,0.8554642537869716
50,14,0.325,0.7637733817561856
3,14,0.525,0.5494871448297346
4,14,0.525,0.11996299754896979
5,14,0.525,0.18688917844932235
6,14,0.525,0.2175818499516544
7,14,0.525,0.5119971522769104
8,14,0.525,0.8177051665089893
9,14,0.525,0.27560811542584013
10,14,0.525,0.45253634523577235
11,14,0.525,0.12627982333767238
12,14,0.525,0.6224572649717294
13,14,0.525,0.2099895239588783
14,14,0.525,0.518506294790207
15,14,0.525,0.716770768921847
16,14,0.525,0.6731591511838316
17,14,0.525,0.29129842183777593
18,14,0.525,0.03447916533807537
19,14,0.525,0.5950683131215733
20,14,0.525,0.3228420816905711
21,14,0.525,0.5391123817395359
22,14,0.525,0.10792097216686454
23,14,0.525,0.4409382109234249
24,14,0.525,0.7181360524137115
25,14,0.525,0.2178011527863833
26,14,0.525,1.275683490678847
27,14,0.525,0.6625391409441617
28,14,0.525,1.0326009994535963
29,14,0.525,0.09983845469172255
30,14,0.525,1.360926391331316
31,14,0.525,0.563904101326101
32,14,0.525,0.7109181359763717
33,14,0.525,0.459710299279408
34,14,0.525,1.5188494525855323
35,14,0.525,1.5121731562189984
36,14,0.525,1.1035218536789833
37,14,0.525,0.10135941426646158
38,14,0.525,1.031055045468709
39,14,0.525,1.0820014809180338
40,14,0.525,0.9149750420505339
41,14,0.525,0.5704951780231949
42,14,0.525,1.775557884466007
43,14,0.525,1.3780724680231773
44,14,0.525,1.1969072880535474
45,14,0.525,1.2290147916207756
46,14,0.525,1.7902992933315371
47,14,0.525,2.402219640858736
48,14,0.525,1.438992920344253
49,14,0.525,1.2161789824637723
50,14,0.525,1.3921300249505286
3,14,0.725,0.7604963582820106
4,14,0.725,0.007155723805140649
5,14,0.725,1.660643508664398
6,14,0.725,0.5804485068039413
7,14,0.725,0.18350183593560868
8,14,0.725,0.41210438841334224
9,14,0.725,0.9821721853087235
10,14,0.725,0.878023010582495
11,14,0.725,0.11405238919633034
12,14,0.725,1.4057195220887957
13,14,0.725,0.889768279651266
14,14,0.725,0.5751324067844932
15,14,0.725,0.6975326399760117
16,14,0.725,0.527822724126101
17,14,0.725,0.971574541117721
18,14,0.725,0.8154735876359391
19,14,0.725,0.3518709813694604
20,14,0.725,1.78564723764831
21,14,0.725,0.5032036844230675
22,14,0.725,0.7111355296808617
23,14,0.725,1.1240252388338372
24,14,0.725,0.6946410071978253
25,14,0.725,1.468984186778226
26,14,0.725,0.7414801046561073
27,14,0.725,0.18626915101605188
28,14,0.725,0.3909704568515343
29,14,0.725,2.101452815222925
30,14,0.725,1.4329411553025098
31,14,0.725,0.6603931982471534
32,14,0.725,0.6992531215327853
33,14,0.725,0.15116170240288873
34,14,0.725,0.41901274163367186
35,14,0.725,1.1405613488646404
36,14,0.725,0.36205775747093305
37,14,0.725,0.09181839556514507
38,14,0.725,0.182589380555023
39,14,0.725,0.7743255365362657
40,14,0.725,0.5417041587571703
41,14,0.725,0.08699830237179107
42,14,0.725,0.24702877445090576
43,14,0.725,0.1319401294735848
44,14,0.725,1.4172411192494159
45,14,0.725,0.4839993125912613
46,14,0.725,0.11396298571718559
47,14,0.725,0.32282022696125245
48,14,0.725,0.6715070585083703
49,14,0.725,0.007687096159660586
50,14,0.725,0.8184545009527558
3,14,0.94,0.7984371238073048
4,14,0.94,0.929786418560786
5,14,0.94,1.402456619300194
6,14,0.94,1.7388023938386756
7,14,0.94,0.11001613759693551
8,14,0.94,1.1547895964716526
9,14,0.94,0.5089372284341256
10,14,0.94,0.3233424783780745
11,14,0.94,0.98948209479341
12,14,0.94,0.5708002227035779
13,14,0.94,0.13550777827767385
14,14,0.94,0.582102218951051
15,14,0.94,0.4122419149282026
16,14,0.94,0.1907840613906485
17,14,0.94,0.31356171937423877
18,14,0.94,0.9642018347933968
19,14,0.94,0.9715817247029638
20,14,0.94,0.5716292102038878
21,14,0.94,0.19550702305835355
22,14,0.94,0.40465945189229124
23,14,0.94,0.2166549363066599
24,14,0.94,0.6890918555528968
25,14,0.94,0.22358042575919726
26,14,0.94,0.8719964670236887
27,14,0.94,0.6682136146885267
28,14,0.94,1.0765396508224014
29,14,0.94,0.003832988402947909
30,14,0.94,0.24097377524361402
31,14,0.94,0.27513583220819376
32,14,0.94,0.8412297180318842
33,14,0.94,0.6766907605178848
34,14,0.94,0.6904161436046121
35,14,0.94,0.05295745520682134
36,14,0.94,0.4438923143629596
37,14,0.94,0.2440052575456349
38,14,0.94,0.3840527429991639
39,14,0.94,0.2529688813413142
40,14,0.94,0.011797944891771956
41,14,0.94,0.3300129469508775
42,14,0.94,0.6206903304596536
43,14,0.94,0.2652240620190842
44,14,0.94,0.03372976746294413
45,14,0.94,0.5150160743953158
46,14,0.94,0.5625977727793756
47,14,0.94,0.8423597697036921
48,14,0.94,0.3704196936213399
49,14,0.94,0.013693103210039087
50,14,0.94,0.40627135231314937
3,14,1.0,0.1487664509364855
4,14,1.0,0.46663616725135204
5,14,1.0,0.5604753262258027
6,14,1.0,0.6207414022777962
7,14,1.0,0.938507799744894
8,14,1.0,0.5308477505357971
9,14,1.0,0.6957128415383258
10,14,1.0,0.8002893652145678
11,14,1.0,0.374272926504031
12,14,1.0,0.5627810194693776
13,14,1.0,0.1303018900991988
14,14,1.0,0.8242755589357059
15,14,1.0,0.2638742151935367
16,14,1.0,0.25793748005046957
17,14,1.0,1.1637001009051287
18,14,1.0,0.15823277855254328
19,14,1.0,0.37932545242401444
20,14,1.0,0.3764899661834422
21,14,1.0,0.635986595420674
22,14,1.0,1.4709537102550347
23,14,1.0,0.5034265307147393
24,14,1.0,0.22439165428983407
25,14,1.0,0.6597393526703947
26,14,1.0,0.536095824528998
27,14,1.0,0.4814208758762907
28,14,1.0,0.29302291810648756
29,14,1.0,0.3672025000446043
30,14,1.0,0.4768397162186892
31,14,1.0,0.2591291802490052
32,14,1.0,0.6367613284322938
33,14,1.0,0.4989520758546401
34,14,1.0,0.9014421120368462
35,14,1.0,0.306378856190994
36,14,1.0,0.5480234276476456
37,14,1.0,0.6440336509095996
38,14,1.0,0.5926932408153471
39,14,1.0,0.4625441671963169
40,14,1.0,0.6914506410459823
41,14,1.0,0.11991131435953573
42,14,1.0,0.6609926128288006
43,14,1.0,0.42155236367028914
44,14,1.0,0.3965954787697319
45,14,1.0,0.020199389517764416
46,14,1.0,0.3463664610972571
47,14,1.0,0.31865187906259035
48,14,1.0,0.1892073807136296
49,14,1.0,0.5450361273696571
50,14,1.0,0.22120140208429026
3,14,1.06,0.7060485488337092
4,14,1.06,3.5515676141882313
5,14,1.06,2.0100072365894843
6,14,1.06,1.8577866001205263
7,14,1.06,1.7103570114078255
8,14,1.06,1.6073761293448143
9,14,1.06,1.7831204716406046
10,14,1.06,1.3459492748855562
11,14,1.06,1.431683135626474
12,14,1.06,2.1983867746639425
13,14,1.06,1.981531393934142
14,14,1.06,1.6240881842001513
15,14,1.06,1.3629882000896285
16,14,1.06,1.2376564243263153
17,14,1.06,0.7130808970736401
18,14,1.06,2.7888414608275136
19,14,1.06,0.8556585690934657
20,14,1.06,1.2327041359925426
21,14,1.06,0.7340178652096525
22,14,1.06,0.5591220346129074
23,14,1.06,0.27805234707588683
24,14,1.06,1.5101345275295892
25,14,1.06,1.1138550534811367
26,14,1.06,0.4862502001246524
27,14,1.06,1.7172454379237405
28,14,1.06,1.429334080731722
29,14,1.06,1.041561654945355
30,14,1.06,0.15541878128442504
31,14,1.06,0.40333318638116483
32,14,1.06,0.2067363987051498
33,14,1.06,1.1450427400150271
34,14,1.06,0.4307614016443127
35,14,1.06,0.930436898411058
36,14,1.06,0.4449220791994552
37,14,1.06,0.08184049265872735
38,14,1.06,0.24326065170393135
39,14,1.06,0.28798398733806696
40,14,1.06,0.2769478696015303
41,14,1.06,0.06286910323752809
42,14,1.06,0.08517898132237053
43,14,1.06,0.14715719127954177
44,14,1.06,0.27202894148220497
45,14,1.06,0.09155402042043016
46,14,1.06,0.9829122323164154
47,14,1.06,0.14692371382607125
48,14,1.06,0.2153903856662612
49,14,1.06,0.5187589499186094
50,14,1.06,0.39509215781897256
3,14,1.275,0.8405618713447822
4,14,1.275,1.1103186337923825
5,14,1.275,1.1396984820069311
6,14,1.275,0.5904944040208402
7,14,1.275,1.4231015795784472
8,14,1.275,0.47157638081565856
9,14,1.275,0.00568765518292698
10,14,1.275,0.48028511342657193
11,14,1.275,0.12404319010321893
12,14,1.275,0.5704537010788681
13,14,1.275,0.6966540786890433
14,14,1.275,1.3113991499690647
15,14,1.275,1.1889133686694806
16,14,1.275,1.7764194340276274
17,14,1.275,1.0333726883437555
18,14,1.275,1.0703506701121837
19,14,1.275,0.6341236112096699
20,14,1.275,1.1565524163869523
21,14,1.275,1.3452029216268573
22,14,1.275,1.5418584843677527
23,14,1.275,1.4181989607243282
24,14,1.275,1.028504426138499
25,14,1.275,1.154016518053612
26,14,1.275,0.6928887910488594
27,14,1.275,0.3603251008118657
28,14,1.275,0.9362149147577301
29,14,1.275,0.5287342614613938
30,14,1.275,1.0063707375028899
31,14,1.275,0.38295149815771123
32,14,1.275,1.2409232772286112
33,14,1.275,1.0673426453391675
34,14,1.275,0.2706927125908543
35,14,1.275,0.2849522453947331
36,14,1.275,0.2986424294593016
37,14,1.275,1.0931385411564873
38,14,1.275,1.2403628596641072
39,14,1.275,0.7460121272968798
40,14,1.275,0.3769855855399346
41,14,1.275,0.18593963229086743
42,14,1.275,0.1901175617529375
43,14,1.275,0.10250146319956506
44,14,1.275,0.4595742390998431
45,14,1.275,0.49841432949953407
46,14,1.275,0.7770922711739376
47,14,1.275,0.38640354494385903
48,14,1.275,0.25843513957267394
49,14,1.275,0.2187039444429912
50,14,1.275,0.46870808628642935
3,14,1.675,0.2706476152076574
4,14,1.675,0.8119994988470624
5,14,1.675,0.16301289292459165
6,14,1.675,0.06372779199798502
7,14,1.675,0.746733737743722
8,14,1.675,0.8001835375764866
9,14,1.675,1.6782841224665015
10,14,1.675,0.619034122527063
11,14,1.675,0.5701988457070352
12,14,1.675,0.8715337951831912
13,14,1.675,1.2428217147420861
14,14,1.675,0.814247482368485
15,14,1.675,0.03992842329433892
16,14,1.675,0.39188901834947326
17,14,1.675,0.2997997471224424
18,14,1.675,0.5250991654098589
19,14,1.675,0.14086136121751203
20,14,1.675,0.3025311090821019
21,14,1.675,0.5337682420601231
22,14,1.675,0.5248881757588523
23,14,1.675,0.23616383175819738
24,14,1.675,0.21427919381163668
25,14,1.675,0.12967000869213113
26,14,1.675,0.261995878554585
27,14,1.675,0.01979329576723216
28,14,1.675,0.3024752826045556
29,14,1.675,0.5468036452637774
30,14,1.675,0.16652726805177934
31,14,1.675,0.054820523463680174
32,14,1.675,0.1439929138410351
33,14,1.675,0.3632210720905083
34,14,1.675,0.16852167397957574
35,14,1.675,0.06198375855750762
36,14,1.675,0.297014645215673
37,14,1.675,0.14023491082287115
38,14,1.675,0.27499637183999354
39,14,1.675,0.07931931948598647
40,14,1.675,0.3547921881849259
41,14,1.675,0.6611489498970249
42,14,1.675,0.27453878898078543
43,14,1.675,0.9743911991824586
44,14,1.675,0.23865499393801898
45,14,1.675,0.17425279073332203
46,14,1.675,0.8199160543334397
47,14,1.675,0.5267122172766597
48,14,1.675,0.13920985082012965
49,14,1.675,0.11575790884402731
50,14,1.675,0.6263550348610589
3,14,1.875,0.12426355924626238
4,14,1.875,0.5981839982335515
5,14,1.875,0.1062347162966108
6,14,1.875,0.7565171088233305
7,14,1.875,0.5884272201866967
8,14,1.875,0.4434637313462512
9,14,1.875,0.4098000644573487
10,14,1.875,1.1647481616463502
11,14,1.875,0.11781818365627582
12,14,1.875,0.37150668143994475
13,14,1.875,0.4850061100041921
14,14,1.875,0.6875055248325909
15,14,1.875,0.4343284453203262
16,14,1.875,0.2540655622881047
17,14,1.875,0.1370551968274929
18,14,1.875,0.11367380795002094
19,14,1.875,0.24785959814213657
20,14,1.875,0.21719159202227717
21,14,1.875,0.41664805235837504
22,14,1.875,0.5464221637987499
23,14,1.875,0.5315327196365746
24,14,1.875,0.5214459099773454
25,14,1.875,0.19007380266531274
26,14,1.875,0.5728259028579953
27,14,1.875,0.3478693467019667
28,14,1.875,0.6666791659025574
29,14,1.875,0.0055091833216482046
30,14,1.875,0.4132068011648242
31,14,1.875,0.6000102352328668
32,14,1.875,0.33899662159451865
33,14,1.875,0.04171395524843589
34,14,1.875,0.909178601069946
35,14,1.875,0.4732202388078346
36,14,1.875,0.009629202509841913
37,14,1.875,0.652430212563179
38,14,1.875,0.14737577819330921
39,14,1.875,0.48058308226266844
40,14,1.875,0.1252518687344078
41,14,1.875,0.09324849101086247
42,14,1.875,0.03352922451715
43,14,1.875,0.053254694298075354
44,14,1.875,0.47823559792391074
45,14,1.875,0.5842362676848865
46,14,1.875,0.5619414636211304
47,14,1.875,0.075987980504547
48,14,1.875,0.9820116765912575
49,14,1.875,0.4376891849564097
50,14,1.875,0.17743429216507942
3,28,0.325,0.16401849308602617
4,28,0.325,2.0483880890988737
5,28,0.325,1.9953840193258716
6,28,0.325,1.949900522595509
7,28,0.325,1.6538667486811467
8,28,0.325,1.2782070316185412
9,28,0.325,1.6563168511024031
10,28,0.325,1.2849561069505946
11,28,0.325,0.9669643449745127
12,28,0.325,1.0216159180599618
13,28,0.325,1.100367816957539
14,28,0.325,0.6091066425227418
15,28,0.325,0.4176663371487764
16,28,0.325,0.61101806981797
17,28,0.325,0.7610113032180457
18,28,0.325,0.4663860612689837
19,28,0.325,0.04473689263761741
20,28,0.325,0.7287635246690114
21,28,0.325,0.1787739552627981
22,28,0.325,0.14996846328677058
23,28,0.325,0.35061805246811734
24,28,0.325,0.589989477344072
25,28,0.325,0.3755191565244299
26,28,0.325,0.4819371813291469
27,28,0.325,0.1670419316251222
28,28,0.325,0.025877230292370972
29,28,0.325,0.19121924261668638
30,28,0.325,0.12286670915012499
31,28,0.325,0.26699842567526916
32,28,0.325,0.2243526608614889
33,28,0.325,0.2452428261997981
34,28,0.325,0.6363664521061165
35,28,0.325,0.007383198137116189
36,28,0.325,0.5357305406371611
37,28,0.325,0.44763012028059085
38,28,0.325,0.4379505268048386
39,28,0.325,0.4217099548402931
40,28,0.325,0.12474470425026896
41,28,0.325,0.19374572834699597
42,28,0.325,0.04752257322228263
43,28,0.325,0.07088617764769896
44,28,0.325,0.21853921723226474
45,28,0.325,0.13848652030060282
46,28,0.325,0.1299181801356168
47,28,0.325,0.5046444353218887
48,28,0.325,0.505235745404003
49,28,0.325,0.6458998303709317
50,28,0.325,0.024132608136930002
3,28,0.525,0.05312468639587457
4,28,0.525,0.7029259880180713
5,28,0.525,0.7814144660160991
6,28,0.525,0.12139279029630087
7,28,0.525,0.6232283972464345
8,28,0.525,0.05834463488423549
9,28,0.525,0.034812892212750385
10,28,0.525,0.6103276452036515
11,28,0.525,0.414931559046412
12,28,0.525,0.12644705185756286
13,28,0.525,0.015590800315014438
14,28,0.525,0.01799208539533873
15,28,0.525,0.5580011367842642
16,28,0.525,0.35982619305964364
17,28,0.525,0.7972334124052824
18,28,0.525,0.4978832633337749
19,28,0.525,0.25580148396489977
20,28,0.525,0.06538647597541017
21,28,0.525,0.7645409580368787
22,28,0.525,0.6300247321275351
23,28,0.525,0.0843619997497901
24,28,0.525,0.17351359381536346
25,28,0.525,0.24067069027946061
26,28,0.525,0.35642268181518394
27,28,0.525,0.07344029367129164
28,28,0.525,0.5352443835149023
29,28,0.525,0.7017529391006597
30,28,0.525,0.3874927342311333
31,28,0.525,0.5540871949322427
32,28,0.525,0.20291089456149153
33,28,0.525,0.4055849556212383
34,28,0.525,0.2021260375566619
35,28,0.525,0.1042156387810764
36,28,0.525,0.7861083147373013
37,28,0.525,0.07007481043031479
38,28,0.525,0.11422948607135279
39,28,0.525,0.5551304667903059
40,28,0.525,0.5284189576911352
41,28,0.525,0.8061307338289039
42,28,0.525,0.21721541723123106
43,28,0.525,0.8857042827315293
44,28,0.525,0.5600440799076318
45,28,0.525,0.18339591007778347
46,28,0.525,0.7578803585048388
47,28,0.525,0.14050679504892513
48,28,0.525,1.0408314532740648
49,28,0.525,1.4002778493254886
50,28,0.525,0.16513414806381554
3,28,0.725,0.4579945779355981
4,28,0.725,0.3813895293845611
5,28,0.725,0.662279668803272
6,28,0.725,0.2589412274690077
7,28,0.725,0.09346826407842124
8,28,0.725,0.019901647510650468
9,28,0.725,0.3837704401144026
10,28,0.725,0.2530147422718655
11,28,0.725,0.22260713662116846
12,28,0.725,0.5075434359521932
13,28,0.725,0.09652402195955836
14,28,0.725,0.17612836128442771
15,28,0.725,0.5650673754561111
16,28,0.725,0.5533290259157629
17,28,0.725,0.691479132189171
18,28,0.725,1.0794545114982372
19,28,0.725,1.3620482149747826
20,28,0.725,1.6565266771721647
21,28,0.725,1.5674020421502621
22,28,0.725,1.1556688802697332
23,28,0.725,1.306576538364798
24,28,0.725,1.758173643673951
25,28,0.725,2.176281158841199
26,28,0.725,1.5334590717693317
27,28,0.725,1.4373910659939881
28,28,0.725,1.950303220743618
29,28,0.725,0.7890811830761889
30,28,0.725,0.7549935270423707
31,28,0.725,2.0364856840328334
32,28,0.725,1.7035949680924967
33,28,0.725,2.3838503914309683
34,28,0.725,1.7622916377470081
35,28,0.725,2.2242127381971146
36,28,0.725,1.9606930431607925
37,28,0.725,1.8744564320118438
38,28,0.725,1.7028230817919643
39,28,0.725,2.4846213964069688
40,28,0.725,1.6501866685844044
41,28,0.725,2.5284798903763304
42,28,0.725,2.1183585319943767
43,28,0.725,2.15540474520649
44,28,0.725,1.8949900988821144
45,28,0.725,2.246230565649247
46,28,0.725,2.4276076127811703
47,28,0.725,2.585312613642249
48,28,0.725,2.190495303832278
49,28,0.725,2.8449018837989564
50,28,0.725,2.834152267271563
3,28,0.94,0.010742468939626387
4,28,0.94,0.48008498080198475
5,28,0.94,0.09227598032452212
6,28,0.94,0.1674870986237027
7,28,0.94,1.0707157317862679
8,28,0.94,0.02629131502080965
9,28,0.94,1.071675130729423
10,28,0.94,0.4753463897130705
11,28,0.94,0.6758025885039645
12,28,0.94,1.2993432418058657
13,28,0.94,0.7646034360555077
14,28,0.94,0.7795777295851805
15,28,0.94,1.2157719757377794
16,28,0.94,1.3343580009330271
17,28,0.94,1.5145598282275254
18,28,0.94,1.0800208479237285
19,28,0.94,1.5762697008282152
20,28,0.94,0.6089527901835945
21,28,0.94,1.4094089367074454
22,28,0.94,1.7259862254240008
23,28,0.94,1.2317630250158806
24,28,0.94,1.1859544782284386
25,28,0.94,1.248955759862593
26,28,0.94,0.5635606731359569
27,28,0.94,0.4932661092713823
28,28,0.94,1.7214539923692647
29,28,0.94,0.9472366570794191
30,28,0.94,0.9690620195876118
31,28,0.94,1.8199932742302933
32,28,0.94,1.3901166753353704
33,28,0.94,1.99305505142692
34,28,0.94,0.864114097610492
35,28,0.94,1.6244099506046863
36,28,0.94,1.1175519400522567
37,28,0.94,1.0577691864088152
38,28,0.94,1.4255669541007205
39,28,0.94,1.9828007899210311
40,28,0.94,1.3115109857141343
41,28,0.94,1.5429404691952067
42,28,0.94,1.1497870897237563
43,28,0.94,1.4806928606754015
44,28,0.94,1.666083625552112
45,28,0.94,1.0821277127585522
46,28,0.94,1.0891703752507924
47,28,0.94,1.0195250988526303
48,28,0.94,1.0205948006357404
49,28,0.94,0.9300924999361561
50,28,0.94,1.218954796520684
3,28,1.0,0.3015635593673053
4,28,1.0,0.9166445202477221
5,28,1.0,0.21822348699287977
6,28,1.0,1.6840742889423832
7,28,1.0,0.42246634634962743
8,28,1.0,0.1411896131963597
9,28,1.0,0.2747902486164493
10,28,1.0,0.9884734151092004
11,28,1.0,0.3064838243930204
12,28,1.0,0.014659753038942375
13,28,1.0,0.10777662252441748
14,28,1.0,0.02740478804908903
15,28,1.0,0.60130163192775
16,28,1.0,0.45239540494840313
17,28,1.0,0.9218320470884646
18,28,1.0,0.2108825566074277
19,28,1.0,0.10127454522086754
20,28,1.0,0.18352287099510048
21,28,1.0,0.5903049989197783
22,28,1.0,0.1581250258778883
23,28,1.0,0.37296574647630987
24,28,1.0,0.1511636323182718
25,28,1.0,0.06271585625796795
26,28,1.0,0.5114211002271553
27,28,1.0,0.29208594397193366
28,28,1.0,0.16641992110969736
29,28,1.0,0.41201614022314015
30,28,1.0,0.25493821565285624
31,28,1.0,0.3645782385984006
32,28,1.0,0.039512841959573095
33,28,1.0,0.4511292258269264
34,28,1.0,0.005166468805215718
35,28,1.0,0.16053562960913573
36,28,1.0,0.45938779208654235
37,28,1.0,0.39321532943765103
38,28,1.0,0.585312068720698
39,28,1.0,0.7788839479191872
40,28,1.0,0.8584051026684136
41,28,1.0,0.19825253455811104
42,28,1.0,0.048242845088790155
43,28,1.0,0.3488474504267166
44,28,1.0,0.026522001232441535
45,28,1.0,0.3874908563959554
46,28,1.0,0.015336473147057947
47,28,1.0,1.136557969894712
48,28,1.0,0.14405477903261119
49,28,1.0,0.37629207311551094
50,28,1.0,0.620883207075002
3,28,1.06,0.2110717379848268
4,28,1.06,3.8395381136912854
5,28,1.06,1.9760742783283163
6,28,1.06,1.092450748033003
7,28,1.06,0.9384637788395246
8,28,1.06,1.5498963060159945
9,28,1.06,1.3107191147781578
10,28,1.06,1.9300492297051326
11,28,1.06,2.235390359661814
12,28,1.06,2.2028348502594794
13,28,1.06,2.0986256048892065
14,28,1.06,1.9976593709266632
15,28,1.06,2.409851068862394
16,28,1.06,2.0426558511991555
17,28,1.06,2.3167569269239916
18,28,1.06,1.5681237698448516
19,28,1.06,2.371887677305541
20,28,1.06,1.9886684765377374
21,28,1.06,1.4282546317734104
22,28,1.06,1.7511836503497042
23,28,1.06,1.2285491185242197
24,28,1.06,1.7681013204474638
25,28,1.06,1.788815972495832
26,28,1.06,1.562776830376877
27,28,1.06,1.3820257336020154
28,28,1.06,1.0213285576702573
29,28,1.06,0.9497954900613934
30,28,1.06,1.0357892856165034
31,28,1.06,0.9141346170137634
32,28,1.06,0.6895639754085551
33,28,1.06,0.3232456047018809
34,28,1.06,1.0671603831691083
35,28,1.06,0.10408361143055626
36,28,1.06,0.8746670040867646
37,28,1.06,0.35902358963240294
38,28,1.06,0.01519099265440336
39,28,1.06,0.8934697714099361
40,28,1.06,0.8244402689533246
41,28,1.06,0.7902266805812521
42,28,1.06,0.19834331889308862
43,28,1.06,0.5634717937179969
44,28,1.06,0.6403745933972607
45,28,1.06,0.4424239366448521
46,28,1.06,0.10616604549978101
47,28,1.06,0.8111214828228643
48,28,1.06,0.414636730176577
49,28,1.06,1.7207950409305137
50,28,1.06,1.0344840839295764
3,28,1.275,0.4601518489438985
4,28,1.275,0.7640287770509031
5,28,1.275,0.8451105026331656
6,28,1.275,1.6024424452209614
7,28,1.275,1.7670315795450278
8,28,1.275,2.275564361116278
9,28,1.275,1.7792183409444824
10,28,1.275,1.6485823379024107
11,28,1.275,0.9081602350795954
12,28,1.275,1.6979849006196417
13,28,1.275,0.9456494540521342
14,28,1.275,0.2881907004151796
15,28,1.275,0.48598372849652255
16,28,1.275,0.3885339072657042
17,28,1.275,0.48068659309900486
18,28,1.275,0.20878555228771206
19,28,1.275,0.7730885474559331
20,28,1.275,0.47787954156244816
21,28,1.275,0.29345236772263567
22,28,1.275,0.5500917136526223
23,28,1.275,0.023042273358253373
24,28,1.275,0.07562082773530292
25,28,1.275,0.6308085502796815
26,28,1.275,0.05687726073857788
27,28,1.275,0.19710545856133857
28,28,1.275,0.2521410489094802
29,28,1.275,0.9244854767847954
30,28,1.275,0.6280723309252776
31,28,1.275,0.38837957409562396
32,28,1.275,0.006913336087716938
33,28,1.275,0.43026413149250314
34,28,1.275,0.2505623436126771
35,28,1.275,0.9549530213200131
36,28,1.275,0.21144336498891608
37,28,1.275,0.4132533084450394
38,28,1.275,0.4356821893318564
39,28,1.275,0.19887767707845325
40,28,1.275,0.2752673911845188
41,28,1.275,0.04831459694757746
42,28,1.275,0.48088251985231745
43,28,1.275,0.3534406135163894
44,28,1.275,0.45005114510562233
45,28,1.275,0.6834365312073662
46,28,1.275,0.1644862840306186
47,28,1.275,0.2775796909183062
48,28,1.275,0.15286252914218235
49,28,1.275,0.8129683291603882
50,28,1.275,0.03694851372403827
3,28,1.675,0.3603531491435176
4,28,1.675,1.2029273167646926
5,28,1.675,0.4968259524380967
6,28,1.675,0.7536531047189957
7,28,1.675,0.21477020399977828
8,28,1.675,0.05616259940885721
9,28,1.675,0.2241696198980222
10,28,1.675,0.14160193147651148
11,28,1.675,0.3360704400079042
12,28,1.675,0.3100378365810235
13,28,1.675,0.4785645609828347
14,28,1.675,0.29827319397736807
15,28,1.675,0.014904375031827077
16,28,1.675,0.9608444466723893
17,28,1.675,0.35985794153774486
18,28,1.675,0.49234829070140806
19,28,1.675,0.9252880279627451
20,28,1.675,0.2607730006956599
21,28,1.675,0.2139497310274649
22,28,1.675,0.6498773762117673
23,28,1.675,0.4877325974808928
24,28,1.675,0.26592932835751937
25,28,1.675,0.7061379743398105
26,28,1.675,0.20279533388322968
27,28,1.675,0.22318528837632332
28,28,1.675,0.26070856738225184
29,28,1.675,0.5102548231801424
30,28,1.675,0.6544699089168804
31,28,1.675,0.04773786293364355
32,28,1.675,0.21929899785388002
33,28,1.675,0.3605960270417151
34,28,1.675,0.2152067991675181
35,28,1.675,0.39044496244997134
36,28,1.675,0.25349085219461476
37,28,1.675,0.4022745187711836
38,28,1.675,0.13908294915210628
39,28,1.675,0.6192430871117129
40,28,1.675,0.6833665506279042
41,28,1.675,0.08265221210858864
42,28,1.675,0.4300959857934763
43,28,1.675,0.057910589163703535
44,28,1.675,0.1756827044986811
45,28,1.675,0.3569900719738632
46,28,1.675,0.08211661366284664
47,28,1.675,0.16728224151368074
48,28,1.675,0.23340358625959876
49,28,1.675,0.07742100392521542
50,28,1.675,0.7826030530956626
3,28,1.875,0.009569342930161933
4,28,1.875,1.9141064454869894
5,28,1.875,1.2774065484736634
6,28,1.875,0.44368739306417593
7,28,1.875,0.25296798195856807
8,28,1.875,0.37477639490974174
9,28,1.875,0.25830751501445026
10,28,1.875,0.26733711557704415
11,28,1.875,1.5841825205337416
12,28,1.875,1.1579606993540386
13,28,1.875,1.0535642343721154
14,28,1.875,1.2816202480164163
15,28,1.875,0.7081986146780713
16,28,1.875,0.5819416400784146
17,28,1.875,0.23819813791585437
18,28,1.875,0.3629992015148845
19,28,1.875,0.17866310162896504
20,28,1.875,0.7842792979093601
21,28,1.875,0.2346698607897829
22,28,1.875,0.0077906453134062685
23,28,1.875,0.29552079768711625
24,28,1.875,0.6358495428107337
25,28,1.875,0.6115995185253115
26,28,1.875,0.39335438874628786
27,28,1.875,0.003798755166141643
28,28,1.875,0.08737739050798232
29,28,1.875,0.17102544668875358
30,28,1.875,0.010199039591325927
31,28,1.875,0.019359106019275707
32,28,1.875,0.7082441439510889
33,28,1.875,0.5594250523184292
34,28,1.875,0.1370679638123035
35,28,1.875,0.5510182851919122
36,28,1.875,0.09534573134462172
37,28,1.875,0.15934047906999357
38,28,1.875,0.28448269901253853
39,28,1.875,0.3561941659733742
40,28,1.875,0.4792023171471419
41,28,1.875,0.43866743867002606
42,28,1.875,0.33218494623064654
43,28,1.875,0.33257921279503616
44,28,1.875,0.029264898493383484
45,28,1.875,0.32374881961375235
46,28,1.875,0.03980290202611852
47,28,1.875,0.33331401489675994
48,28,1.875,0.05984018518789992
49,28,1.875,0.029914679726178173
50,28,1.875,0.6841043395676387
3,56,0.325,0.06736678085063838
4,56,0.325,0.3475619106247695
5,56,0.325,0.9488082584685793
6,56,0.325,1.186588166330761
7,56,0.325,1.1629990666616525
8,56,0.325,1.2557179661472442
9,56,0.325,1.0238374597527458
10,56,0.325,1.4986970004818356
11,56,0.325,1.800126187928904
12,56,0.325,1.5400268066813672
13,56,0.325,1.7098612226370409
14,56,0.325,1.2465898687160175
15,56,0.325,1.8910372216705333
16,56,0.325,1.794076248012138
17,56,0.325,1.843747069356431
18,56,0.325,1.8892694904615204
19,56,0.325,1.8666120054543287
20,56,0.325,1.6406681028619938
21,56,0.325,1.711294815273184
22,56,0.325,1.9586760397282361
23,56,0.325,1.537075129226938
24,56,0.325,1.8381498527065825
25,56,0.325,1.7826897700613056
26,56,0.325,1.9813347803740575
27,56,0.325,1.650200728881605
28,56,0.325,1.7686103518340541
29,56,0.325,1.64653840395633
30,56,0.325,1.6840000156145833
31,56,0.325,1.3837776666075998
32,56,0.325,1.7294472974441513
33,56,0.325,1.9190982267937746
34,56,0.325,1.568881249673808
35,56,0.325,1.8034407461224211
36,56,0.325,1.6819416307894015
37,56,0.325,1.411544819482312
38,56,0.325,1.5345082148299807
39,56,0.325,1.5150632252429403
40,56,0.325,1.6211118610961028
41,56,0.325,1.6617143010305993
42,56,0.325,1.8470966899295602
43,56,0.325,1.5184839481289931
44,56,0.325,1.7288648912100049
45,56,0.325,1.6276102680675613
46,56,0.325,1.4974136486047265
47,56,0.325,1.0691480391332029
48,56,0.325,1.282642530225447
49,56,0.325,1.4511411085994308
50,56,0.325,1.30273115000924
3,56,0.525,0.08806856385016178
4,56,0.525,0.03676401693329123
5,56,0.525,0.5156562457438949
6,56,0.525,0.2847737635024805
7,56,0.525,0.40096369708063445
8,56,0.525,0.770898745841674
9,56,0.525,0.7352110571882058
10,56,0.525,0.4499643514954762
11,56,0.525,0.671312527961868
12,56,0.525,0.6457336891101467
13,56,0.525,0.2868544249402692
14,56,0.525,0.25432539973535034
15,56,0.525,0.11692303014567156
16,56,0.525,0.3718819253492677
17,56,0.525,0.20579210544296872
18,56,0.525,0.05276884842908573
19,56,0.525,0.16644504762600643
20,56,0.525,0.09915056961715454
21,56,0.525,0.5810593540588792
22,56,0.525,0.2110974698637853
23,56,0.525,0.24697252411428233
24,56,0.525,0.7802911829798874
25,56,0.525,0.09230126460028217
26,56,0.525,0.102855500507305
27,56,0.525,0.12200566607160658
28,56,0.525,0.025571591946520752
29,56,0.525,0.21582958148050305
30,56,0.525,0.01116295232516025
31,56,0.525,0.2679766720707698
32,56,0.525,0.45223217481821004
33,56,0.525,0.032216364054473326
34,56,0.525,0.03729788320839573
35,56,0.525,0.2614175790466363
36,56,0.525,0.2335402012376543
37,56,0.525,0.009918132888208121
38,56,0.525,0.016031655638547134
39,56,0.525,0.13552882954830162
40,56,0.525,0.31243329880927345
41,56,0.525,0.13145014878417405
42,56,0.525,0.3057562823730051
43,56,0.525,0.02084840711658744
44,56,0.525,0.012090206142886271
45,56,0.525,0.14013898319776724
46,56,0.525,0.16836886086733768
47,56,0.525,0.3346381283747391
48,56,0.525,0.11846078605934005
49,56,0.525,0.09186638684230569
50,56,0.525,0.05624292440813975
3,56,0.725,0.6052097126941067
4,56,0.725,0.2212398784191002
5,56,0.725,0.1014092818614572
6,56,0.725,0.17248698546477248
7,56,0.725,0.026519325932221165
8,56,0.725,0.30750893876857266
9,56,0.725,0.03627638250033405
10,56,0.725,0.9338498923499929
11,56,0.725,0.02959208765926332
12,56,0.725,0.4311206532933553
13,56,0.725,0.03685225659598778
14,56,0.725,0.5914570245934397
15,56,0.725,0.019705271100982285
16,56,0.725,0.3415618712896149
17,56,0.725,0.1812177487755853
18,56,0.725,0.6076360714412281
19,56,0.725,0.03601390519396003
20,56,0.725,0.2753135924013046
21,56,0.725,0.4027500649056894
22,56,0.725,0.04426611072240281
23,56,0.725,0.41251294352217943
24,56,0.725,0.2246036599467436
25,56,0.725,0.4243784793497822
26,56,0.725,0.012954402306995634
27,56,0.725,0.09103532619431917
28,56,0.725,0.18942472793636514
29,56,0.725,0.531579815241745
30,56,0.725,0.06769075572158774
31,56,0.725,0.12955077741255522
32,56,0.725,0.3308089291844486
33,56,0.725,0.3296980864933715
34,56,0.725,0.3677934036509576
35,56,0.725,0.3773356659663973
36,56,0.725,0.2564783009809056
37,56,0.725,0.27785524042234566
38,56,0.725,0.1706946137464985
39,56,0.725,0.2582449332871145
40,56,0.725,0.4234644059987623
41,56,0.725,0.04648065370788141
42,56,0.725,0.2715332087281247
43,56,0.725,0.4925295510322992
44,56,0.725,0.1754710520466688
45,56,0.725,0.17120033271146656
46,56,0.725,0.021246132057427303
47,56,0.725,0.36874196089326
48,56,0.725,0.24918118724536714
49,56,0.725,0.20132774062560058
50,56,0.725,0.47144602506388256
3,56,0.94,0.20466460756732777
4,56,0.94,0.8678570767382771
5,56,0.94,2.505293208855287
6,56,0.94,0.9256474123137499
7,56,0.94,0.9331044514247676
8,56,0.94,0.6144594788354039
9,56,0.94,1.036059580672326
10,56,0.94,0.30525771730130496
11,56,0.94,2.4530673238599134
12,56,0.94,1.1405321559701456
13,56,0.94,1.6669206932698706
14,56,0.94,1.576270261344458
15,56,0.94,2.153422909053625
16,56,0.94,0.9031073671512001
17,56,0.94,1.9476255759908265
18,56,0.94,0.5398292687761439
19,56,0.94,1.7414124230313262
20,56,0.94,0.7370896495994128
21,56,0.94,1.0936349510601888
22,56,0.94,1.2031491281042217
23,56,0.94,1.2744543886716289
24,56,0.94,0.6983373507297794
25,56,0.94,1.1506645735120271
26,56,0.94,0.6004044588858352
27,56,0.94,0.6072736769644289
28,56,0.94,0.5447781430627314
29,56,0.94,0.590168948712173
30,56,0.94,0.8826647599695481
31,56,0.94,0.39931051284143887
32,56,0.94,0.8738029368088931
33,56,0.94,0.016683406663545074
34,56,0.94,0.2403284829174497
35,56,0.94,0.20533432861649803
36,56,0.94,0.18137952823441167
37,56,0.94,0.10207221121049616
38,56,0.94,0.04852391164958031
39,56,0.94,0.43317818946887127
40,56,0.94,0.23081201710528484
41,56,0.94,0.4128727337266485
42,56,0.94,0.22386590507001008
43,56,0.94,0.3613470771806102
44,56,0.94,0.030125557852566223
45,56,0.94,0.3930231922834306
46,56,0.94,0.4702407834062239
47,56,0.94,0.13485724833500393
48,56,0.94,0.26940032894871385
49,56,0.94,0.07393380638522516
50,56,0.94,0.2198887632076218
3,56,1.0,0.4719436777838406
4,56,1.0,0.17217238817170613
5,56,1.0,0.5524351717735014
6,56,1.0,0.51586169372593
7,56,1.0,0.27660631558586146
8,56,1.0,1.8116131880779565
9,56,1.0,0.7782131059940314
10,56,1.0,0.18592901021119698
11,56,1.0,0.5950425728002959
12,56,1.0,0.872310682466713
13,56,1.0,0.7090282900625899
14,56,1.0,0.974350669802836
15,56,1.0,0.3301340096748357
16,56,1.0,0.8482359940758852
17,56,1.0,0.5086131004326528
18,56,1.0,0.5643075242176145
19,56,1.0,0.3892729481155029
20,56,1.0,0.0344947392556889
21,56,1.0,0.5034949403926627
22,56,1.0,0.001659044730338411
23,56,1.0,0.40508465101094315
24,56,1.0,0.6391535361557401
25,56,1.0,0.18032976676808943
26,56,1.0,0.35895165656940065
27,56,1.0,0.2723344581298741
28,56,1.0,0.118402704097726
29,56,1.0,0.6121212597708557
30,56,1.0,0.5799205264376983
31,56,1.0,0.8605402396907803
32,56,1.0,0.2489185606275954
33,56,1.0,0.33548934370709954
34,56,1.0,1.0261541165976462
35,56,1.0,0.09241747895917124
36,56,1.0,0.06233730337631059
37,56,1.0,0.0180966778230416
38,56,1.0,0.9344892338355868
39,56,1.0,0.315110516237503
40,56,1.0,0.5070365528918367
41,56,1.0,0.03769139193055499
42,56,1.0,0.8888727443270004
43,56,1.0,0.06298794102591956
44,56,1.0,0.3170309594798428
45,56,1.0,0.24512663231699997
46,56,1.0,0.6472380547944697
47,56,1.0,0.44361202883086875
48,56,1.0,1.0393993699512136
49,56,1.0,0.008176751026616056
50,56,1.0,0.15286280356581644
3,56,1.06,0.7649958786480423
4,56,1.06,1.2167215501192274
5,56,1.06,0.8055658283267455
6,56,1.06,0.49514783648621985
7,56,1.06,0.42247880514668007
8,56,1.06,0.59376961385764
9,56,1.06,0.1133922067329861
10,56,1.06,1.4179498591940922
11,56,1.06,2.270411757793713
12,56,1.06,0.9152930575086387
13,56,1.06,2.1553084597053793
14,56,1.06,1.498078179777654
15,56,1.06,1.3389255313794288
16,56,1.06,1.9387652270338118
17,56,1.06,1.5283541858910108
18,56,1.06,1.8689145340098325
19,56,1.06,0.9509799238830712
20,56,1.06,1.255313094389876
21,56,1.06,1.3938617029880105
22,56,1.06,1.0276826233349996
23,56,1.06,0.6316300797334745
24,56,1.06,1.6928445978967686
25,56,1.06,1.0536298283186627
26,56,1.06,0.9732487066458393
27,56,1.06,0.03535639280759961
28,56,1.06,0.5937837344850869
29,56,1.06,0.5090981852662454
30,56,1.06,0.21454896425063957
31,56,1.06,0.014791121123363131
32,56,1.06,0.7480763689479778
33,56,1.06,0.15368986482429778
34,56,1.06,0.33612064624697235
35,56,1.06,0.8796307326347921
36,56,1.06,0.3001391304605324
37,56,1.06,0.6288811617732943
38,56,1.06,0.7892900151837425
39,56,1.06,0.49787085869516756
40,56,1.06,0.7596416080777914
41,56,1.06,0.4353225718123048
42,56,1.06,0.6252887423697151
43,56,1.06,0.1787126071659555
44,56,1.06,0.39665058949868326
45,56,1.06,0.6982995387900327
46,56,1.06,1.1838202582172317
47,56,1.06,0.5572995089848758
48,56,1.06,0.13406630111120124
49,56,1.06,0.707691027201265
50,56,1.06,0.6372386206812244
3,56,1.275,0.2743566252817873
4,56,1.275,0.6591561028769234
5,56,1.275,0.8200928403754865
6,56,1.275,0.9794989632568591
7,56,1.275,1.106072509132831
8,56,1.275,0.8544769383423741
9,56,1.275,0.7289306691520917
10,56,1.275,1.4725917636018295
11,56,1.275,0.9638851833471823
12,56,1.275,1.0957894035918208
13,56,1.275,0.8042893110248056
14,56,1.275,0.4951639186961651
15,56,1.275,0.43886757835240486
16,56,1.275,0.7898780913886825
17,56,1.275,0.1812800307567491
18,56,1.275,0.06763353952186126
19,56,1.275,0.5086536144872646
20,56,1.275,0.4592954502428587
21,56,1.275,0.6081371179238954
22,56,1.275,0.08684934800275308
23,56,1.275,0.2145478229047721
24,56,1.275,0.3846485734461723
25,56,1.275,0.16748921043754791
26,56,1.275,0.17583652727657928
27,56,1.275,0.4385609920569437
28,56,1.275,0.003646129802294776
29,56,1.275,0.7210799777793175
30,56,1.275,0.39332910771602203
31,56,1.275,0.36661308105690305
32,56,1.275,0.1584049126772081
33,56,1.275,0.39194771890140523
34,56,1.275,0.1536456765118918
35,56,1.275,0.3456830487607746
36,56,1.275,0.20395330170111234
37,56,1.275,0.05083079503589905
38,56,1.275,0.08434566577807762
39,56,1.275,0.6301046893287258
40,56,1.275,0.45284773621829166
41,56,1.275,0.6595097725868064
42,56,1.275,0.32771108090964723
43,56,1.275,0.5809971553675056
44,56,1.275,0.32561703453787827
45,56,1.275,0.29256027182341504
46,56,1.275,0.394301597353351
47,56,1.275,0.4654628753582299
48,56,1.275,0.7892727579911314
49,56,1.275,0.15785651442222043
50,56,1.275,0.10382839796895774
3,56,1.675,0.06419766108964761
4,56,1.675,0.6197063862006824
5,56,1.675,1.0152463881782028
6,56,1.675,0.6620027363927232
7,56,1.675,0.20442369536344457
8,56,1.675,0.5235036128049484
9,56,1.675,0.4466637019203531
10,56,1.675,0.2542067191906699
11,56,1.675,1.111248763232348
12,56,1.675,0.5438660588528464
13,56,1.675,0.751944406006491
14,56,1.675,0.7636490388783518
15,56,1.675,0.735490619096752
16,56,1.675,0.27030872790592547
17,56,1.675,0.20808237771724108
18,56,1.675,0.6583821577224654
19,56,1.675,1.3223155558190818
20,56,1.675,1.3243681019539935
21,56,1.675,0.543057725876768
22,56,1.675,0.6777939347857652
23,56,1.675,0.3900797151796747
24,56,1.675,0.7466939972370263
25,56,1.675,0.36707832534371626
26,56,1.675,0.3167703673835942
27,56,1.675,0.14146202925730844
28,56,1.675,0.7538457545203228
29,56,1.675,0.08708294324683746
30,56,1.675,0.538514125309669
31,56,1.675,0.11202317377663347
32,56,1.675,0.12646992479527133
33,56,1.675,0.21085656368450847
34,56,1.675,0.2868495824925303
35,56,1.675,0.27098625162670537
36,56,1.675,0.3473453094748184
37,56,1.675,0.33972576821987477
38,56,1.675,0.028825246353128987
39,56,1.675,0.18914505592332623
40,56,1.675,0.1244088125532897
41,56,1.675,0.3160056367889207
42,56,1.675,0.3220018138626236
43,56,1.675,0.2429779450535685
44,56,1.675,0.22252381386954376
45,56,1.675,0.3038005441634952
46,56,1.675,0.12248261093301292
47,56,1.675,0.06123041492589687
48,56,1.675,0.3106114829134988
49,56,1.675,0.17071433914018905
50,56,1.675,0.8506109175594183
3,56,1.875,0.180167758364915
4,56,1.875,1.0666285495469023
5,56,1.875,1.3029870757228454
6,56,1.875,1.0341875210713896
7,56,1.875,0.935952547145474
8,56,1.875,0.6263628382829955
9,56,1.875,0.24673951794256466
10,56,1.875,0.653275683765069
11,56,1.875,1.1262347843690852
12,56,1.875,0.5306614438508568
13,56,1.875,0.9109288315974051
14,56,1.875,1.01398006351985
15,56,1.875,0.9223889890206773
16,56,1.875,1.1166185712000438
17,56,1.875,0.9380675037740227
18,56,1.875,1.3855871896392078
19,56,1.875,1.0293399549357536
20,56,1.875,1.3543340655749534
21,56,1.875,1.0103512278995426
22,56,1.875,0.9576191846835268
23,56,1.875,1.3702277634941373
24,56,1.875,0.882480535941367
25,56,1.875,0.5375843166330708
26,56,1.875,0.7192097040250692
27,56,1.875,0.7695800654053112
28,56,1.875,0.06481549955238286
29,56,1.875,0.15514787766651475
30,56,1.875,0.1906515817339403
31,56,1.875,0.012484165876599701
32,56,1.875,0.03397312138839022
33,56,1.875,0.16125424687677076
34,56,1.875,0.02658857467422189
35,56,1.875,0.643759121423948
36,56,1.875,0.11793596804859853
37,56,1.875,0.21345127249145301
38,56,1.875,0.12741363384293322
39,56,1.875,0.08179675240615214
40,56,1.875,0.1820171741472928
41,56,1.875,0.032942332935840056
42,56,1.875,0.7868604713089178
43,56,1.875,0.379208593697888
44,56,1.875,0.9313468794280216
45,56,1.875,0.4120381554378469
46,56,1.875,0.03871561293321598
47,56,1.875,0.6155739559404823
48,56,1.875,0.1811189884775847
49,56,1.875,0.6609342032075388
50,56,1.875,0.11950034625909023
3,112,0.325,0.10150918665949933
4,112,0.325,0.03070138714449062
5,112,0.325,0.07136339101821043
6,112,0.325,0.11572529639487589
7,112,0.325,0.17351536514547095
8,112,0.325,0.12614647325471298
9,112,0.325,0.06519873104819567
10,112,0.325,0.045686706993329385
11,112,0.325,0.0779127287136329
12,112,0.325,0.2500895803728795
13,112,0.325,0.022937325646455127
14,112,0.325,0.1384129166280014
15,112,0.325,0.38323824786167265
16,112,0.325,0.530516888737675
17,112,0.325,0.4732888292529382
18,112,0.325,0.4733788676225771
19,112,0.325,0.762025036622822
20,112,0.325,0.7651045803431299
21,112,0.325,0.9692232673531621
22,112,0.325,1.0268973670574781
23,112,0.325,1.1901511087307277
24,112,0.325,1.1103970492494928
25,112,0.325,1.2878489865442833
26,112,0.325,0.9857659820028862
27,112,0.325,1.255762024010045
28,112,0.325,1.035334527957643
29,112,0.325,1.224335920091975
30,112,0.325,1.6462419298690165
31,112,0.325,1.4426571073268506
32,112,0.325,1.246552624433355
33,112,0.325,1.2755775014101267
34,112,0.325,1.7942880337696758
35,112,0.325,1.5237387292646825
36,112,0.325,1.7773395549266948
37,112,0.325,1.2192838677493922
38,112,0.325,1.661184041146952
39,112,0.325,1.8348848679450056
40,112,0.325,1.5602386581399919
41,112,0.325,1.8890682005555965
42,112,0.325,1.7601731449838094
43,112,0.325,1.9857526130911825
44,112,0.325,1.898548546390938
45,112,0.325,1.8966141831147394
46,112,0.325,1.8600687240248845
47,112,0.325,1.8162374304741442
48,112,0.325,2.2847574420354233
49,112,0.325,2.0334987098634785
50,112,0.325,1.923095724552994
3,112,0.525,0.15282993967526773
4,112,0.525,0.07780230039701085
5,112,0.525,0.13717750222206596
6,112,0.525,0.1154234160339422
7,112,0.525,0.11810651703237861
8,112,0.525,0.041144153594430584
9,112,0.525,0.009238564399823276
10,112,0.525,0.11997113922642064
11,112,0.525,0.09184089890055427
12,112,0.525,0.26939260362247625
13,112,0.525,0.25521700675518466
14,112,0.525,0.3056208207857226
15,112,0.525,0.24747252178738263
16,112,0.525,0.2108869705962348
17,112,0.525,0.21773364113383648
18,112,0.525,0.1036548041584402
19,112,0.525,0.02681384807692336
20,112,0.525,0.10266775774759672
21,112,0.525,0.32464149630300665
22,112,0.525,0.25367646155829054
23,112,0.525,0.13099648438307296
24,112,0.525,0.3551979586442799
25,112,0.525,0.5145462279272192
26,112,0.525,0.7613593153676541
27,112,0.525,0.07731671273717843
28,112,0.525,0.2946043065473081
29,112,0.525,0.6358197384801555
30,112,0.525,0.4596443460855327
31,112,0.525,0.40186422676237965
32,112,0.525,0.3941901423050045
33,112,0.525,0.894294077713796
34,112,0.525,0.7044540268198004
35,112,0.525,0.4990224512404111
36,112,0.525,0.8067764235659194
37,112,0.525,0.554370494927094
38,112,0.525,0.5932606946270279
39,112,0.525,0.6990131455523863
40,112,0.525,0.8424617358318428
41,112,0.525,0.819199341893999
42,112,0.525,0.6192439259861525
43,112,0.525,0.7724779788859404
44,112,0.525,0.6323166594708562
45,112,0.525,0.8827248657935374
46,112,0.525,0.4839744360917963
47,112,0.525,0.6881637907107311
48,112,0.525,0.5825267020561363
49,112,0.525,0.8524424415210214
50,112,0.525,0.8433632379838133
3,112,0.725,0.15130593647794383
4,112,0.725,0.048965966951791694
5,112,0.725,0.3959010956791844
6,112,0.725,0.16369365808806743
7,112,0.725,0.226358268121757
8,112,0.725,0.09835650359232882
9,112,0.725,0.06414081645339195
10,112,0.725,0.1458955808254033
11,112,0.725,0.10142717524348319
12,112,0.725,0.24392179591075833
13,112,0.725,0.3519921015266002
14,112,0.725,0.05901333410787015
15,112,0.725,0.287455385948983
16,112,0.725,0.40929300707359473
17,112,0.725,0.20189329954909715
18,112,0.725,0.45054563795808866
19,112,0.725,0.2203256807632161
20,112,0.725,0.021045350755010826
21,112,0.725,0.12328530892140796
22,112,0.725,0.025944229284476508
23,112,0.725,0.050392876453441184
24,112,0.725,0.08459158616987177
25,112,0.725,0.20653119681497434
26,112,0.725,0.22078720693434364
27,112,0.725,0.09854139780710638
28,112,0.725,0.24434265503517177
29,112,0.725,0.44265114067905187
30,112,0.725,0.1296537463677499
31,112,0.725,0.11455239533088553
32,112,0.725,0.1289218860689338
33,112,0.725,0.44366855253472737
34,112,0.725,0.1370058826484804
35,112,0.725,0.6420311177629093
36,112,0.725,0.3069554281966552
37,112,0.725,0.29577676465017166
38,112,0.725,0.12392688487878067
39,112,0.725,0.1004306230156814
40,112,0.725,0.05841098811221738
41,112,0.725,0.07604500864913528
42,112,0.725,0.10944859890221072
43,112,0.725,0.2493249068591572
44,112,0.725,0.0007031200561882418
45,112,0.725,0.24489597641500424
46,112,0.725,0.11310061907858235
47,112,0.725,0.21506364507492573
48,112,0.725,0.24526743804824228
49,112,0.725,0.11748206393393189
50,112,0.725,0.4425115542428636
3,112,0.94,0.0671089403334333
4,112,0.94,0.12050639259981091
5,112,0.94,1.8145905398972297
6,112,0.94,1.0600629128968202
7,112,0.94,1.2396800349325638
8,112,0.94,0.8878038997394467
9,112,0.94,0.0968885862147222
10,112,0.94,0.1454211362057763
11,112,0.94,0.40458810713659854
12,112,0.94,0.34763851757863246
13,112,0.94,0.29153208386214324
14,112,0.94,1.8573687013930589
15,112,0.94,0.9781151330322804
16,112,0.94,1.5470093222876902
17,112,0.94,0.4395067989876732
18,112,0.94,2.303749467556187
19,112,0.94,0.5560086604451229
20,112,0.94,1.296112768489193
21,112,0.94,2.1431608389167582
22,112,0.94,1.9820158346622345
23,112,0.94,1.5781766736167662
24,112,0.94,2.220555492553792
25,112,0.94,2.533043463015951
26,112,0.94,2.3145238071939556
27,112,0.94,2.8846657770964894
28,112,0.94,2.3285232431781244
29,112,0.94,3.264453461531113
30,112,0.94,2.765871979765036
31,112,0.94,2.6124196884120177
32,112,0.94,2.5196892093991545
33,112,0.94,3.1932510323213523
34,112,0.94,2.5298570350228413
35,112,0.94,2.972144443657567
36,112,0.94,3.010183917184759
37,112,0.94,2.6664233330778377
38,112,0.94,2.9862400879782838
39,112,0.94,3.1657970124768333
40,112,0.94,2.205786276286138
41,112,0.94,3.170752432872427
42,112,0.94,3.401075171464803
43,112,0.94,3.0398610578532157
44,112,0.94,3.0921446972092617
45,112,0.94,3.388018572435905
46,112,0.94,3.072064126591032
47,112,0.94,3.2923098696084097
48,112,0.94,2.945054886715732
49,112,0.94,3.0800323251439794
50,112,0.94,3.717446974591962
3,112,1.0,1.2159569672012482
4,112,1.0,0.01664502116354062
5,112,1.0,0.1614156997374979
6,112,1.0,0.7478026425353652
7,112,1.0,0.13971139538078425
8,112,1.0,0.9278282792440525
9,112,1.0,0.7897428576084883
10,112,1.0,0.8469246018003325
11,112,1.0,0.6026099468305863
12,112,1.0,0.2382633288475915
13,112,1.0,0.0045282272477535175
14,112,1.0,0.39252526690289546
15,112,1.0,0.05142889176375671
16,112,1.0,0.6661829146929027
17,112,1.0,0.15712658847188607
18,112,1.0,0.7267236555211514
19,112,1.0,0.6370699898292058
20,112,1.0,0.42022221194581216
21,112,1.0,0.4419041634084665
22,112,1.0,0.2554559446259745
23,112,1.0,0.542239951777767
24,112,1.0,0.2992990975191174
25,112,1.0,0.15449152739584684
26,112,1.0,0.21219687243699045
27,112,1.0,0.3246584025186826
28,112,1.0,0.29946474882763224
29,112,1.0,0.07045042223152019
30,112,1.0,0.36513472404471625
31,112,1.0,0.593020717251777
32,112,1.0,0.5669535322013791
33,112,1.0,0.10838223085717023
34,112,1.0,0.08660852977483927
35,112,1.0,0.9311081011761927
36,112,1.0,0.04436020095143845
37,112,1.0,0.1811117591508537
38,112,1.0,0.23003464162568368
39,112,1.0,0.23591438160499761
40,112,1.0,0.1500937986304405
41,112,1.0,0.04603782977478732
42,112,1.0,0.11686817823407364
43,112,1.0,0.003252272759004466
44,112,1.0,0.47608111059407193
45,112,1.0,0.09088242079728313
46,112,1.0,0.2705591891494479
47,112,1.0,0.030086374723713633
48,112,1.0,0.4402722278216998
49,112,1.0,0.026092190011614672
50,112,1.0,0.7390576028378368
3,112,1.06,0.3961667546734649
4,112,1.06,0.01325311137059007
5,112,1.06,1.3507725243943223
6,112,1.06,2.26746266705298
7,112,1.06,2.037244709363818
8,112,1.06,1.265290742776801
9,112,1.06,1.6652011139075311
10,112,1.06,0.3054507206061344
11,112,1.06,0.17776969482331462
12,112,1.06,0.16820426616123088
13,112,1.06,0.386400227826206
14,112,1.06,1.087465273281159
15,112,1.06,0.8632158089327654
16,112,1.06,0.07741401089985563
17,112,1.06,1.1121930846169192
18,112,1.06,1.1001787272082524
19,112,1.06,1.3365489582251482
20,112,1.06,1.4985466399537284
21,112,1.06,1.1072740819770563
22,112,1.06,0.977613018821461
23,112,1.06,1.4356548334931247
24,112,1.06,0.43289356179382116
25,112,1.06,1.2099235182252026
26,112,1.06,0.7765727114251003
27,112,1.06,0.812685443839271
28,112,1.06,0.6545624406742313
29,112,1.06,0.0442366969249785
30,112,1.06,0.00535077830833052
31,112,1.06,0.9791170770976999
32,112,1.06,0.4703646188228232
33,112,1.06,0.7110079636503215
34,112,1.06,0.8871100586556235
35,112,1.06,0.4209746462274234
36,112,1.06,0.03719809618729873
37,112,1.06,0.49888794217452287
38,112,1.06,1.0347701923691308
39,112,1.06,0.019604083482233973
40,112,1.06,0.6194385444621507
41,112,1.06,0.5969722510472556
42,112,1.06,0.09412789308437763
43,112,1.06,0.1883947549196413
44,112,1.06,0.05278009050358587
45,112,1.06,0.601058762094134
46,112,1.06,0.40665168957431247
47,112,1.06,0.9090000579856197
48,112,1.06,0.2602878561537487
49,112,1.06,0.9899993205401507
50,112,1.06,0.9600450191669361
3,112,1.275,0.17336822718619707
4,112,1.275,1.7381536132793225
5,112,1.275,0.8392504780709764
6,112,1.275,0.4478959352614045
7,112,1.275,0.18565717337417093
8,112,1.275,0.24539300757154092
9,112,1.275,0.8006382812840869
10,112,1.275,0.48238833333396297
11,112,1.275,0.09600912672609715
12,112,1.275,0.6649294640527641
13,112,1.275,0.1818827409083479
14,112,1.275,0.1350686865688563
15,112,1.275,0.23420082913885587
16,112,1.275,0.5033642575606867
17,112,1.275,0.0634702407051663
18,112,1.275,0.2740268059608991
19,112,1.275,0.01846433064175121
20,112,1.275,0.3021601313479087
21,112,1.275,0.09578542432843741
22,112,1.275,0.17573712821619863
23,112,1.275,0.3229638229129952
24,112,1.275,0.18559862066117339
25,112,1.275,0.22676755213509406
26,112,1.275,0.14579865158471159
27,112,1.275,0.23852766061921699
28,112,1.275,0.8394584839547999
29,112,1.275,0.6817369495641675
30,112,1.275,0.4751411103812989
31,112,1.275,0.652354083909133
32,112,1.275,0.7762682163729155
33,112,1.275,0.29111305084791267
34,112,1.275,0.061566263794231184
35,112,1.275,0.5025459490835933
36,112,1.275,0.798809667138971
37,112,1.275,0.1603281280412466
38,112,1.275,0.16313615254099917
39,112,1.275,0.38299573823011634
40,112,1.275,0.6320856900610123
41,112,1.275,0.3114388961947688
42,112,1.275,0.3587972055128344
43,112,1.275,0.5728967842036627
44,112,1.275,1.4235653088773332
45,112,1.275,0.022422343378835217
46,112,1.275,0.3699218468752158
47,112,1.275,0.016830301830784537
48,112,1.275,0.11143252750147502
49,112,1.275,0.27404681032380696
50,112,1.275,0.14912218073710565
3,112,1.675,0.12485710616372847
4,112,1.675,1.2261814106695226
5,112,1.675,0.789020936076299
6,112,1.675,0.6120770720038422
7,112,1.675,0.12328169722627355
8,112,1.675,0.08921123509383896
9,112,1.675,0.16775778530953847
10,112,1.675,0.2759571320451487
11,112,1.675,0.13994470050348143
12,112,1.675,0.21387202318132156
13,112,1.675,0.5694380482321945
14,112,1.675,0.6354977382759004
15,112,1.675,0.022240794932883903
16,112,1.675,0.20379936552322792
17,112,1.675,0.22762670504630236
18,112,1.675,0.5216141758289609
19,112,1.675,0.36332068728433997
20,112,1.675,0.7937944446254256
21,112,1.675,0.6692889018637277
22,112,1.675,0.03345479800683678
23,112,1.675,0.5956893667470097
24,112,1.675,0.09486076163241909
25,112,1.675,0.16464866101045286
26,112,1.675,0.3785260185757986
27,112,1.675,0.06609698407896103
28,112,1.675,0.09887261358698193
29,112,1.675,0.21090620707000488
30,112,1.675,0.04841603784495928
31,112,1.675,0.004186040576201016
32,112,1.675,0.5246093781010365
33,112,1.675,0.5426703060441497
34,112,1.675,0.5470028032037764
35,112,1.675,0.4691261145803866
36,112,1.675,0.6519061933642389
37,112,1.675,0.6778817692118928
38,112,1.675,0.5434095963692088
39,112,1.675,0.7847816547658575
40,112,1.675,0.6744245587416552
41,112,1.675,0.6110418956820363
42,112,1.675,1.063626511645684
43,112,1.675,0.5113846597901899
44,112,1.675,0.6059997879671991
45,112,1.675,0.9429999183344887
46,112,1.675,0.5969776043957814
47,112,1.675,0.7267751432641036
48,112,1.675,0.9586602962126101
49,112,1.675,0.8166427744807244
50,112,1.675,0.6817926084884784
3,112,1.875,0.06582209599463057
4,112,1.875,1.222948621473421
5,112,1.875,0.9055812388433816
6,112,1.875,0.544751617731025
7,112,1.875,0.21423697719310553
8,112,1.875,0.16197615246945488
9,112,1.875,0.5948083254790687
10,112,1.875,0.056357279177404775
11,112,1.875,0.2886541706204571
12,112,1.875,0.35189835166977596
13,112,1.875,0.6425226743435666
14,112,1.875,0.3061990892697353
15,112,1.875,0.11295356156083014
16,112,1.875,0.1286287545017959
17,112,1.875,0.35548390078134673
18,112,1.875,0.17823955527359178
19,112,1.875,0.10056842497671072
20,112,1.875,0.018497924311940736
21,112,1.875,0.28469054162619645
22,112,1.875,0.16220136652498424
23,112,1.875,0.29645247830228494
24,112,1.875,0.034611695193803936
25,112,1.875,0.02178556535248422
26,112,1.875,0.03946782887076795
27,112,1.875,0.053401237749603765
28,112,1.875,0.28158873972122356
29,112,1.875,0.005239410621800664
30,112,1.875,0.6130557533260306
31,112,1.875,0.6450008956161928
32,112,1.875,0.7407785598277747
33,112,1.875,0.6711124765033517
34,112,1.875,0.35036187910817584
35,112,1.875,0.8869408713126062
36,112,1.875,0.6334794768533296
37,112,1.875,0.790846254397669
38,112,1.875,1.2476452765045862
39,112,1.875,0.42051180372212105
40,112,1.875,1.0096753891203312
41,112,1.875,0.9399441058598239
42,112,1.875,0.8940504601388695
43,112,1.875,0.8036060155396926
44,112,1.875,1.1264420452729107
45,112,1.875,0.6128935252805429
46,112,1.875,1.5421629941900015
47,112,1.875,1.7379912013312449
48,112,1.875,1.0117289930818192
49,112,1.875,1.3918279621188696
50,112,1.875,1.2423172773110633
3,128,0.3,0.0013346176052218444
4,128,0.3,0.040836982283786655
5,128,0.3,0.20084968840639014
6,128,0.3,0.1834713576276118
7,128,0.3,0.09397410560690966
8,128,0.3,0.0862877845680805
9,128,0.3,0.10170272170838747
10,128,0.3,0.1136519354072415
11,128,0.3,0.0282004219868738
12,128,0.3,0.305758215436727
13,128,0.3,0.0014874019310134265
14,128,0.3,0.15969530818030797
15,128,0.3,0.291447942309955
16,128,0.3,0.32043687359693246
17,128,0.3,0.34022293020413824
18,128,0.3,0.6327517456983942
19,128,0.3,0.415905053608056
20,128,0.3,0.5460824277225347
21,128,0.3,0.5361783867451466
22,128,0.3,0.6866620042349894
23,128,0.3,0.7527893401903265
24,128,0.3,0.7552224826890229
25,128,0.3,0.9114637916164259
26,128,0.3,0.8335344557475144
27,128,0.3,0.9835028200372371
28,128,0.3,0.9651923325615661
29,128,0.3,1.142501166775526
30,128,0.3,1.1828348882657782
31,128,0.3,1.2579635038402581
32,128,0.3,1.3087595499222127
33,128,0.3,1.274576394369478
34,128,0.3,1.319817915570843
35,128,0.3,1.301297989408468
36,128,0.3,1.3074663771510706
37,128,0.3,1.5810984123356204
38,128,0.3,1.3636522172553869
39,128,0.3,1.4827817102936203
40,128,0.3,1.3331990506501243
41,128,0.3,1.6470112013526501
42,128,0.3,1.703038903618177
43,128,0.3,1.548448095790232
44,128,0.3,1.608108722870671
45,128,0.3,1.6743737930128444
46,128,0.3,1.6392390377478998
47,128,0.3,1.8191183413381466
48,128,0.3,1.7717547484319023
49,128,0.3,1.8517839358428951
50,128,0.3,1.899000881360264
3,128,0.975,0.18211840334447954
4,128,0.975,0.051188062962437386
5,128,0.975,0.8539438451297096
6,128,0.975,0.7327497783714311
7,128,0.975,2.5914031621396867
8,128,0.975,0.7234956617564531
9,128,0.975,0.1701124591045686
10,128,0.975,0.15384805293269505
11,128,0.975,0.8016653231840855
12,128,0.975,0.8028076056217807
13,128,0.975,0.20387408993372413
14,128,0.975,0.5700130391371259
15,128,0.975,0.08296571276936367
16,128,0.975,0.11985420544591728
17,128,0.975,0.06934884507389906
18,128,0.975,0.2735288986539976
19,128,0.975,0.8499107362999297
20,128,0.975,0.04304906657666185
21,128,0.975,0.6073760284558969
22,128,0.975,0.8326866476896254
23,128,0.975,0.6520434460466014
24,128,0.975,0.2321183392604279
25,128,0.975,0.8703334536871691
26,128,0.975,0.8849839548216026
27,128,0.975,1.4003456439620918
28,128,0.975,1.0571501783759678
29,128,0.975,0.9169599582638027
30,128,0.975,1.2733553166244174
31,128,0.975,1.458205757064468
32,128,0.975,1.997423096633944
33,128,0.975,2.078110222703175
34,128,0.975,2.230296126694212
35,128,0.975,2.2530001032896902
36,128,0.975,1.6049468749316242
37,128,0.975,1.8294426682940055
38,128,0.975,2.185522106388337
39,128,0.975,2.1378365277698563
40,128,0.975,1.8223591051054637
41,128,0.975,1.9177753433146139
42,128,0.975,1.953688836147773
43,128,0.975,1.977411865611269
44,128,0.975,2.2340771887862565
45,128,0.975,2.589951092751622
46,128,0.975,2.1315739192295498
47,128,0.975,2.8606308773469404
48,128,0.975,2.704855911280538
49,128,0.975,1.9448313702239914
50,128,0.975,2.666893073901223
3,128,1.025,0.1685455210060828
4,128,1.025,1.4008484822169565
5,128,1.025,0.340616352172516
6,128,1.025,0.27469905796427047
7,128,1.025,0.5103465795461949
8,128,1.025,0.9578551408843266
9,128,1.025,0.9036932431464639
10,128,1.025,1.081795855826634
11,128,1.025,1.7164846707850634
12,128,1.025,2.1769283696149104
13,128,1.025,0.9578201755451352
14,128,1.025,1.0664884996339614
15,128,1.025,0.4131521672536021
16,128,1.025,1.485095885153551
17,128,1.025,1.7975856831892356
18,128,1.025,1.5647173178281115
19,128,1.025,1.5892341323406896
20,128,1.025,1.55316382679349
21,128,1.025,1.5304397187900542
22,128,1.025,0.8308901530604688
23,128,1.025,0.762549290655188
24,128,1.025,0.5171386610081218
25,128,1.025,1.3968759142521714
26,128,1.025,1.0612550777755052
27,128,1.025,0.3719728564207898
28,128,1.025,0.9649877833112206
29,128,1.025,0.838145101890221
30,128,1.025,0.869741266818053
31,128,1.025,0.8617106434635806
32,128,1.025,1.2651207243506335
33,128,1.025,0.8595427715108737
34,128,1.025,0.5280642035536173
35,128,1.025,1.0521837797998772
36,128,1.025,0.21073475910435477
37,128,1.025,0.6298739681668
38,128,1.025,0.03775303683181846
39,128,1.025,0.2451702216303486
40,128,1.025,0.6358805289338142
41,128,1.025,0.37406648909789025
42,128,1.025,0.4504128298459388
43,128,1.025,0.9496137257151878
44,128,1.025,0.7812245124668329
45,128,1.025,0.26938692189006275
46,128,1.025,0.5557760766443004
47,128,1.025,0.692300947584026
48,128,1.025,0.42031064437784055
49,128,1.025,0.3844278937860957
50,128,1.025,0.9317095581593552
3,128,1.9,0.06966311905766613
4,128,1.9,1.2560501715573718
5,128,1.9,1.0731860403736395
6,128,1.9,0.794374862352999
7,128,1.9,0.3992399383831183
8,128,1.9,0.19278423258887747
9,128,1.9,0.01608140638732569
10,128,1.9,0.23426760637523827
11,128,1.9,0.26878545758213257
12,128,1.9,0.21406813412287257
13,128,1.9,0.4370976399750885
14,128,1.9,0.5597425923109111
15,128,1.9,0.381276364196625
16,128,1.9,0.44646108296719206
17,128,1.9,0.9986198363135665
18,128,1.9,0.6399251998679216
19,128,1.9,0.5129742882788799
20,128,1.9,0.6834296722393062
21,128,1.9,0.7350189274971506
22,128,1.9,0.47875574692513345
23,128,1.9,0.6405396621368489
24,128,1.9,1.187313254293104
25,128,1.9,0.5961390781838215
26,128,1.9,0.674726712869026
27,128,1.9,0.6259324905060462
28,128,1.9,0.5142940148649353
29,128,1.9,0.3286285886566864
30,128,1.9,0.5280474078248125
31,128,1.9,0.8985380393468448
32,128,1.9,1.1040321640572826
33,128,1.9,1.156574084055768
34,128,1.9,1.1866475888457038
35,128,1.9,1.4788927698231191
36,128,1.9,1.3245197315084296
37,128,1.9,1.3751883902592945
38,128,1.9,1.2546271749475468
39,128,1.9,1.302318845679273
40,128,1.9,1.5356980454627953
41,128,1.9,1.3323899903450707
42,128,1.9,1.7195898473774986
43,128,1.9,1.1288628502533322
44,128,1.9,1.4047372195463845
45,128,1.9,1.1804933796652533
46,128,1.9,1.462560282886828
47,128,1.9,1.333575112358336
48,128,1.9,1.3602851689904945
49,128,1.9,1.6739181232491709
50,128,1.9,1.4467032427832285
