scale,normalized_time,correlated_survival,proxy_survival,difference
10,0.0,1.0,1.0,0.0
10,0.05,1.0,1.0,0.0
10,0.1,0.99998,0.99998,0.0
10,0.15,0.9985,0.99864,-0.00013999999999991797
10,0.2,0.99068,0.99076,-7.999999999996898e-05
10,0.25,0.9743,0.9744,-9.999999999998899e-05
10,0.3,0.94776,0.94842,-0.0006599999999999939
10,0.35,0.91448,0.91286,0.0016199999999999548
10,0.4,0.87612,0.86984,0.006280000000000063
10,0.45,0.8322,0.82416,0.008040000000000047
10,0.5,0.78542,0.77434,0.011079999999999979
10,0.55,0.73842,0.72442,0.014000000000000012
10,0.6,0.69204,0.6744,0.01763999999999999
10,0.65,0.64554,0.6259,0.01963999999999999
10,0.7,0.59904,0.57826,0.02078000000000002
10,0.75,0.55548,0.53046,0.02501999999999993
10,0.8,0.51258,0.48666,0.025920000000000054
10,0.85,0.47526,0.4457,0.02956000000000003
10,0.9,0.4392,0.40752,0.031679999999999986
10,0.95,0.40446,0.37218,0.032279999999999975
10,1.0,0.37214,0.34086,0.03128000000000003
10,1.05,0.3407,0.30966,0.031040000000000012
10,1.1,0.3119,0.2805,0.031399999999999983
10,1.15,0.28458,0.25418,0.030399999999999983
10,1.2,0.26028,0.23126,0.029020000000000018
10,1.25,0.23842,0.21016,0.02825999999999998
10,1.3,0.21796,0.19116,0.02679999999999999
10,1.35,0.1986,0.17326,0.02534
10,1.4,0.1823,0.1582,0.024099999999999983
10,1.45,0.1676,0.14412,0.02348
10,1.5,0.1521,0.13052,0.021580000000000016
10,1.55,0.1386,0.11848,0.02012
10,1.6,0.12628,0.10784,0.018439999999999998
10,1.65,0.11486,0.0965,0.01836
10,1.7,0.10484,0.08702,0.017820000000000003
10,1.75,0.09532,0.07968,0.01564
10,1.8,0.0871,0.0725,0.014600000000000002
10,1.85,0.07938,0.0656,0.01378
10,1.9,0.07224,0.05924,0.012999999999999998
10,1.95,0.0657,0.05444,0.011259999999999992
10,2.0,0.05966,0.04944,0.01022
10,2.05,0.0544,0.0447,0.0097
10,2.1,0.04922,0.04078,0.008440000000000003
10,2.15,0.04464,0.03712,0.007519999999999999
10,2.2,0.04058,0.034,0.006579999999999996
10,2.25,0.03682,0.03104,0.005779999999999997
10,2.3,0.03356,0.02842,0.005139999999999999
10,2.35,0.0304,0.0253,0.0051
10,2.4,0.0276,0.02286,0.004740000000000001
10,2.45,0.02518,0.0209,0.0042800000000000026
10,2.5,0.0231,0.01864,0.004459999999999999
10,2.55,0.02114,0.01712,0.004019999999999999
10,2.6,0.01938,0.01558,0.0038000000000000013
10,2.65,0.01784,0.0144,0.003440000000000002
10,2.7,0.016,0.01288,0.0031199999999999995
10,2.75,0.01464,0.01152,0.0031199999999999995
10,2.8,0.01316,0.01066,0.0025000000000000005
10,2.85,0.01192,0.00968,0.0022400000000000007
10,2.9,0.01082,0.0089,0.0019199999999999998
10,2.95,0.01002,0.00822,0.0017999999999999995
10,3.0,0.00902,0.00734,0.00168
10,3.05,0.00824,0.00666,0.0015800000000000007
10,3.1,0.00784,0.00594,0.0018999999999999998
10,3.15,0.00718,0.00532,0.0018599999999999997
10,3.2,0.00662,0.0047,0.0019199999999999998
10,3.25,0.00582,0.00428,0.0015399999999999997
10,3.3,0.0053,0.00378,0.00152
10,3.35,0.0049,0.00342,0.00148
10,3.4,0.00442,0.0031,0.0013200000000000004
10,3.45,0.00388,0.0028,0.0010800000000000002
10,3.5,0.00364,0.00254,0.0010999999999999998
10,3.55,0.00334,0.0023,0.0010400000000000001
10,3.6,0.00316,0.00206,0.0010999999999999998
10,3.65,0.00298,0.00178,0.0012000000000000001
10,3.7,0.00272,0.00166,0.0010600000000000002
10,3.75,0.00252,0.00146,0.0010600000000000002
10,3.8,0.00236,0.00126,0.0011
10,3.85,0.00208,0.00102,0.0010599999999999997
10,3.9,0.00192,0.00088,0.0010400000000000001
10,3.95,0.00186,0.00074,0.0011200000000000001
10,4.0,0.0018,0.00066,0.00114
20,0.0,1.0,1.0,0.0
20,0.05,1.0,1.0,0.0
20,0.1,0.99994,0.99998,-3.999999999992898e-05
20,0.15,0.9981,0.99822,-0.00012000000000000899
20,0.2,0.99086,0.99046,0.00039999999999995595
20,0.25,0.97436,0.97366,0.0007000000000000339
20,0.3,0.94904,0.94702,0.0020200000000000218
20,0.35,0.91736,0.91264,0.0047199999999999465
20,0.4,0.88016,0.86952,0.010640000000000094
20,0.45,0.83696,0.8239,0.013060000000000072
20,0.5,0.79228,0.77454,0.017739999999999978
20,0.55,0.74406,0.72372,0.020340000000000025
20,0.6,0.69634,0.67232,0.02401999999999993
20,0.65,0.65,0.62428,0.025720000000000076
20,0.7,0.60354,0.57524,0.028299999999999992
20,0.75,0.55984,0.53028,0.02956000000000003
20,0.8,0.51872,0.48708,0.031639999999999946
20,0.85,0.47868,0.44734,0.03133999999999998
20,0.9,0.44156,0.41006,0.03150000000000003
20,0.95,0.4066,0.37468,0.031920000000000004
20,1.0,0.37304,0.34104,0.03199999999999997
20,1.05,0.3416,0.31164,0.029960000000000042
20,1.1,0.31268,0.28254,0.03014
20,1.15,0.28688,0.25846,0.02842
20,1.2,0.26342,0.2342,0.029219999999999996
20,1.25,0.24156,0.21212,0.029439999999999994
20,1.3,0.22058,0.19252,0.02806
20,1.35,0.20354,0.17524,0.028299999999999992
20,1.4,0.1859,0.15924,0.026660000000000017
20,1.45,0.1694,0.14452,0.024879999999999985
20,1.5,0.15426,0.1304,0.02386000000000002
20,1.55,0.14084,0.11778,0.023059999999999997
20,1.6,0.1282,0.10748,0.020720000000000002
20,1.65,0.11676,0.09806,0.01870000000000001
20,1.7,0.10594,0.0881,0.01784000000000001
20,1.75,0.09642,0.0801,0.01632
20,1.8,0.08786,0.07206,0.015799999999999995
20,1.85,0.08018,0.06462,0.015560000000000004
20,1.9,0.07278,0.05848,0.0143
20,1.95,0.06612,0.05292,0.013199999999999996
20,2.0,0.0606,0.0478,0.012799999999999999
20,2.05,0.05518,0.04348,0.011700000000000002
20,2.1,0.05048,0.03936,0.011119999999999998
20,2.15,0.0457,0.03524,0.010459999999999997
20,2.2,0.04128,0.03156,0.00972
20,2.25,0.03784,0.02858,0.009259999999999997
20,2.3,0.03446,0.02552,0.008939999999999997
20,2.35,0.0316,0.02354,0.008060000000000005
20,2.4,0.0292,0.0213,0.0079
20,2.45,0.0264,0.01926,0.0071400000000000005
20,2.5,0.0243,0.01736,0.006939999999999998
20,2.55,0.02216,0.01554,0.006619999999999999
20,2.6,0.01982,0.01422,0.005600000000000001
20,2.65,0.01776,0.01302,0.004740000000000001
20,2.7,0.01612,0.01168,0.0044399999999999995
20,2.75,0.01466,0.01064,0.004019999999999999
20,2.8,0.01318,0.00966,0.0035200000000000006
20,2.85,0.01192,0.0087,0.0032200000000000006
20,2.9,0.01092,0.0079,0.0030199999999999984
20,2.95,0.00996,0.00718,0.0027800000000000004
20,3.0,0.00904,0.00652,0.0025199999999999997
20,3.05,0.00828,0.00594,0.002339999999999999
20,3.1,0.00742,0.00532,0.0021000000000000003
20,3.15,0.00682,0.00478,0.0020399999999999993
20,3.2,0.00616,0.00436,0.0017999999999999995
20,3.25,0.00566,0.00404,0.00162
20,3.3,0.00508,0.0036,0.0014800000000000004
20,3.35,0.00456,0.00336,0.0011999999999999997
20,3.4,0.00418,0.003,0.0011799999999999996
20,3.45,0.00386,0.00276,0.0011000000000000003
20,3.5,0.0034,0.00242,0.00098
20,3.55,0.003,0.00224,0.0007600000000000003
20,3.6,0.0026,0.00212,0.00047999999999999996
20,3.65,0.00238,0.00196,0.00042000000000000023
20,3.7,0.00214,0.00172,0.00042
20,3.75,0.00194,0.00158,0.0003600000000000001
20,3.8,0.00178,0.00146,0.00031999999999999997
20,3.85,0.0017,0.00132,0.0003799999999999999
20,3.9,0.0015,0.00114,0.0003600000000000001
20,3.95,0.00138,0.00108,0.0002999999999999999
20,4.0,0.00128,0.00098,0.00030000000000000014
40,0.0,1.0,1.0,0.0
40,0.05,1.0,1.0,0.0
40,0.1,0.99996,0.9999,5.999999999994898e-05
40,0.15,0.9982,0.99804,0.00015999999999993797
40,0.2,0.991,0.99128,-0.000280000000000058
40,0.25,0.97464,0.9755,-0.0008600000000000829
40,0.3,0.95008,0.94918,0.0009000000000000119
40,0.35,0.91744,0.9134,0.0040400000000000436
40,0.4,0.87978,0.87078,0.009000000000000008
40,0.45,0.836,0.8257,0.010299999999999976
40,0.5,0.7912,0.77712,0.014079999999999981
40,0.55,0.74434,0.72732,0.017020000000000035
40,0.6,0.69774,0.67534,0.022399999999999975
40,0.65,0.65152,0.62434,0.027179999999999982
40,0.7,0.60702,0.57526,0.03176000000000001
40,0.75,0.56504,0.53128,0.03376000000000001
40,0.8,0.52352,0.48844,0.03508
40,0.85,0.48286,0.44926,0.03360000000000002
40,0.9,0.4452,0.41248,0.03271999999999997
40,0.95,0.41128,0.37804,0.03323999999999999
40,1.0,0.37792,0.34502,0.032899999999999985
40,1.05,0.34738,0.31464,0.03274000000000005
40,1.1,0.31866,0.28736,0.031299999999999994
40,1.15,0.2919,0.26038,0.03151999999999999
40,1.2,0.26834,0.23754,0.030800000000000022
40,1.25,0.24588,0.21606,0.029819999999999985
40,1.3,0.22618,0.19674,0.029439999999999994
40,1.35,0.20712,0.17874,0.02837999999999999
40,1.4,0.18846,0.16214,0.026319999999999982
40,1.45,0.17248,0.14692,0.02556
40,1.5,0.15782,0.13238,0.02543999999999999
40,1.55,0.144,0.12038,0.023619999999999988
40,1.6,0.13086,0.10952,0.021339999999999998
40,1.65,0.1187,0.0997,0.019000000000000003
40,1.7,0.10828,0.09066,0.017619999999999997
40,1.75,0.0988,0.08198,0.01682
40,1.8,0.0898,0.07458,0.015220000000000011
40,1.85,0.0824,0.06714,0.015259999999999996
40,1.9,0.0751,0.06052,0.014580000000000003
40,1.95,0.0687,0.05496,0.013739999999999995
40,2.0,0.06284,0.05008,0.012759999999999994
40,2.05,0.05656,0.04548,0.01108
40,2.1,0.05138,0.04112,0.010260000000000005
40,2.15,0.0466,0.03658,0.010020000000000001
40,2.2,0.0424,0.03306,0.009340000000000001
40,2.25,0.0389,0.02962,0.009279999999999997
40,2.3,0.03566,0.02674,0.008919999999999997
40,2.35,0.0324,0.02424,0.008159999999999997
40,2.4,0.02958,0.02192,0.00766
40,2.45,0.02708,0.01956,0.007519999999999999
40,2.5,0.02498,0.01778,0.007199999999999998
40,2.55,0.02288,0.01606,0.00682
40,2.6,0.02096,0.01484,0.006119999999999999
40,2.65,0.0188,0.01326,0.0055400000000000015
40,2.7,0.01684,0.01222,0.004620000000000001
40,2.75,0.01546,0.0111,0.004359999999999999
40,2.8,0.0142,0.0097,0.0045000000000000005
40,2.85,0.01288,0.0089,0.003980000000000001
40,2.9,0.01162,0.00826,0.00336
40,2.95,0.0105,0.00742,0.0030800000000000003
40,3.0,0.00932,0.00672,0.0026
40,3.05,0.00852,0.00602,0.0024999999999999996
40,3.1,0.00788,0.00536,0.0025199999999999997
40,3.15,0.00676,0.00486,0.0019000000000000006
40,3.2,0.00626,0.0043,0.00196
40,3.25,0.00564,0.00386,0.00178
40,3.3,0.00516,0.00342,0.0017399999999999998
40,3.35,0.0047,0.003,0.0017000000000000001
40,3.4,0.00428,0.00276,0.00152
40,3.45,0.00402,0.00238,0.00164
40,3.5,0.00366,0.0023,0.00136
40,3.55,0.00324,0.002,0.0012399999999999998
40,3.6,0.00282,0.00188,0.0009400000000000001
40,3.65,0.00264,0.00178,0.0008600000000000001
40,3.7,0.00238,0.0016,0.0007800000000000001
40,3.75,0.00218,0.00142,0.00076
40,3.8,0.00196,0.00134,0.0006199999999999999
40,3.85,0.00192,0.00124,0.00068
40,3.9,0.00176,0.00114,0.0006200000000000001
40,3.95,0.00164,0.00102,0.0006199999999999999
40,4.0,0.0015,0.00088,0.00062
