cell_id,date,mode,demand_kind,scale,primary_seed,replication_seed,primary_repetitions,replication_repetitions,total_repetitions,block_size,pooled_block_count,pooled_mean_difference,pooled_standard_error,pooled_simultaneous_critical,pooled_ci_low,pooled_ci_high,pooled_ci_halfwidth,precision_target,pooled_precision_gate_pass
2020-10-14-hub-hotspot-N10,2020-10-14,hub,hotspot,10,202607230110,202607240110,20000,20000,40000,500,80,-0.010124249999999998,0.0058538070452705815,3.405199776924186,-0.03005763244471261,0.009809132444712616,0.019933382444712613,0.03,True
2020-10-14-hub-hotspot-N20,2020-10-14,hub,hotspot,20,202607230111,202607240111,20000,20000,40000,500,80,-0.0190173125,0.005168166016665951,3.405199776924186,-0.03661595026705805,-0.0014186747329419484,0.017598637767058053,0.03,True
2020-10-14-hub-hotspot-N40,2020-10-14,hub,hotspot,40,202607230112,202607240112,20000,20000,40000,500,80,-0.0279291875,0.0032884993930453643,3.405199776924186,-0.03912718489961339,-0.016731190100386605,0.011197997399613396,0.03,True
2020-10-14-hub-hotspot-N80,2020-10-14,hub,hotspot,80,202607230113,202607240113,20000,20000,40000,500,80,-0.0108646875,0.0019762856687252656,3.405199776924186,-0.01759433501828174,-0.004135039981718259,0.0067296475182817405,0.03,True
2020-10-14-hub-uniform-N10,2020-10-14,hub,uniform,10,202607230100,202607240100,20000,20000,40000,500,80,0.0005297499999999996,0.005628013071986362,3.405199776924186,-0.018634758857254363,0.01969425885725436,0.01916450885725436,0.03,True
2020-10-14-hub-uniform-N20,2020-10-14,hub,uniform,20,202607230101,202607240101,20000,20000,40000,500,80,0.0046538125,0.006259181059337872,3.405199776924186,-0.016659949446985414,0.025967574446985414,0.021313761946985414,0.03,True
2020-10-14-hub-uniform-N40,2020-10-14,hub,uniform,40,202607230102,202607240102,20000,20000,40000,500,80,0.010980765625000001,0.006121775238164248,3.405199776924186,-0.009865102050376903,0.031826633300376904,0.020845867675376904,0.03,True
2020-10-14-hub-uniform-N80,2020-10-14,hub,uniform,80,202607230103,202607240103,20000,20000,40000,500,80,0.011243828124999999,0.006073760270034491,3.405199776924186,-0.009438538991612436,0.031926195241612436,0.020682367116612435,0.03,True
2020-10-14-primary-hotspot-N10,2020-10-14,primary,hotspot,10,202607230010,202607240010,20000,20000,40000,500,80,-0.0126795,0.006020350918900729,3.405199776924186,-0.03317999760604608,0.007820997606046081,0.02050049760604608,0.03,True
2020-10-14-primary-hotspot-N20,2020-10-14,primary,hotspot,20,202607230011,202607240011,20000,20000,40000,500,80,-0.0115225625,0.005050259525379338,3.405199776924186,-0.028719705109230966,0.0056745801092309665,0.017197142609230966,0.03,True
2020-10-14-primary-hotspot-N40,2020-10-14,primary,hotspot,40,202607230012,202607240012,20000,20000,40000,500,80,0.0022106093749999995,0.0031500247571449123,3.405199776924186,-0.008515854225335517,0.012937072975335518,0.010726463600335518,0.03,True
2020-10-14-primary-hotspot-N80,2020-10-14,primary,hotspot,80,202607230013,202607240013,20000,20000,40000,500,80,0.0008268476562500002,0.0017441145495085922,3.405199776924186,-0.005112210818666885,0.006765906131166885,0.005939058474916885,0.03,True
2020-10-14-primary-uniform-N10,2020-10-14,primary,uniform,10,202607230000,202607240000,20000,20000,40000,500,80,0.011715500000000004,0.006110730704561517,3.405199776924186,-0.009092758832016646,0.03252375883201665,0.02080825883201665,0.03,True
2020-10-14-primary-uniform-N20,2020-10-14,primary,uniform,20,202607230001,202607240001,20000,20000,40000,500,80,0.005452,0.0061133409031737885,3.405199776924186,-0.015365147079748885,0.026269147079748888,0.020817147079748886,0.03,True
2020-10-14-primary-uniform-N40,2020-10-14,primary,uniform,40,202607230002,202607240002,20000,20000,40000,500,80,-2.4687499999998323e-05,0.005386885800682848,3.405199776924186,-0.018368109826801298,0.0183187348268013,0.0183434223268013,0.03,True
2020-10-14-primary-uniform-N80,2020-10-14,primary,uniform,80,202607230003,202607240003,20000,20000,40000,500,80,0.014381042968749999,0.006350124018617593,3.405199776924186,-0.0072423979228875435,0.03600448386038754,0.021623440891637542,0.03,True
2022-05-31-hub-hotspot-N10,2022-05-31,hub,hotspot,10,202607231110,202607241110,20000,20000,40000,500,80,-0.011498999999999999,0.005114371521828575,3.405199776924186,-0.02891445676523807,0.005916456765238071,0.01741545676523807,0.03,True
2022-05-31-hub-hotspot-N20,2022-05-31,hub,hotspot,20,202607231111,202607241111,20000,20000,40000,500,80,-0.0114419375,0.005051300771262224,3.405199776924186,-0.028642625759479096,0.0057587507594790924,0.017200688259479093,0.03,True
2022-05-31-hub-hotspot-N40,2022-05-31,hub,hotspot,40,202607231112,202607241112,20000,20000,40000,500,80,-0.016174390625,0.003377462994932282,3.405199776924186,-0.0276753268619131,-0.0046734543880869,0.0115009362369131,0.03,True
2022-05-31-hub-hotspot-N80,2022-05-31,hub,hotspot,80,202607231113,202607241113,20000,20000,40000,500,80,-0.0056379921875,0.0016585898997669372,3.405199776924186,-0.011285822144195084,9.837769195082148e-06,0.005647829956695083,0.03,True
2022-05-31-hub-uniform-N10,2022-05-31,hub,uniform,10,202607231100,202607241100,20000,20000,40000,500,80,0.008900000000000002,0.006209609896224651,3.405199776924186,-0.0122449622334104,0.030044962233410404,0.021144962233410402,0.03,True
2022-05-31-hub-uniform-N20,2022-05-31,hub,uniform,20,202607231101,202607241101,20000,20000,40000,500,80,0.0074748125,0.006323723072086153,3.405199776924186,-0.014058727894398094,0.029008352894398095,0.021533540394398094,0.03,True
2022-05-31-hub-uniform-N40,2022-05-31,hub,uniform,40,202607231102,202607241102,20000,20000,40000,500,80,-0.0017027031249999985,0.005678924240234853,3.405199776924186,-0.021040574681017072,0.017635168431017072,0.019337871556017072,0.03,True
2022-05-31-hub-uniform-N80,2022-05-31,hub,uniform,80,202607231103,202607241103,20000,20000,40000,500,80,-0.0004484218749999993,0.00547411665451584,3.405199776924186,-0.01908888268581431,0.01819203893581431,0.01864046081081431,0.03,True
2022-05-31-primary-hotspot-N10,2022-05-31,primary,hotspot,10,202607231010,202607241010,20000,20000,40000,500,80,-0.0036457499999999997,0.005490616819857309,3.405199776924186,-0.022342397170154293,0.015050897170154294,0.018696647170154294,0.03,True
2022-05-31-primary-hotspot-N20,2022-05-31,primary,hotspot,20,202607231011,202607241011,20000,20000,40000,500,80,-0.01608525,0.005254312064218892,3.405199776924186,-0.03397723226896823,0.0018067322689682315,0.01789198226896823,0.03,True
2022-05-31-primary-hotspot-N40,2022-05-31,primary,hotspot,40,202607231012,202607241012,20000,20000,40000,500,80,-0.03140279687499999,0.0030689286515423243,3.405199776924186,-0.04185311203462816,-0.020952481715371826,0.010450315159628165,0.03,True
2022-05-31-primary-hotspot-N80,2022-05-31,primary,hotspot,80,202607231013,202607241013,20000,20000,40000,500,80,-0.01761439453125,0.0020256300818102604,3.405199776924186,-0.02451206963396122,-0.01071671942853878,0.0068976751027112196,0.03,True
2022-05-31-primary-uniform-N10,2022-05-31,primary,uniform,10,202607231000,202607241000,20000,20000,40000,500,80,-0.0010134999999999992,0.005231914439829478,3.405199776924186,-0.01882921388339377,0.016802213883393768,0.017815713883393768,0.03,True
2022-05-31-primary-uniform-N20,2022-05-31,primary,uniform,20,202607231001,202607241001,20000,20000,40000,500,80,0.015231624999999999,0.00578840873116634,3.405199776924186,-0.004479063120113633,0.03494231312011363,0.01971068812011363,0.03,True
2022-05-31-primary-uniform-N40,2022-05-31,primary,uniform,40,202607231002,202607241002,20000,20000,40000,500,80,0.015169234374999998,0.005207634642737316,3.405199776924186,-0.002563801948751771,0.03290227069875177,0.01773303632375177,0.03,True
2022-05-31-primary-uniform-N80,2022-05-31,primary,uniform,80,202607231003,202607241003,20000,20000,40000,500,80,0.02411182421875,0.005149200661835978,3.405199776924186,0.006577767273728257,0.04164588116377174,0.017534056945021744,0.03,True
2023-07-16-hub-hotspot-N10,2023-07-16,hub,hotspot,10,202607232110,202607242110,20000,20000,40000,500,80,-0.01568125,0.005398896621260399,3.405199776924186,-0.03406557157035266,0.002703071570352652,0.018384321570352653,0.03,True
2023-07-16-hub-hotspot-N20,2023-07-16,hub,hotspot,20,202607232111,202607242111,20000,20000,40000,500,80,-0.02931625,0.005090250718518039,3.405199776924186,-0.0466495706111858,-0.011982929388814196,0.017333320611185803,0.03,True
2023-07-16-hub-hotspot-N40,2023-07-16,hub,hotspot,40,202607232112,202607242112,20000,20000,40000,500,80,-0.037914234375,0.0027671569717735212,3.405199776924186,-0.0473369566779974,-0.028491512072002602,0.009422722302997401,0.03,True
2023-07-16-hub-hotspot-N80,2023-07-16,hub,hotspot,80,202607232113,202607242113,20000,20000,40000,500,80,-0.02245518359375,0.0017152692926063985,3.405199776924186,-0.028296018206298214,-0.016614348981201787,0.005840834612548214,0.03,True
2023-07-16-hub-uniform-N10,2023-07-16,hub,uniform,10,202607232100,202607242100,20000,20000,40000,500,80,0.00916925,0.005822937793746536,3.405199776924186,-0.010659016476309114,0.028997516476309115,0.019828266476309114,0.03,True
2023-07-16-hub-uniform-N20,2023-07-16,hub,uniform,20,202607232101,202607242101,20000,20000,40000,500,80,0.009204062500000002,0.0054683454393533075,3.405199776924186,-0.009416746170230271,0.027824871170230275,0.018620808670230273,0.03,True
2023-07-16-hub-uniform-N40,2023-07-16,hub,uniform,40,202607232102,202607242102,20000,20000,40000,500,80,0.004731046875000001,0.005719564292360398,3.405199776924186,-0.014745212177449164,0.024207305927449168,0.019476259052449166,0.03,True
2023-07-16-hub-uniform-N80,2023-07-16,hub,uniform,80,202607232103,202607242103,20000,20000,40000,500,80,0.0018749375000000005,0.005970047183661812,3.405199776924186,-0.01845426583803207,0.022204140838032068,0.020329203338032068,0.03,True
2023-07-16-primary-hotspot-N10,2023-07-16,primary,hotspot,10,202607232010,202607242010,20000,20000,40000,500,80,-0.012363500000000001,0.0058253572908840276,3.405199776924186,-0.03220000534742197,0.007473005347421969,0.01983650534742197,0.03,True
2023-07-16-primary-hotspot-N20,2023-07-16,primary,hotspot,20,202607232011,202607242011,20000,20000,40000,500,80,-0.0376511875,0.004283003604404988,3.405199776924186,-0.052235670418285356,-0.02306670458171465,0.014584482918285352,0.03,True
2023-07-16-primary-hotspot-N40,2023-07-16,primary,hotspot,40,202607232012,202607242012,20000,20000,40000,500,80,-0.03602546875,0.003365889629079051,3.405199776924186,-0.047486995364091414,-0.02456394213590858,0.011461526614091415,0.03,True
2023-07-16-primary-hotspot-N80,2023-07-16,primary,hotspot,80,202607232013,202607242013,20000,20000,40000,500,80,-0.022193585937500003,0.0016680372622328936,3.405199776924186,-0.027873586050756682,-0.016513585824243324,0.005680000113256679,0.03,True
2023-07-16-primary-uniform-N10,2023-07-16,primary,uniform,10,202607232000,202607242000,20000,20000,40000,500,80,-0.0018265000000000004,0.00602537077776079,3.405199776924186,-0.022344091228316553,0.01869109122831655,0.02051759122831655,0.03,True
2023-07-16-primary-uniform-N20,2023-07-16,primary,uniform,20,202607232001,202607242001,20000,20000,40000,500,80,0.0061747500000000006,0.005926249232656629,3.405199776924186,-0.014005312565039483,0.026354812565039482,0.020180062565039483,0.03,True
2023-07-16-primary-uniform-N40,2023-07-16,primary,uniform,40,202607232002,202607242002,20000,20000,40000,500,80,0.008100609375,0.006321159923336949,3.405199776924186,-0.013424202985849084,0.029625421735849082,0.021524812360849084,0.03,True
2023-07-16-primary-uniform-N80,2023-07-16,primary,uniform,80,202607232003,202607242003,20000,20000,40000,500,80,-6.046093749999884e-05,0.00545541101207675,3.405199776924186,-0.018637225298853494,0.018516303423853495,0.018576764361353495,0.03,True
