snapshot,mode,local_node_index,node_id,subgraph_degree
20201014.gml.geo,primary,0,02004c625d622245606a1ea2c1c69cfb4516b703b47945a3647713c05fe4aaeb1c,5
20201014.gml.geo,primary,1,0201fa3eccc87826765f52afc5906d90a6c3598f49f3e0a9d90d612597c37a2fd5,1
20201014.gml.geo,primary,2,0209353ede22c7e5c74bbe76d58bf569cdb4dc010212977b764af58516d16aa9df,1
20201014.gml.geo,primary,3,021d8fb3c77b95766de14e34b28beb6b8905c7d804196fb3ae9ea76517a8d70d64,1
20201014.gml.geo,primary,4,021e030cb2f3dc3e79d413d2f624d8b5f67992d226388adf64c332903dd99c4ddb,1
20201014.gml.geo,primary,5,0223289fa79b65c2c5f24e22db76c13dd3a8a678589754f435bdbc55b969175b9c,1
20201014.gml.geo,primary,6,02261e7852da96e893a9e824be2f2eb0df15ac757faa3f6098c808d980fecea716,2
20201014.gml.geo,primary,7,0227230b7b685f1742b944bfc5d79ddc8c5a90b68499775ee10895f87307d8d22e,7
20201014.gml.geo,primary,8,0227664a8d902512626d9c700dc6b22821f45f751ad0d66e2aed3c42adf342624a,1
20201014.gml.geo,primary,9,02290714deafd0cb33d2be3b634fc977a98a9c9fa1dd6c53cf17d99b350c08c67b,1
20201014.gml.geo,primary,10,022a6ef3cef76770176dac9a996c53fc70a197594b15f39c2327e1efddb0bf2516,1
20201014.gml.geo,primary,11,022b0eb6eac43c0b7e56dc8b6e8205f735a80966521f553db56deff197b0035a7f,2
20201014.gml.geo,primary,12,022c34f968b0be54d685198e8720ce8528ec554afff2dbb0fc5abd90ff105263f8,4
20201014.gml.geo,primary,13,0234e53380c64bb0369154280a8b926034cbbc7537884dfcab20096152910f1742,1
20201014.gml.geo,primary,14,0236b79638b8f133eca00765786da784bd3db4187dd6e1f28be85d4a0f547150d8,1
20201014.gml.geo,primary,15,023831c19f4a120d4f7a47641550976a770f844d05be98c96976247afa7cc889b9,1
20201014.gml.geo,primary,16,023b63e55e8c7fca898db3c86c5bfa756b5e642142b75183f31f10f102978f4059,1
20201014.gml.geo,primary,17,023d4788782a6c36c9e872ff7d20fe76b943fa1f0269a2321efff238cc45da7f4f,1
20201014.gml.geo,primary,18,023d70f2f76d283c6c4e58109ee3a2816eb9d8feb40b23d62469060a2b2867b77f,30
20201014.gml.geo,primary,19,0242a4ae0c5bef18048fbecf995094b74bfb0f7391418d71ed394784373f41e4f3,4
20201014.gml.geo,primary,20,02439112f98b6f4828e1a7426bfbece166bd36837d7dea4225a75ebd1d96864a07,4
20201014.gml.geo,primary,21,024676acdbb9018fdd90114c55bf3397af98fa84a809b4c65467953008be92dc83,1
20201014.gml.geo,primary,22,0247eba5275bcdf4825197a7557061bd4b0a015e00590e697191bc9dfbe6bf409a,1
20201014.gml.geo,primary,23,024a9811aad3b9ff6e80c1352239f7b27ddd5f8d49acbb82752f558236974d7092,1
20201014.gml.geo,primary,24,0255ecd216b6abf3f91adaa3c7fcabbc477f7ffcec58d99f823720581c2ea9cacd,1
20201014.gml.geo,primary,25,025c292529c8ff4e8b0f75ed5d17f99b74d2a06ca8237bdfc0b55d04686e3e776b,1
20201014.gml.geo,primary,26,0261145a5efa26a79e008996c6f9bff276eb2a75294b2c7013cf90ee77dd9005ac,1
20201014.gml.geo,primary,27,0264329b15c7cc240b772ffa43f573625a524b1914acd547b741c54d95d0b6bd35,1
20201014.gml.geo,primary,28,0268fb5ff483d584b81832b025b8ed122596d4b642171d71ab8b5893aa24eccece,4
20201014.gml.geo,primary,29,0268fce75a7e44d5c692074ce415c188440416ec0461c43431cb1ce3d902a51ce9,1
20201014.gml.geo,primary,30,02f409397bebb11adc00bb5f52ab4a5a911c393ebf1fb0677c1ac63a316a2deb96,1
20201014.gml.geo,hub,0,02001828ca7eb8e44d4d78b5c1ea609cd3744be823c22cd69d895eff2f9345892d,1
20201014.gml.geo,hub,1,02003e8f41444fbddbfce965eaeb45b362b5c1b0e52b16cc249807ba7f78877928,1
20201014.gml.geo,hub,2,02004c625d622245606a1ea2c1c69cfb4516b703b47945a3647713c05fe4aaeb1c,4
20201014.gml.geo,hub,3,0200da31ae309a42f955de9383c150a4167246bb22d5380898cd70aecc59136c50,1
20201014.gml.geo,hub,4,0201bbc44301ec1bdf3da081e19e960adf133806d19e439eb116bb84a8a62e7408,2
20201014.gml.geo,hub,5,0201be5b63e839fc57c66c7ab21dcea3aa79001de132f29ade96a0c2d6680c8eaf,1
20201014.gml.geo,hub,6,0202bbe57827ab092d56a0623d965a92d2f111aade31d1b6b6b0983fcb79836b9d,1
20201014.gml.geo,hub,7,0202e6bffec1e453d3cd93917d65544a7a87c88f1a6c52ed827a3cb7157bb06e93,1
20201014.gml.geo,hub,8,0202e7727ee46d943a44c7bf0dce14220a839630dee67d03446bf935178b55a0df,1
20201014.gml.geo,hub,9,0202f05149350a1c68578238eab17c594d1f5bd5235864c413c50484b98b2f32e5,1
20201014.gml.geo,hub,10,020323d8f47d10ed146cc630c6b79accc9540213f907454f7731c337dc5ae9a7c5,1
20201014.gml.geo,hub,11,020328dfec863a339a91f16e50082768b97f87abbbe7b7b9dd2a150d0b0409b49f,1
20201014.gml.geo,hub,12,02036e0f538728a26a9e2ebb42890a9845c6dc9f46a09047ff3e382b5bf9282c17,1
20201014.gml.geo,hub,13,0203c69eaaf21dfc53c01df09684d9b8ae3a52324b58d86a96fbe0f0fafffcaa19,1
20201014.gml.geo,hub,14,020425b428e51b983880a8450d01596fb161b3f78f3fc66285c8ead01bfc897556,1
20201014.gml.geo,hub,15,02043b4834a867fd8787c9878bace14310318f8622ed1b195e8d2aca2e49499dd5,1
20201014.gml.geo,hub,16,0204594e04a25b0dcf3f09a904431f533ab21e6a046703c6225557eface7a5bb24,1
20201014.gml.geo,hub,17,02047d60de9a1073adf351b79ba6f20f5891ee9c587941e01be934fcfc505823e5,1
20201014.gml.geo,hub,18,020627cf52809eb66d6393bab80e1d723c147055f721cb0f84d52b0a9f8bba031e,1
20201014.gml.geo,hub,19,0206507b73025bae5bc781cbd11668fd6e4a977fabcaf1a1ecc6fc0546c75fa44f,1
20201014.gml.geo,hub,20,0206722d0f786ae2bf4779675b5b7d91ae334fc59992f98528f30a83b91e3c8b8f,1
20201014.gml.geo,hub,21,020675f1b6a63a748f8f674400e94472307d0204352238b17375777e6b89aef047,1
20201014.gml.geo,hub,22,0206ba1bccc9241fda43879095f54f276b41373ca236735c5357d55e385a8062e5,2
20201014.gml.geo,hub,23,0206eb072408ee1d7808a6c056bc324edbb56fdcc350d9f23ef094372792676561,1
20201014.gml.geo,hub,24,020815a33a54159aca81b4b88decce0b550f2cbe1aa55af7a050718a5a03941fa5,1
20201014.gml.geo,hub,25,02083e55c359ad6d423c0f63821f3230c64aa9089b81c6cf7702d3ba6272ff6c96,1
20201014.gml.geo,hub,26,0208d142e09411fca84c73174f88e88bc02c2710726427a8c8a7bb32ccb1c9d9c0,1
20201014.gml.geo,hub,27,0209ad56880f6f4544074bffdf14a775cd2de30cd61e2e785b67ff03826835df12,1
20201014.gml.geo,hub,28,0209bec6f15a4545a3ec1b29960b20c0d97ef86e27f9ab4e59a41139525a08b85b,1
20201014.gml.geo,hub,29,0209faa30755c89418d396f31e4395df51cc79b72890e1fc02de1fdde1448cebc4,2
20201014.gml.geo,hub,30,02ad6fb8d693dc1e4569bcedefadf5f72a931ae027dc0f0c544b34c1c6f3b9a02b,30
20220531.gml.geo,primary,0,0202a10e9dc29df67d6bff9f3e99e3bf7ccbd7cf3d73f3e3fcab761ac52f19a801,1
20220531.gml.geo,primary,1,020449065769190db5d94f9c9354da8be05642dbed834d7aaf3e02c32ce61f7127,1
20220531.gml.geo,primary,2,0204a91bb5802ad0a799acfd86ef566da03d80cc9e13acb01e680634bf64188a0d,1
20220531.gml.geo,primary,3,0205fe16bb484fdda40347afac284cd8c8a668277eb6cbf6c1483b4fc3028b0b51,1
20220531.gml.geo,primary,4,02085de2c96e7aa2d4d9390947262de00c572fb8edb8e24ff489236dab8ee21fa9,1
20220531.gml.geo,primary,5,0208a97d43dc2062d9c8ff4589d6f77202ba0e9f1c0c418d428442bf028345c80f,1
20220531.gml.geo,primary,6,0209935d1cf5328ad835d6fa0422850ac2dd1c6cafc24380a068992a3bd0fd2b34,1
20220531.gml.geo,primary,7,020b6124e01894ab4f0eb17362531868b94a148636accdd6d5a489ffac3c188c51,1
20220531.gml.geo,primary,8,020b89502397dede9af0a453e438f611209a91db26d7b5f6de26a43de5ffe6af20,1
20220531.gml.geo,primary,9,020c808d86adb38265193bd06b468e4bcbfa193867c66051f02f5fd9414aaa7dc7,1
20220531.gml.geo,primary,10,020ce3c7a4516ae35d76c49990da4f727012f20c49127fed46000c6d5dc4908a97,1
20220531.gml.geo,primary,11,020d01b5c15c94dc84eb3bf0402f41b073423624a2df35c88ee2cd6c8b4b29e838,1
20220531.gml.geo,primary,12,020dd87cbbadc793a945312c518f865989b3fe381ac2eb0f01bb8c037486f82469,1
20220531.gml.geo,primary,13,020dd8fc221b1075c628bc049a0580e4dbb510d73d5416ea9a1334a518c467c5c3,1
20220531.gml.geo,primary,14,020ed84b94b653a524b18b086800c101280b68164aae445ec3a538cc4b6d9e128f,1
20220531.gml.geo,primary,15,0210dd588f6dcdc6c629d7c470ef7008352826d4def2eb0bb6302e7c8dce5c836f,1
20220531.gml.geo,primary,16,02115a88404ded6c0ffd47de303f5181e2789baba978545617b5ba60744e545004,1
20220531.gml.geo,primary,17,0212864d59d5a902634c4a3186615446e9d56c17b14600f3b74fbabe3509aa707f,1
20220531.gml.geo,primary,18,02130bc1e08d541f64b7283e2401a7a16699f185129e0f1ad605dcb1a2803113ba,1
20220531.gml.geo,primary,19,0213355124da5fb0055ce80dd951a60c8470078817c51b3733f0066b593574bf05,1
20220531.gml.geo,primary,20,0213836acf6b81fa1a7005c7d868d316970c0f8356d21309e13fc03561a4248300,1
20220531.gml.geo,primary,21,0213fb33f367be75c7b7869ee744b7ee9460fff715ebd286a74ebc45c661406d23,1
20220531.gml.geo,primary,22,0214073a35d4a87440e9f44428e4203c7b334638cb967eddda6448a9071f7d826f,1
20220531.gml.geo,primary,23,0215292ba94ca0aee6413fbb3655a170178c1208eeeaed5c73806f44dded512394,1
20220531.gml.geo,primary,24,02157b2e0f7b26945a13da859bd218c2af2d16c82eceac956722dfeccdfcc24a98,1
20220531.gml.geo,primary,25,02159952697e25d8c7d50c0b68f110a90813a752bfc4ed423c7cfeb6634b7b4d29,1
20220531.gml.geo,primary,26,0217664407a42f66eda9f01ecc77a37e7105213eeb234647ab38f3821190dd8490,1
20220531.gml.geo,primary,27,0217a75ccc5fa0b0d56c3de5a90a13c1c62fe56aaf3d55c982ff79381268b3cdaa,1
20220531.gml.geo,primary,28,0297a77f4d1ccc55d7a10a9b137119b1103d9a9d38a5a97ffa1d0152c818fcdd0a,29
20220531.gml.geo,primary,29,02f0d15e7809f574c69ff047d1edbbd4685224f53e9103179b8f031574bc1fe6f3,1
20220531.gml.geo,primary,30,03ca79960a5c68eda7a375da8233353f4c893e102141f20be0d3db5f24227d7a2f,2
20220531.gml.geo,hub,0,020016201d389a44840f1f33be29288952f67c8ef6b3f98726fda180b4185ca6e2,2
20220531.gml.geo,hub,1,02005a505c16ab5321e73f1efbd0fc74e2cccda04e67fda3a036438c6372b3c918,1
20220531.gml.geo,hub,2,02005d8bb944a7a3369e66369ecf456cc53fcaa2c141dba404170580432cf4ff79,1
20220531.gml.geo,hub,3,02006a7dc99e2db1e73baf8da79646034412b9770ffc7536ce75c71e91b923f59a,1
20220531.gml.geo,hub,4,0200b122dd16817e0addbf8f81299e6488c42e47bd13bf935f245edcb26568c6c3,1
20220531.gml.geo,hub,5,0200cf174ef5c6abbdd2f8ab87d1628c83a99a309266465e9c7cde14fb6d5882a9,5
20220531.gml.geo,hub,6,0200da31ae309a42f955de9383c150a4167246bb22d5380898cd70aecc59136c50,1
20220531.gml.geo,hub,7,0200e5a6afd0cca4383b67a7ed18fc0af24b80f475295d683ee58d7fb00e8d9b13,1
20220531.gml.geo,hub,8,020111074bd304e17a1cc74e1f4b76d64b1764895ae3a26ad3ab2c4fd0f63cdc35,2
20220531.gml.geo,hub,9,0201443a430b135e5f159afb447d9254c7b373c9fd43f69f9468c9162ab481f510,1
20220531.gml.geo,hub,10,020181e74c5c80bbb4b47f58e1e1012013a199989f61597d6fc5b4e386df79d3ce,1
20220531.gml.geo,hub,11,0201aac627cd9bd20fde0408a0571fe906904848e60e9b5790f64e5190c110176e,1
20220531.gml.geo,hub,12,0201af659a3986832bb5bf2493c537cee9f7d62a7bff5d0a68176c1d60df931cf7,2
20220531.gml.geo,hub,13,0201c7d931c2d41fabbf92000db705cffff35fcca3a6a18576a293a1fed3fb5c65,2
20220531.gml.geo,hub,14,0201dd8a0e2b0bba7b39314b1cb515b789b56861fce45b0a278bdccf43415294e7,1
20220531.gml.geo,hub,15,0201de34693d639e341391c882535e039627605ea14f8be912f55c0e36772ec1f3,1
20220531.gml.geo,hub,16,020200298c7dfed25f31fb85a1ef20b6ea7be4780d8b84bffca6589cce52e98c1c,1
20220531.gml.geo,hub,17,020284ccf92bfded620df993909e1ef55282725adcde48dc20bb3754b004427037,1
20220531.gml.geo,hub,18,020296a52fcc2ac3d48c420cd073638deb1a57f0175097e8defe12b12a66ff0f79,1
20220531.gml.geo,hub,19,0202b72d9ddbaf4b512446b4914c1662b67bfa38080916180c9b35d9dcf2950f6d,1
20220531.gml.geo,hub,20,0202e7727ee46d943a44c7bf0dce14220a839630dee67d03446bf935178b55a0df,4
20220531.gml.geo,hub,21,02032afeaa3248b3131ea9c132aaae44f1c46e2dda20743030afce21a8679f6ae9,1
20220531.gml.geo,hub,22,0203af58678967b0beeb0ed4ac6910bf26bc8b6121486754161df49a971337a7fb,1
20220531.gml.geo,hub,23,0203af818b15ab7f3853c3c66ac4dd7ab3a4e25d89e58899ef08859e02f63dc4b5,1
20220531.gml.geo,hub,24,0203b5b0de483b8d0ac92737ea8d266f66221c141423274252552b9f8463aae4b0,1
20220531.gml.geo,hub,25,0203bb82348f99eebe9471686366fe642f6a84b4b2db79f605a86c7b89df8f74d5,1
20220531.gml.geo,hub,26,0203e5b16ebe87b089f22e18752f1f7a66a1bdf77879df8d1c9e8d912dbfb9beb4,2
20220531.gml.geo,hub,27,0203f3e0fdaa52ca5c804d145b6a47e5a620c02123106578230061deb212e720bd,1
20220531.gml.geo,hub,28,0204118e61e0cc0fd52cad70d133771943adaf77b8c4ccbb2732ac501e31f9a021,1
20220531.gml.geo,hub,29,02045f289f0de16b275e925aff584bc6c626dddc0f29e15b367d68a35de445d98b,1
20220531.gml.geo,hub,30,03864ef025fde8fb587d989186ce6a4a186895ee44a926bfc370e2c366597a3f8f,30
20230716.gml.geo,primary,0,020181f8e09b92f94e1d27b75aa21dadd6a0460fbb602e432b9ad016fc25857216,1
20230716.gml.geo,primary,1,0203cf65531719c961986302535d1b9b3594b9eda27de7a9caba163f644a434b41,1
20230716.gml.geo,primary,2,020439fefa80100a7d89cefb7c5067ca5ead869707d33a3763f226fb2dafc06e12,1
20230716.gml.geo,primary,3,0204ea5f78a543de7ac40c91537504fb682f1870d88e642e49fafa093eba206d4e,1
20230716.gml.geo,primary,4,0204f6d4b5f4ffc8d6fae54e6ce934bc799579a281877130bfd6d6ee672b654998,1
20230716.gml.geo,primary,5,02063e9cd1e6c8bc20b4391785e13fdcfc81b786649995f85ece3324216d9c42fc,1
20230716.gml.geo,primary,6,0206e74aed257451f07cc1f40b7ace15f3a554bb2fc51eef36b679d325bed4d391,1
20230716.gml.geo,primary,7,0207475247b0cf3acb50070bc5912406e787b400b445ddf98ce55616ea16e0dee3,1
20230716.gml.geo,primary,8,020806c060336147486d2555eddc2d881899186a6fd8ecfd296c998c7b9e3b5631,1
20230716.gml.geo,primary,9,020b89502397dede9af0a453e438f611209a91db26d7b5f6de26a43de5ffe6af20,1
20230716.gml.geo,primary,10,020c2c8813173fd64f0a7d93a62c56ba2bf500f8609e4030bb37523ecaa20e7ac7,1
20230716.gml.geo,primary,11,020d01b5c15c94dc84eb3bf0402f41b073423624a2df35c88ee2cd6c8b4b29e838,1
20230716.gml.geo,primary,12,020d08c8151aeef5fc1116e414fe33f939e48b17bfe82f5fe2578c3c18e4c771ab,1
20230716.gml.geo,primary,13,020dd8fc221b1075c628bc049a0580e4dbb510d73d5416ea9a1334a518c467c5c3,1
20230716.gml.geo,primary,14,020ec9d5bfbeef8ffb2754d763568fd7ed1bc32b41a55fe25915d4024759592b8e,1
20230716.gml.geo,primary,15,0213291558f8001f3424fb4d766c40894b953d5b997f11db640f6c44e6b2b46f2f,1
20230716.gml.geo,primary,16,0213ff3cc55dc06e580049ee4830f645a271e4a1d5fc14710e1a6bbb16fb290718,1
20230716.gml.geo,primary,17,02159952697e25d8c7d50c0b68f110a90813a752bfc4ed423c7cfeb6634b7b4d29,1
20230716.gml.geo,primary,18,0215c0166d5d325f5e8fa7ef8a18844942b2b20ec18bec40088f95beffab9e416c,1
20230716.gml.geo,primary,19,021607cfce19a4c5e7e6e738663dfafbbbac262e4ff76c2c9b30dbeefc35c00643,1
20230716.gml.geo,primary,20,0216b3820d52d96c6ea3f2a39ffbc0fe7e9d4f4d446b76e757b830af636edeba01,1
20230716.gml.geo,primary,21,0217664407a42f66eda9f01ecc77a37e7105213eeb234647ab38f3821190dd8490,1
20230716.gml.geo,primary,22,0217a75ccc5fa0b0d56c3de5a90a13c1c62fe56aaf3d55c982ff79381268b3cdaa,1
20230716.gml.geo,primary,23,021970afdbcdd5e5ef4b3755dfb8d485c4bac94ee380d4ce457e06fdfae4b0c846,1
20230716.gml.geo,primary,24,021bfec51e3576e401646f88e0d6fc134a7192f0c9d70e38473c420572973b6d7b,1
20230716.gml.geo,primary,25,021c67571cad0c6576a10a10fefad0fb1365edbdb9cd2e2928359df05f92fd7f23,1
20230716.gml.geo,primary,26,021db9d61b5aa5a8469c77931a32a14e08449726f7af867ee6e815ca1801acd90c,1
20230716.gml.geo,primary,27,021e74b707ca61dafbc6c7eacfa5c1a9b8337889a1df2f00257c903d7674e57635,1
20230716.gml.geo,primary,28,021eca10105c39143698a8735c17afd3f665f8f98461fc8f95f72fafc0c354efb9,1
20230716.gml.geo,primary,29,0281ebab6286053456f29e2003bcc31e67e05829f595a5059d3be42289e2d2812f,1
20230716.gml.geo,primary,30,03c8dfbf829eaeb0b6dab099d87fdf7f8faceb0c1b935cd243e8c1fb5af71361cf,30
20230716.gml.geo,hub,0,020016201d389a44840f1f33be29288952f67c8ef6b3f98726fda180b4185ca6e2,1
20230716.gml.geo,hub,1,02003e11a6b742fe6341b48b8a1f365012aecd49c367817bbb28bd00399904b74b,1
20230716.gml.geo,hub,2,0200d990697ccf274607b46d23a95dddf94c96ae78f4fd6f36d9a331b938d3d6ec,1
20230716.gml.geo,hub,3,0200da31ae309a42f955de9383c150a4167246bb22d5380898cd70aecc59136c50,1
20230716.gml.geo,hub,4,020100797aaa4c069bfe4e7c8803264d7badda7bd372b17eaa67fb7de6db0c25d6,1
20230716.gml.geo,hub,5,020111074bd304e17a1cc74e1f4b76d64b1764895ae3a26ad3ab2c4fd0f63cdc35,1
20230716.gml.geo,hub,6,02017f01f646318be8707ebf07b1f38bd89577f1654102057b824f91c70f75f9b8,1
20230716.gml.geo,hub,7,0201af659a3986832bb5bf2493c537cee9f7d62a7bff5d0a68176c1d60df931cf7,1
20230716.gml.geo,hub,8,0201b12f463c025e3790ea8cdd3d0975832a2f513fc1d4c888de31e263d76c9cb1,1
20230716.gml.geo,hub,9,0201bfc5d9c14d50ebaf4dfd83d70df314ed2a9f0119f28619f3f000a1079ef580,1
20230716.gml.geo,hub,10,0201dd8a0e2b0bba7b39314b1cb515b789b56861fce45b0a278bdccf43415294e7,1
20230716.gml.geo,hub,11,0201de34693d639e341391c882535e039627605ea14f8be912f55c0e36772ec1f3,1
20230716.gml.geo,hub,12,020202f7e7664e038fe098674de355c8a6313bbe51961922fde0ebc897266300fb,1
20230716.gml.geo,hub,13,0202cb8bd84def2572449b28f6dffbffb16b4ecbe00c32d4c02a6e9b13822e71d7,1
20230716.gml.geo,hub,14,0202d9f3575d6b788235dc617262ee3bb2d4c3c740adae6e98016bc1396e1a279f,1
20230716.gml.geo,hub,15,0202e7727ee46d943a44c7bf0dce14220a839630dee67d03446bf935178b55a0df,2
20230716.gml.geo,hub,16,0203a983d267ad02c84dc8e6c863512b5954f08b220eca62409cfe7df03c015419,1
20230716.gml.geo,hub,17,0203bb82348f99eebe9471686366fe642f6a84b4b2db79f605a86c7b89df8f74d5,1
20230716.gml.geo,hub,18,0203bd7e0e369ee76635373adb43afaa03553c727f22478bd3814540724879b231,1
20230716.gml.geo,hub,19,0203cc3f99c736d6b21f269bc23ffa40bf7e195fd3f7e13bade84b44408a009b60,1
20230716.gml.geo,hub,20,0203e5b16ebe87b089f22e18752f1f7a66a1bdf77879df8d1c9e8d912dbfb9beb4,2
20230716.gml.geo,hub,21,02045f289f0de16b275e925aff584bc6c626dddc0f29e15b367d68a35de445d98b,1
20230716.gml.geo,hub,22,0204cc3a3d612ef9aece3426291fd3fc758cd87c164aedda8e2bb92dabf728642b,1
20230716.gml.geo,hub,23,020556f350ee34c324591ff4c38aa8201e5dd5ce787be5c0844dcc2248e1e0fb6c,1
20230716.gml.geo,hub,24,02057240f617091dedd1bce0da761eeaf1809ad9e131771cf1f34858955e2a304f,1
20230716.gml.geo,hub,25,0205d359cfd8dad7e3dc10a21215457da54a9cc47ee01aa83dd2284fcdaada83e3,1
20230716.gml.geo,hub,26,02063e9cd1e6c8bc20b4391785e13fdcfc81b786649995f85ece3324216d9c42fc,1
20230716.gml.geo,hub,27,02063fec62479bdf7d43f046056303e48f5029108111ade42aef41c622a6245d52,1
20230716.gml.geo,hub,28,0206722d0f786ae2bf4779675b5b7d91ae334fc59992f98528f30a83b91e3c8b8f,1
20230716.gml.geo,hub,29,02069f270b69c81e9a3df61072ce6213583c7aa4824ae4ed22d4f169194a5cd8ed,1
20230716.gml.geo,hub,30,03864ef025fde8fb587d989186ce6a4a186895ee44a926bfc370e2c366597a3f8f,30
