cell_id,date,mode,source,source_sha256,claim_boundary,hotspot_weight,scale,seed,repetitions,node_count,channel_count,route_count,increment_sha256,maximum_absolute_drift,mean_correlated,mean_proxy,mean_difference,relative_mean_difference,normalized_mean_difference,paired_standard_error,simultaneous_critical,normalized_ci_low,normalized_ci_high,normalized_ci_halfwidth,correlated_q10,correlated_median,correlated_q90,proxy_q10,proxy_median,proxy_q90,maximum_stopping_time,block_size,block_count,block_mean_difference,block_standard_error,block_simultaneous_critical,block_ci_low,block_ci_high,block_ci_halfwidth,censored_count,runtime_seconds,raw_file,raw_sha256
2020-10-14-primary-lambda0-N40,2020-10-14,primary,20201014.gml.geo,900dbdce07298a65bafcc793bb18efbcd4bd43875a412c4195213dda41bce802,historical public topology; synthetic interpolated demand,0.0,40,202607290000,80,31,42,978,b4b555f4dbbf16e0bb93049a40e5473eaec0b23f130e2105f7755caaf706aedd,1.214306433183765e-17,4057.9375,4130.4875,-72.55,-0.017564512663456794,-0.045343749999999995,191.7104974741137,3.3477285178835148,-0.4464654372323288,0.35577793723232876,0.40112168723232877,2612.5,3867.5,5504.0,2710.8,3902.5,5626.3,8096,2,40,-0.04534375,0.12518846609520076,3.479924403318366,-0.480990148178683,0.390302648178683,0.435646398178683,0,0.276084200000696,raw/01-2020-10-14-primary-lambda0-N40.npz,0b30d570260295acd4f0c9d9351314d685f7d7076bd62b49eba09a3a06868b49
2020-10-14-primary-lambda0.25-N40,2020-10-14,primary,20201014.gml.geo,900dbdce07298a65bafcc793bb18efbcd4bd43875a412c4195213dda41bce802,historical public topology; synthetic interpolated demand,0.25,40,202607290001,80,31,42,978,b4b555f4dbbf16e0bb93049a40e5473eaec0b23f130e2105f7755caaf706aedd,0.002126797787201498,4034.85,3957.2875,77.5625,0.01959991534605459,0.0484765625,199.57728258172494,3.3477285178835148,-0.36910503776283593,0.4660581627628359,0.4175816002628359,2792.5,3868.0,5686.300000000001,2431.3,3719.5,5570.000000000003,7818,2,40,0.0484765625,0.12741694264136466,3.479924403318366,-0.3949247655939014,0.49187789059390136,0.44340132809390137,0,0.2725064999995084,raw/02-2020-10-14-primary-lambda0.25-N40.npz,47966b9f220cda647af61324d9ec918e2a5d5b1f3045ede02af4bc1077499596
2020-10-14-primary-lambda0.5-N40,2020-10-14,primary,20201014.gml.geo,900dbdce07298a65bafcc793bb18efbcd4bd43875a412c4195213dda41bce802,historical public topology; synthetic interpolated demand,0.5,40,202607290002,80,31,42,978,b4b555f4dbbf16e0bb93049a40e5473eaec0b23f130e2105f7755caaf706aedd,0.004253595574402999,3631.0,3688.8625,-57.8625,-0.015685729679542133,-0.0361640625,155.7810311486725,3.3477285178835148,-0.3621094378260694,0.28978131282606945,0.32594537532606943,2422.1,3570.0,4889.7,2645.0,3570.5,4719.200000000001,7338,2,40,-0.03616406249999998,0.09321810517624642,3.479924403318366,-0.36055602153391797,0.288227896533918,0.324391959033918,0,0.25363950000064506,raw/03-2020-10-14-primary-lambda0.5-N40.npz,eb72ea2c6db370d102ebaf174aedbddb61d461356cba61346f04b41213fb919a
2020-10-14-primary-lambda0.75-N40,2020-10-14,primary,20201014.gml.geo,900dbdce07298a65bafcc793bb18efbcd4bd43875a412c4195213dda41bce802,historical public topology; synthetic interpolated demand,0.75,40,202607290003,80,31,42,978,b4b555f4dbbf16e0bb93049a40e5473eaec0b23f130e2105f7755caaf706aedd,0.006380393361604496,3111.95,3145.0875,-33.1375,-0.010536272838196076,-0.020710937500000002,108.85376723121351,3.3477285178835148,-0.2484689755243672,0.2070471005243672,0.2277580380243672,2142.7,3015.0,4228.0,2183.4,3203.5,4188.8,5053,2,40,-0.020710937500000005,0.06506091607038259,3.479924403318366,-0.2471180070355724,0.2056961320355724,0.2264070695355724,0,0.2193796999999904,raw/04-2020-10-14-primary-lambda0.75-N40.npz,dd811de33ddac588f44bd59846a53a380fe2fe3ff68f5e7160554612b905d23a
2020-10-14-primary-lambda1-N40,2020-10-14,primary,20201014.gml.geo,900dbdce07298a65bafcc793bb18efbcd4bd43875a412c4195213dda41bce802,historical public topology; synthetic interpolated demand,1.0,40,202607290004,80,31,42,978,b4b555f4dbbf16e0bb93049a40e5473eaec0b23f130e2105f7755caaf706aedd,0.008507191148805993,2771.35,2786.7,-15.35,-0.005508307316898124,-0.00959375,107.53384821840157,3.3477285178835148,-0.2345900814490627,0.21540258144906269,0.2249963314490627,2029.2,2720.0,3550.100000000001,2039.1,2644.5,3544.3000000000015,4689,2,40,-0.009593750000000002,0.07180649623566539,3.479924403318366,-0.2594749285672803,0.24028742856728033,0.24988117856728034,0,0.20760919999975158,raw/05-2020-10-14-primary-lambda1-N40.npz,56d2e127c1726df441fff6f3f25f738d3dafac51b785156d131ce901c274212c
2020-10-14-hub-lambda0-N40,2020-10-14,hub,20201014.gml.geo,900dbdce07298a65bafcc793bb18efbcd4bd43875a412c4195213dda41bce802,historical public topology; synthetic interpolated demand,0.0,40,202607290100,80,31,33,936,ecb10af028391b259ef552d2d463ebbdbc4420d5b5abb08974c7d5382ba79a53,1.214306433183765e-17,4105.5375,4106.6125,-1.075,-0.00026177293328747233,-0.000671875,200.59189375493187,3.3477285178835148,-0.4203763769872785,0.4190326269872785,0.4197045019872785,2533.9,4052.5,5999.3,2607.2,3899.5,5584.900000000001,8158,2,40,-0.0006718750000000217,0.13748108231877892,3.479924403318366,-0.4790956483557399,0.47775189835573983,0.4784237733557399,0,0.22445210000023508,raw/06-2020-10-14-hub-lambda0-N40.npz,05123462f10d932dd5c5081b83dba845c59488f679cf2d08ac4219efc89a9022
2020-10-14-hub-lambda0.25-N40,2020-10-14,hub,20201014.gml.geo,900dbdce07298a65bafcc793bb18efbcd4bd43875a412c4195213dda41bce802,historical public topology; synthetic interpolated demand,0.25,40,202607290101,80,31,33,936,ecb10af028391b259ef552d2d463ebbdbc4420d5b5abb08974c7d5382ba79a53,0.0013030408139669309,4092.125,3825.2625,266.8625,0.0697631861865689,0.1667890625,190.65915620016486,3.3477285178835148,-0.2321328715043122,0.5657109965043122,0.3989219340043122,2625.2000000000003,4011.0,5667.2,2365.4,3624.5,5431.000000000001,8672,2,40,0.1667890625,0.11062910422379671,3.479924403318366,-0.21819185700564106,0.5517699820056411,0.38498091950564106,0,0.21701200000006793,raw/07-2020-10-14-hub-lambda0.25-N40.npz,860e03b2299daf825868cdea10b088045ed31e91f42f52e85c44f2b9b8526617
2020-10-14-hub-lambda0.5-N40,2020-10-14,hub,20201014.gml.geo,900dbdce07298a65bafcc793bb18efbcd4bd43875a412c4195213dda41bce802,historical public topology; synthetic interpolated demand,0.5,40,202607290102,80,31,33,936,ecb10af028391b259ef552d2d463ebbdbc4420d5b5abb08974c7d5382ba79a53,0.0026060816279338543,3542.7875,3767.375,-224.5875,-0.0596137894422509,-0.1403671875,150.8814834729039,3.3477285178835148,-0.45606109065175665,0.17532671565175667,0.31569390315175666,2336.0,3530.0,4620.6,2834.2,3584.0,4848.200000000001,7157,2,40,-0.14036718750000002,0.08123218561447813,3.479924403318366,-0.4230490525547096,0.14231467755470953,0.28268186505470955,0,0.20145990000037273,raw/08-2020-10-14-hub-lambda0.5-N40.npz,17b2d9ad924e3557e67f60d4e756a59bc0c771fed276f6939768e84a1830f268
2020-10-14-hub-lambda0.75-N40,2020-10-14,hub,20201014.gml.geo,900dbdce07298a65bafcc793bb18efbcd4bd43875a412c4195213dda41bce802,historical public topology; synthetic interpolated demand,0.75,40,202607290103,80,31,33,936,ecb10af028391b259ef552d2d463ebbdbc4420d5b5abb08974c7d5382ba79a53,0.003909122441900792,3338.575,3346.2,-7.625,-0.002278704201781125,-0.004765625,113.86509947373935,3.3477285178835148,-0.24300902543742528,0.2334777754374253,0.23824340043742528,2314.2,3252.0,4415.6,2539.7,3240.5,4194.3,5564,2,40,-0.004765625000000023,0.07256393945510946,3.479924403318366,-0.2572826487107518,0.24775139871075177,0.2525170237107518,0,0.1883705000000191,raw/09-2020-10-14-hub-lambda0.75-N40.npz,ce5ebd9dce9c3e0ee55dc78f3c7e60577e655c03d57c46a16a5ff88caee5accd
2020-10-14-hub-lambda1-N40,2020-10-14,hub,20201014.gml.geo,900dbdce07298a65bafcc793bb18efbcd4bd43875a412c4195213dda41bce802,historical public topology; synthetic interpolated demand,1.0,40,202607290104,80,31,33,936,ecb10af028391b259ef552d2d463ebbdbc4420d5b5abb08974c7d5382ba79a53,0.005212163255867717,3107.3375,3001.4125,105.925,0.035291716816665486,0.066203125,123.10960920319971,3.3477285178835148,-0.191382843471904,0.323789093471904,0.257585968471904,2251.3,3020.0,4171.0,2146.4,3020.5,3807.3000000000006,5273,2,40,0.066203125,0.08266085879588354,3.479924403318366,-0.22145041472304874,0.3538566647230488,0.28765353972304875,0,0.17723500000010972,raw/10-2020-10-14-hub-lambda1-N40.npz,961f303a4141fae993dcf3f87fb94dc498b70749177034cd37d2f622945e8092
2022-05-31-primary-lambda0-N40,2022-05-31,primary,20220531.gml.geo,1aee99d82a6f60791f17e4176d76d3cfa20cd5931397f46d627a89b6e646e7a4,historical public topology; synthetic interpolated demand,0.0,40,202607291000,80,31,30,930,3d6e6e0f6ae5c14487992695d362adcda9b5f11abc02f307a642a535675be1e2,1.214306433183765e-17,4048.2625,3903.75,144.5125,0.0370188920909382,0.0903203125,224.10472164558456,3.3477285178835148,-0.37858079227829405,0.5592214172782941,0.46890110477829405,2392.2,3947.5,6168.000000000002,2197.5,3956.5,5682.400000000001,7735,2,40,0.09032031250000001,0.14916943636056318,3.479924403318366,-0.4287780493203697,0.6094186743203698,0.5190983618203697,0,0.20580129999962082,raw/11-2022-05-31-primary-lambda0-N40.npz,98f46ba6a2a218de777301f1d988352d436fa9eb1d1818bd6a7d6d3f55901f7c
2022-05-31-primary-lambda0.25-N40,2022-05-31,primary,20220531.gml.geo,1aee99d82a6f60791f17e4176d76d3cfa20cd5931397f46d627a89b6e646e7a4,historical public topology; synthetic interpolated demand,0.25,40,202607291001,80,31,30,930,3d6e6e0f6ae5c14487992695d362adcda9b5f11abc02f307a642a535675be1e2,0.0007676198144952885,3717.825,3957.075,-239.25,-0.060461325600348746,-0.14953125,213.2950387982556,3.3477285178835148,-0.5958149275674944,0.2967524275674944,0.44628367756749443,2411.7,3520.5,5420.900000000001,2708.6,3696.0,5685.500000000003,7188,2,40,-0.14953125000000003,0.11774923061360593,3.479924403318366,-0.5592896710842493,0.2602271710842492,0.40975842108424926,0,0.2020662999993874,raw/12-2022-05-31-primary-lambda0.25-N40.npz,01b1130b181d80d54461ecd04488db6884ab73062cb907e26d799e460c822eca
2022-05-31-primary-lambda0.5-N40,2022-05-31,primary,20220531.gml.geo,1aee99d82a6f60791f17e4176d76d3cfa20cd5931397f46d627a89b6e646e7a4,historical public topology; synthetic interpolated demand,0.5,40,202607291002,80,31,30,930,3d6e6e0f6ae5c14487992695d362adcda9b5f11abc02f307a642a535675be1e2,0.0015352396289906082,3602.3125,3454.3,148.0125,0.04284876820195119,0.0925078125,173.6196961477217,3.3477285178835148,-0.2707619425374991,0.4557775675374991,0.3632697550374991,2119.4,3577.5,5210.200000000001,2182.8,3353.5,4672.6,6583,2,40,0.09250781250000002,0.09380214794807727,3.479924403318366,-0.23391657122819387,0.4189321962281939,0.3264243837281939,0,0.19068030000016734,raw/13-2022-05-31-primary-lambda0.5-N40.npz,d47492c2dc963fabb4a6abe216c6e033b1d22fd9840f6cfe1e0ba35bcefa0042
2022-05-31-primary-lambda0.75-N40,2022-05-31,primary,20220531.gml.geo,1aee99d82a6f60791f17e4176d76d3cfa20cd5931397f46d627a89b6e646e7a4,historical public topology; synthetic interpolated demand,0.75,40,202607291003,80,31,30,930,3d6e6e0f6ae5c14487992695d362adcda9b5f11abc02f307a642a535675be1e2,0.0023028594434859224,3250.8125,3172.6625,78.15,0.024632308037807363,0.048843750000000005,139.3602869852369,3.3477285178835148,-0.24274400437556776,0.3404315043755678,0.2915877543755678,2249.9,3186.0,4290.2,2146.0,3096.5,4250.2,6936,2,40,0.048843749999999984,0.09464333204976655,3.479924403318366,-0.28050789081134586,0.3781953908113458,0.3293516408113458,0,0.170620300000337,raw/14-2022-05-31-primary-lambda0.75-N40.npz,344f3d2e899eae41f4c7a38752f586039cb7ce55ee185990a3f20ffb2b0d1158
2022-05-31-primary-lambda1-N40,2022-05-31,primary,20220531.gml.geo,1aee99d82a6f60791f17e4176d76d3cfa20cd5931397f46d627a89b6e646e7a4,historical public topology; synthetic interpolated demand,1.0,40,202607291004,80,31,30,930,3d6e6e0f6ae5c14487992695d362adcda9b5f11abc02f307a642a535675be1e2,0.0030704792579812094,3013.25,2849.95,163.3,0.05729925086405025,0.1020625,125.7801331639229,3.3477285178835148,-0.16111108673503172,0.3652360867350317,0.2631735867350317,2061.1,2902.5,4175.700000000001,1817.2,2857.0,3630.8,4860,2,40,0.10206249999999999,0.08484988910357763,3.479924403318366,-0.1932086997103969,0.3973336997103969,0.2952711997103969,0,0.15851779999957216,raw/15-2022-05-31-primary-lambda1-N40.npz,d680be1367ee4bbd9e53b8a4462471b44559341318bb8331b093997106535948
2022-05-31-hub-lambda0-N40,2022-05-31,hub,20220531.gml.geo,1aee99d82a6f60791f17e4176d76d3cfa20cd5931397f46d627a89b6e646e7a4,historical public topology; synthetic interpolated demand,0.0,40,202607291100,80,31,36,948,90a10d6941b34736e0e4dee6e418daddfcf173a550fa45aed3de146b53a187f1,1.214306433183765e-17,4199.5125,4106.15,93.3625,0.022737235609999636,0.058351562499999995,219.21982511329966,3.3477285178835148,-0.4003287251357687,0.5170318501357687,0.45868028763576874,2553.2,3954.5,5777.4,2484.3,4155.0,5511.9,9072,2,40,0.058351562499999995,0.12718665490425746,3.479924403318366,-0.38424838167775704,0.500951506677757,0.44259994417775705,0,0.2518253000007462,raw/16-2022-05-31-hub-lambda0-N40.npz,3bf08bd3232c7fa1aa5f34bf1e227f72d015ef46e0b5c2dd2a5602e8c4afd2c5
2022-05-31-hub-lambda0.25-N40,2022-05-31,hub,20220531.gml.geo,1aee99d82a6f60791f17e4176d76d3cfa20cd5931397f46d627a89b6e646e7a4,historical public topology; synthetic interpolated demand,0.25,40,202607291101,80,31,36,948,90a10d6941b34736e0e4dee6e418daddfcf173a550fa45aed3de146b53a187f1,0.0015956435128182116,3990.4125,4376.625,-386.2125,-0.08824436637820238,-0.2413828125,233.72042200582112,3.3477285178835148,-0.7304031387254106,0.2476375137254107,0.4890203262254107,2616.8,3804.0,5857.400000000002,2800.8,4269.0,6532.500000000001,10577,2,40,-0.24138281250000002,0.1406176270714544,3.479924403318366,-0.7307215244826755,0.2479558994826754,0.4893387119826754,0,0.25051710000025196,raw/17-2022-05-31-hub-lambda0.25-N40.npz,29e88c71b8fad3c457407fed8520fdb206812aeecc8233a39a785d533e344821
2022-05-31-hub-lambda0.5-N40,2022-05-31,hub,20220531.gml.geo,1aee99d82a6f60791f17e4176d76d3cfa20cd5931397f46d627a89b6e646e7a4,historical public topology; synthetic interpolated demand,0.5,40,202607291102,80,31,36,948,90a10d6941b34736e0e4dee6e418daddfcf173a550fa45aed3de146b53a187f1,0.0031912870256364,3685.925,3684.025,1.9,0.0005157402569200806,0.0011875,177.92445381628346,3.3477285178835148,-0.3710892300435128,0.3734642300435128,0.3722767300435128,2416.1,3467.0,5445.100000000003,2513.6,3435.5,5342.200000000002,7144,2,40,0.001187500000000008,0.10466893444255436,3.479924403318366,-0.3630524792359751,0.36542747923597513,0.3642399792359751,0,0.2243785000000571,raw/18-2022-05-31-hub-lambda0.5-N40.npz,1207b2e12c717097c538420f7011a60d6d2bd049d460615b09725820a7a53a60
2022-05-31-hub-lambda0.75-N40,2022-05-31,hub,20220531.gml.geo,1aee99d82a6f60791f17e4176d76d3cfa20cd5931397f46d627a89b6e646e7a4,historical public topology; synthetic interpolated demand,0.75,40,202607291103,80,31,36,948,90a10d6941b34736e0e4dee6e418daddfcf173a550fa45aed3de146b53a187f1,0.004786930538454602,3234.775,3236.4625,-1.6875,-0.0005214026116477481,-0.0010546875,140.09968715095084,3.3477285178835148,-0.29418951126362297,0.292080136263623,0.293134823763623,2305.6,3258.5,4236.0,2102.7,3250.0,4388.7,6178,2,40,-0.0010546874999999845,0.07916152908602182,3.479924403318366,-0.27653082437044396,0.274421449370444,0.275476136870444,0,0.2007223000000522,raw/19-2022-05-31-hub-lambda0.75-N40.npz,4c278137659767254d4d44cb773852a69b643b1d842d28f00d7129dc56e3bfce
2022-05-31-hub-lambda1-N40,2022-05-31,hub,20220531.gml.geo,1aee99d82a6f60791f17e4176d76d3cfa20cd5931397f46d627a89b6e646e7a4,historical public topology; synthetic interpolated demand,1.0,40,202607291104,80,31,36,948,90a10d6941b34736e0e4dee6e418daddfcf173a550fa45aed3de146b53a187f1,0.006382574051272814,3114.725,3078.7625,35.9625,0.0116808295540822,0.0224765625,100.22131908259371,3.3477285178835148,-0.1872195424954389,0.23217266749543888,0.2096961049954389,2401.1,3076.0,3924.2000000000003,2197.1,2904.5,4145.500000000002,5015,2,40,0.022476562500000002,0.06267994367403235,3.479924403318366,-0.1956449030898858,0.24059802808988578,0.2181214655898858,0,0.19113070000003063,raw/20-2022-05-31-hub-lambda1-N40.npz,6065a8186d225f67702e904d223f972b4117ed7b4ebea750d2f20556a9562962
2023-07-16-primary-lambda0-N40,2023-07-16,primary,20230716.gml.geo,ee1b054a6ba2cb0ea3184f9f68f5cca7d8e70d17ff2d9e44e5e8871be8a8b855,historical public topology; synthetic interpolated demand,0.0,40,202607292000,80,31,30,930,c79226c33537daecac07d7ad1b1b2da3a21f2c98145c9ee7394b9ad09e0c89ce,1.214306433183765e-17,4163.5625,4158.35,5.2125,0.0012535019899719841,0.0032578125000000003,215.26423981019263,3.3477285178835148,-0.44714608405818607,0.4536617090581861,0.4504038965581861,2558.2,4066.0,5688.400000000001,2664.2,4040.0,5796.200000000004,8017,2,40,0.003257812499999979,0.14937416388477473,3.479924403318366,-0.5165529856279045,0.5230686106279046,0.5198107981279045,0,0.21586329999990994,raw/21-2023-07-16-primary-lambda0-N40.npz,489db2448a92afa52521ae2be69780baf12fd4fd50143792a15d36e07c6b5eed
2023-07-16-primary-lambda0.25-N40,2023-07-16,primary,20230716.gml.geo,ee1b054a6ba2cb0ea3184f9f68f5cca7d8e70d17ff2d9e44e5e8871be8a8b855,historical public topology; synthetic interpolated demand,0.25,40,202607292001,80,31,30,930,c79226c33537daecac07d7ad1b1b2da3a21f2c98145c9ee7394b9ad09e0c89ce,0.0007663568434481392,3788.1875,3899.95,-111.7625,-0.028657418684854937,-0.0698515625,190.77034477146776,3.3477285178835148,-0.46900613972369554,0.3293030147236955,0.3991545772236955,2382.3,3704.0,5238.800000000001,2367.0,3811.5,5330.100000000001,7164,2,40,-0.06985156249999998,0.1146707848393416,3.479924403318366,-0.46889722501009445,0.3291941000100945,0.3990456625100945,0,0.20126259999960894,raw/22-2023-07-16-primary-lambda0.25-N40.npz,40cc92dabc6479575777d93a6663e624778d75a939b40768ae6f4a9c697b5367
2023-07-16-primary-lambda0.5-N40,2023-07-16,primary,20230716.gml.geo,ee1b054a6ba2cb0ea3184f9f68f5cca7d8e70d17ff2d9e44e5e8871be8a8b855,historical public topology; synthetic interpolated demand,0.5,40,202607292002,80,31,30,930,c79226c33537daecac07d7ad1b1b2da3a21f2c98145c9ee7394b9ad09e0c89ce,0.00153271368689631,3641.6625,3668.1,-26.4375,-0.007207409830702544,-0.0165234375,170.6105471866065,3.3477285178835148,-0.373497058917696,0.340450183917696,0.356973621417696,2698.2,3482.5,4864.5,2415.7,3534.5,5035.8,8531,2,40,-0.016523437499999998,0.1014335036242438,3.479924403318366,-0.36950436207608794,0.3364574870760879,0.35298092457608793,0,0.1892426999993404,raw/23-2023-07-16-primary-lambda0.5-N40.npz,bea17993233c29f383265d3d2498eab2655614fdb5ac86f97ad57e4524294a35
2023-07-16-primary-lambda0.75-N40,2023-07-16,primary,20230716.gml.geo,ee1b054a6ba2cb0ea3184f9f68f5cca7d8e70d17ff2d9e44e5e8871be8a8b855,historical public topology; synthetic interpolated demand,0.75,40,202607292003,80,31,30,930,c79226c33537daecac07d7ad1b1b2da3a21f2c98145c9ee7394b9ad09e0c89ce,0.0022990705303444756,3421.5625,3412.575,8.9875,0.002633641751463338,0.005617187500000001,132.28185110185578,3.3477285178835148,-0.2711601408325646,0.28239451583256464,0.27677732833256463,2429.8,3376.5,4399.9,2467.7,3328.0,4445.000000000001,5686,2,40,0.005617187500000004,0.07522567749794973,3.479924403318366,-0.2561624833812725,0.26739685838127253,0.2617796708812725,0,0.17990809999992052,raw/24-2023-07-16-primary-lambda0.75-N40.npz,f06f18cd504744202c36aa973b366ae4086c19f5fd7fa7da2b81d31682dabf7f
2023-07-16-primary-lambda1-N40,2023-07-16,primary,20230716.gml.geo,ee1b054a6ba2cb0ea3184f9f68f5cca7d8e70d17ff2d9e44e5e8871be8a8b855,historical public topology; synthetic interpolated demand,1.0,40,202607292004,80,31,30,930,c79226c33537daecac07d7ad1b1b2da3a21f2c98145c9ee7394b9ad09e0c89ce,0.0030654273737926144,3094.8,3109.4625,-14.6625,-0.004715445193502092,-0.0091640625,130.35685556320368,3.3477285178835148,-0.2819136642940996,0.26358553929409956,0.27274960179409957,2008.8,3039.0,4177.700000000001,2137.4,3059.5,4255.500000000001,4809,2,40,-0.009164062500000004,0.09024367399741648,3.479924403318366,-0.3232052258887167,0.30487710088871667,0.3140411633887167,0,0.16577459999916755,raw/25-2023-07-16-primary-lambda1-N40.npz,ce8b21f7dcec15319e0ff28ef23802a0571e0e31d630317224f2000eff4c4ff0
2023-07-16-hub-lambda0-N40,2023-07-16,hub,20230716.gml.geo,ee1b054a6ba2cb0ea3184f9f68f5cca7d8e70d17ff2d9e44e5e8871be8a8b855,historical public topology; synthetic interpolated demand,0.0,40,202607292100,80,31,31,930,9380e778804a286b7f6a99482762a7e71da10fc936015d91f1a5acffdb1b11f0,1.214306433183765e-17,4044.875,3921.6625,123.2125,0.03141843542120211,0.07700781250000001,183.1268579581299,3.3477285178835148,-0.306154065485522,0.460169690485522,0.383161877985522,2429.7000000000003,3901.0,5616.000000000001,2368.8,3840.0,5411.500000000002,8971,2,40,0.07700781250000002,0.1317411535223057,3.479924403318366,-0.3814414425635828,0.5354570675635829,0.45844925506358286,0,0.21027289999983623,raw/26-2023-07-16-hub-lambda0-N40.npz,4b63bc3677377fb654cc3eed4a8f9fccd87d240fca42cfde1f5d10b35708c45a
2023-07-16-hub-lambda0.25-N40,2023-07-16,hub,20230716.gml.geo,ee1b054a6ba2cb0ea3184f9f68f5cca7d8e70d17ff2d9e44e5e8871be8a8b855,historical public topology; synthetic interpolated demand,0.25,40,202607292101,80,31,31,930,9380e778804a286b7f6a99482762a7e71da10fc936015d91f1a5acffdb1b11f0,0.0007948285739467664,3950.5875,3953.9375,-3.35,-0.0008472566903245183,-0.00209375,161.44537040925724,3.3477285178835148,-0.3398907941245861,0.3357032941245861,0.3377970441245861,2643.2000000000003,3737.0,5604.9000000000015,2460.6,3646.0,5701.8,7151,2,40,-0.002093749999999983,0.10325287890030922,3.479924403318366,-0.36140596299806205,0.35721846299806204,0.35931221299806204,0,0.20651269999962096,raw/27-2023-07-16-hub-lambda0.25-N40.npz,53c57a219b9b03dc6d652ff169ba1476cea770f069b63af0c837ea950e5ef07f
2023-07-16-hub-lambda0.5-N40,2023-07-16,hub,20230716.gml.geo,ee1b054a6ba2cb0ea3184f9f68f5cca7d8e70d17ff2d9e44e5e8871be8a8b855,historical public topology; synthetic interpolated demand,0.5,40,202607292102,80,31,31,930,9380e778804a286b7f6a99482762a7e71da10fc936015d91f1a5acffdb1b11f0,0.0015896571478935307,3556.8625,3665.1875,-108.325,-0.02955510461606671,-0.067703125,150.738952798614,3.3477285178835148,-0.38309880689988574,0.2476925568998857,0.3153956818998857,2368.2,3472.0,4549.8,2527.9,3661.5,4879.1,7769,2,40,-0.06770312500000002,0.09617585385914106,3.479924403318366,-0.4023878258544058,0.26698157585440574,0.33468470085440577,0,0.1931598999999551,raw/28-2023-07-16-hub-lambda0.5-N40.npz,17f72456e6375de058e5f5bd68973b54336a3db5eb4f77a88db7731315225bc3
2023-07-16-hub-lambda0.75-N40,2023-07-16,hub,20230716.gml.geo,ee1b054a6ba2cb0ea3184f9f68f5cca7d8e70d17ff2d9e44e5e8871be8a8b855,historical public topology; synthetic interpolated demand,0.75,40,202607292103,80,31,31,930,9380e778804a286b7f6a99482762a7e71da10fc936015d91f1a5acffdb1b11f0,0.002384485721840284,3235.325,3474.1875,-238.8625,-0.06875348552719161,-0.1492890625,133.47826915505664,3.3477285178835148,-0.42856969260507166,0.12999156760507163,0.27928063010507165,2243.0,3154.5,4241.100000000001,2367.0,3478.5,4426.400000000001,6520,2,40,-0.1492890625,0.08846218693354128,3.479924403318366,-0.4571307855809414,0.15855266058094136,0.3078417230809414,0,0.18001289999938308,raw/29-2023-07-16-hub-lambda0.75-N40.npz,3b714eebe788bde9d397c68dab5aa4b41e814369aeb7a396b446721f80ba49eb
2023-07-16-hub-lambda1-N40,2023-07-16,hub,20230716.gml.geo,ee1b054a6ba2cb0ea3184f9f68f5cca7d8e70d17ff2d9e44e5e8871be8a8b855,historical public topology; synthetic interpolated demand,1.0,40,202607292104,80,31,31,930,9380e778804a286b7f6a99482762a7e71da10fc936015d91f1a5acffdb1b11f0,0.0031793142957870627,3052.875,3046.55,6.325,0.002076118888578884,0.003953125,127.78640304122811,3.3477285178835148,-0.26341824103679756,0.27132449103679757,0.26737136603679756,2081.0,3009.0,4019.1000000000004,2137.2,2857.0,4415.6,5088,2,40,0.003953124999999997,0.07424439212067258,3.479924403318366,-0.2544117469502663,0.2623179969502663,0.2583648719502663,0,0.16743169999972451,raw/30-2023-07-16-hub-lambda1-N40.npz,e3cd74628adfa2413f09d3cf9f5ffbef11d205fb99428630158ffd15e7684526
2026-07-22-primary-lambda0-N40,2026-07-22,primary,channels-geo.json,fbddddc486a8bb644520c373fd9588dc3811a6414c77185f0b2e8740e338637b,current filtered projection; synthetic interpolated demand,0.0,40,202607293000,80,31,109,1850,d1e05e94de9b469004f918a108097a4b9487c9e948988dece45dfc0ff27cf025,1.984089975648473e-17,6029.2125,5939.95,89.2625,0.015027483396324886,0.0557890625,331.3516850106764,3.3477285178835148,-0.6375081158493731,0.7490862408493731,0.6932971783493731,3468.9,5808.0,8810.300000000001,3526.4,5475.5,9851.3,12036,2,40,0.05578906250000002,0.19079480994944104,3.479924403318366,-0.6081624526695496,0.7197405776695497,0.6639515151695496,0,1.0020158000006631,raw/31-2026-07-22-primary-lambda0-N40.npz,468d3dac2381776977e0b741f23ec4865b51e1073e973765949d00c35b2af6b3
2026-07-22-primary-lambda0.25-N40,2026-07-22,primary,channels-geo.json,fbddddc486a8bb644520c373fd9588dc3811a6414c77185f0b2e8740e338637b,current filtered projection; synthetic interpolated demand,0.25,40,202607293001,80,31,109,1850,d1e05e94de9b469004f918a108097a4b9487c9e948988dece45dfc0ff27cf025,0.0013831674905959413,5872.3375,5524.65,347.6875,0.06293385101318635,0.2173046875,293.2609314621925,3.3477285178835148,-0.3962940521481655,0.8309034271481655,0.6135987396481655,3315.3,5397.5,9134.600000000002,3409.2000000000003,5323.0,7951.700000000004,11678,2,40,0.21730468749999998,0.18637392244701712,3.479924403318366,-0.43126247336553947,0.8658718483655394,0.6485671608655394,0,0.9683875000000626,raw/32-2026-07-22-primary-lambda0.25-N40.npz,660b7cbe80326fa5be4e91126aaca080df6bd79c916d340163aea5e1cbe3e187
2026-07-22-primary-lambda0.5-N40,2026-07-22,primary,channels-geo.json,fbddddc486a8bb644520c373fd9588dc3811a6414c77185f0b2e8740e338637b,current filtered projection; synthetic interpolated demand,0.5,40,202607293002,80,31,109,1850,d1e05e94de9b469004f918a108097a4b9487c9e948988dece45dfc0ff27cf025,0.002766334981191896,5214.675,5255.175,-40.5,-0.007706689120723858,-0.0253125,292.30681167550426,3.3477285178835148,-0.6369149058860571,0.5862899058860572,0.6116024058860572,3290.0,4884.0,7663.7000000000035,3211.2,5327.0,7252.800000000004,9662,2,40,-0.025312500000000016,0.15964797316451232,3.479924403318366,-0.580875377755502,0.5302503777555021,0.5555628777555021,0,0.9087177999999767,raw/33-2026-07-22-primary-lambda0.5-N40.npz,b9bf0e5b7fa926d4c7daf87bc1e062efc1a776b48fddc358dcdda9c721bfc570
2026-07-22-primary-lambda0.75-N40,2026-07-22,primary,channels-geo.json,fbddddc486a8bb644520c373fd9588dc3811a6414c77185f0b2e8740e338637b,current filtered projection; synthetic interpolated demand,0.75,40,202607293003,80,31,109,1850,d1e05e94de9b469004f918a108097a4b9487c9e948988dece45dfc0ff27cf025,0.004149502471787841,4581.175,4379.2125,201.9625,0.04611845166225663,0.1262265625,236.22639353210872,3.3477285178835148,-0.3680370839401339,0.6204902089401338,0.4942636464401339,2815.2,4329.5,6475.000000000001,2610.3,4443.5,5842.800000000002,12089,2,40,0.1262265625,0.1464601232648953,3.479924403318366,-0.3834435945625251,0.635896719562525,0.509670157062525,0,0.8084853999998813,raw/34-2026-07-22-primary-lambda0.75-N40.npz,b2b0b3b3cf0c85bd5804412d7860705a4d8d153f48970bdba8d3c7595cce0160
2026-07-22-primary-lambda1-N40,2026-07-22,primary,channels-geo.json,fbddddc486a8bb644520c373fd9588dc3811a6414c77185f0b2e8740e338637b,current filtered projection; synthetic interpolated demand,1.0,40,202607293004,80,31,109,1850,d1e05e94de9b469004f918a108097a4b9487c9e948988dece45dfc0ff27cf025,0.0055326699623837825,3927.375,4003.1875,-75.8125,-0.018938033754352,-0.0473828125,159.66750865723108,3.3477285178835148,-0.3814599825695159,0.28669435756951595,0.3340771700695159,2685.8,3878.0,5521.3,2743.1,3935.0,5556.000000000001,6770,2,40,-0.047382812499999996,0.08478933072565997,3.479924403318366,-0.34244327363325583,0.24767764863325586,0.29506046113325585,0,0.7392452000003686,raw/35-2026-07-22-primary-lambda1-N40.npz,5408dae0d1f2e1f74ad28029d1a6bf282bfdd4e1216653f93f749656a58321cd
2026-07-22-hub-lambda0-N40,2026-07-22,hub,channels-geo.json,fbddddc486a8bb644520c373fd9588dc3811a6414c77185f0b2e8740e338637b,current filtered projection; synthetic interpolated demand,0.0,40,202607293100,80,31,34,934,4e59c458d4901d29f27169896140e862af5afd89f8df6fb57a4671fe112eb818,1.214306433183765e-17,4166.5375,3861.95,304.5875,0.07886883569181372,0.19036718749999998,215.16376725305886,3.3477285178835148,-0.2598264872801977,0.6405608622801977,0.4501936747801977,2359.6,4169.0,6340.1,2603.4,3695.5,5403.300000000001,8777,2,40,0.19036718749999998,0.13801113334663148,3.479924403318366,-0.289901123362568,0.670635498362568,0.480268310862568,0,0.23499360000005254,raw/36-2026-07-22-hub-lambda0-N40.npz,f588b32cecb3ce8254e6c667bd52127968390744a0aeb2513ed423b2b90e6899
2026-07-22-hub-lambda0.25-N40,2026-07-22,hub,channels-geo.json,fbddddc486a8bb644520c373fd9588dc3811a6414c77185f0b2e8740e338637b,current filtered projection; synthetic interpolated demand,0.25,40,202607293101,80,31,34,934,4e59c458d4901d29f27169896140e862af5afd89f8df6fb57a4671fe112eb818,0.0008693957049378598,4040.9125,3871.275,169.6375,0.04381954265713492,0.1060234375,195.612685841042,3.3477285178835148,-0.30326291678115325,0.5153097917811532,0.40928635428115323,2348.0,3857.5,5677.600000000001,2732.9,3882.0,5226.900000000001,8549,2,40,0.10602343749999998,0.13070026000809407,3.479924403318366,-0.348803586822222,0.560850461822222,0.454827024322222,0,0.23016910000023927,raw/37-2026-07-22-hub-lambda0.25-N40.npz,a8fdc57cf57febc5fe48e75dc632dcb682f6a545a7a172050e5cadb80dd24038
2026-07-22-hub-lambda0.5-N40,2026-07-22,hub,channels-geo.json,fbddddc486a8bb644520c373fd9588dc3811a6414c77185f0b2e8740e338637b,current filtered projection; synthetic interpolated demand,0.5,40,202607293102,80,31,34,934,4e59c458d4901d29f27169896140e862af5afd89f8df6fb57a4671fe112eb818,0.001738791409875734,3860.2375,3647.6375,212.6,0.0582843004547464,0.132875,160.281435235066,3.3477285178835148,-0.20248670726483128,0.46823670726483124,0.3353617072648313,2542.1,3720.5,5290.000000000001,2489.3,3547.5,5005.1,6576,2,40,0.13287500000000002,0.0962814641691124,3.479924403318366,-0.2021772167493171,0.46792721674931714,0.3350522167493171,0,0.21836160000020755,raw/38-2026-07-22-hub-lambda0.5-N40.npz,552c763852dd23da0abb65d414d904f1a17c137ec0df1030d51332b6fa54b74f
2026-07-22-hub-lambda0.75-N40,2026-07-22,hub,channels-geo.json,fbddddc486a8bb644520c373fd9588dc3811a6414c77185f0b2e8740e338637b,current filtered projection; synthetic interpolated demand,0.75,40,202607293103,80,31,34,934,4e59c458d4901d29f27169896140e862af5afd89f8df6fb57a4671fe112eb818,0.0026081871148135915,3250.05,3391.6375,-141.5875,-0.041746059241295694,-0.0884921875,140.3953117948442,3.3477285178835148,-0.3822455556704673,0.20526118067046734,0.2937533681704673,2396.3,3129.5,4132.900000000001,2210.0,3340.5,4741.1,6040,2,40,-0.08849218749999999,0.0935486605942376,3.479924403318366,-0.4140344543996346,0.23705007939963463,0.3255422668996346,0,0.19841689999975642,raw/39-2026-07-22-hub-lambda0.75-N40.npz,1c41967d3ccf7d475ee739ec64dfd1c37503c16e74f993055edf67e92cebe2dc
2026-07-22-hub-lambda1-N40,2026-07-22,hub,channels-geo.json,fbddddc486a8bb644520c373fd9588dc3811a6414c77185f0b2e8740e338637b,current filtered projection; synthetic interpolated demand,1.0,40,202607293104,80,31,34,934,4e59c458d4901d29f27169896140e862af5afd89f8df6fb57a4671fe112eb818,0.0034775828197514485,2918.2,3052.2625,-134.0625,-0.0439223362997121,-0.0837890625,116.48298395825726,3.3477285178835148,-0.32750994202826617,0.15993181702826614,0.24372087952826615,2017.0,2924.0,3763.8,2098.5,2868.5,3961.900000000002,5582,2,40,-0.0837890625,0.07122258612460194,3.479924403318366,-0.33163827802244633,0.16406015302244636,0.24784921552244635,0,0.1808125999996264,raw/40-2026-07-22-hub-lambda1-N40.npz,c69cf2e5230682fd695595d90d38cb1c33f97d7e15100cb15d5f724e783870a2
