cell_id,block_index,normalized_mean_difference
2020-10-14-primary-lambda0-N40,0,-0.01814072757111598
2020-10-14-primary-lambda0-N40,1,0.04308055251641138
2020-10-14-primary-lambda0-N40,2,-0.021565235229759283
2020-10-14-primary-lambda0-N40,3,0.03430661925601751
2020-10-14-primary-lambda0-N40,4,-0.03820568927789935
2020-10-14-primary-lambda0-N40,5,0.016672592997811826
2020-10-14-primary-lambda0-N40,6,-0.037266821663019686
2020-10-14-primary-lambda0-N40,7,0.03278719912472646
2020-10-14-primary-lambda0-N40,8,-0.04382590262582057
2020-10-14-primary-lambda0-N40,9,0.028923003282275712
2020-10-14-primary-lambda0-N40,10,0.07644556892778992
2020-10-14-primary-lambda0-N40,11,0.06102434354485778
2020-10-14-primary-lambda0-N40,12,-0.0006694474835886228
2020-10-14-primary-lambda0-N40,13,-0.03556345733041575
2020-10-14-primary-lambda0-N40,14,-0.0018647428884026168
2020-10-14-primary-lambda0-N40,15,-0.03478528446389498
2020-10-14-primary-lambda0-N40,16,0.03308328774617068
2020-10-14-primary-lambda0-N40,17,-0.0070582603938730845
2020-10-14-primary-lambda0-N40,18,-0.011558397155361048
2020-10-14-primary-lambda0-N40,19,-0.0034443380743982596
2020-10-14-primary-lambda0-N40,20,-0.005082056892778983
2020-10-14-primary-lambda0-N40,21,0.059348331509846815
2020-10-14-primary-lambda0-N40,22,-0.011579595185995625
2020-10-14-primary-lambda0-N40,23,0.05950150437636762
2020-10-14-primary-lambda0-N40,24,0.0328562636761488
2020-10-14-primary-lambda0-N40,25,-0.005906728665207873
2020-10-14-primary-lambda0-N40,26,-0.013819748358862138
2020-10-14-primary-lambda0-N40,27,0.02005196936542669
2020-10-14-primary-lambda0-N40,28,0.013817696936542657
2020-10-14-primary-lambda0-N40,29,0.08026736870897155
2020-10-14-primary-lambda0-N40,30,-0.02226545404814005
2020-10-14-primary-lambda0-N40,31,0.03740153172866519
2020-10-14-primary-lambda0-N40,32,-0.05255333698030634
2020-10-14-primary-lambda0-N40,33,-0.04511693107221006
2020-10-14-primary-lambda0-N40,34,0.002694201312910287
2020-10-14-primary-lambda0-N40,35,0.011816192560175055
2020-10-14-primary-lambda0-N40,36,-0.04578364332603938
2020-10-14-primary-lambda0-N40,37,-0.03000205142231946
2020-10-14-primary-lambda0-N40,38,0.045224288840262576
2020-10-14-primary-lambda0-N40,39,0.02813730853391686
2020-10-14-primary-lambda0.25-N40,0,0.014580826039387314
2020-10-14-primary-lambda0.25-N40,1,-0.030721416849015307
2020-10-14-primary-lambda0.25-N40,2,0.010843134573304153
2020-10-14-primary-lambda0.25-N40,3,-0.03771539934354487
2020-10-14-primary-lambda0.25-N40,4,0.04571115973741795
2020-10-14-primary-lambda0.25-N40,5,0.01994187636761488
2020-10-14-primary-lambda0.25-N40,6,0.04231537199124727
2020-10-14-primary-lambda0.25-N40,7,0.024137035010940923
2020-10-14-primary-lambda0.25-N40,8,0.07233793763676148
2020-10-14-primary-lambda0.25-N40,9,-0.01525779540481401
2020-10-14-primary-lambda0.25-N40,10,-0.03706304704595185
2020-10-14-primary-lambda0.25-N40,11,0.08626641137855583
2020-10-14-primary-lambda0.25-N40,12,-0.022272975929978133
2020-10-14-primary-lambda0.25-N40,13,-0.00012787199124727675
2020-10-14-primary-lambda0.25-N40,14,-0.019939141137855578
2020-10-14-primary-lambda0.25-N40,15,0.028153719912472636
2020-10-14-primary-lambda0.25-N40,16,0.04877051422319475
2020-10-14-primary-lambda0.25-N40,17,0.048748632385120345
2020-10-14-primary-lambda0.25-N40,18,-0.035369939824945296
2020-10-14-primary-lambda0.25-N40,19,0.006133068927789927
2020-10-14-primary-lambda0.25-N40,20,-0.06792122538293217
2020-10-14-primary-lambda0.25-N40,21,0.014061816192560183
2020-10-14-primary-lambda0.25-N40,22,-0.000588758205689271
2020-10-14-primary-lambda0.25-N40,23,0.020974425601750543
2020-10-14-primary-lambda0.25-N40,24,-0.04012308533916849
2020-10-14-primary-lambda0.25-N40,25,0.08688457330415754
2020-10-14-primary-lambda0.25-N40,26,-0.025523796498905908
2020-10-14-primary-lambda0.25-N40,27,-0.002502051422319473
2020-10-14-primary-lambda0.25-N40,28,-0.015051285557986868
2020-10-14-primary-lambda0.25-N40,29,0.027856263676148806
2020-10-14-primary-lambda0.25-N40,30,0.012737281181619263
2020-10-14-primary-lambda0.25-N40,31,0.002039113785557973
2020-10-14-primary-lambda0.25-N40,32,-0.044660147702407005
2020-10-14-primary-lambda0.25-N40,33,0.012405634573304156
2020-10-14-primary-lambda0.25-N40,34,0.046459928884026246
2020-10-14-primary-lambda0.25-N40,35,-0.02279950765864333
2020-10-14-primary-lambda0.25-N40,36,-0.013677516411378559
2020-10-14-primary-lambda0.25-N40,37,-0.02958219365426696
2020-10-14-primary-lambda0.25-N40,38,0.02116110503282275
2020-10-14-primary-lambda0.25-N40,39,-0.08863512035010941
2020-10-14-primary-lambda0.5-N40,0,-0.034855032822757114
2020-10-14-primary-lambda0.5-N40,1,0.03483178336980306
2020-10-14-primary-lambda0.5-N40,2,0.0391007932166302
2020-10-14-primary-lambda0.5-N40,3,-0.029130880743982502
2020-10-14-primary-lambda0.5-N40,4,-0.034516548140043776
2020-10-14-primary-lambda0.5-N40,5,0.027955415754923413
2020-10-14-primary-lambda0.5-N40,6,0.054331920131291025
2020-10-14-primary-lambda0.5-N40,7,-0.04113648796498907
2020-10-14-primary-lambda0.5-N40,8,-0.00801900984682713
2020-10-14-primary-lambda0.5-N40,9,-0.02056414113785558
2020-10-14-primary-lambda0.5-N40,10,-0.04542874726477025
2020-10-14-primary-lambda0.5-N40,11,-0.026537882932166308
2020-10-14-primary-lambda0.5-N40,12,-0.0013293216630196896
2020-10-14-primary-lambda0.5-N40,13,0.020897839168490157
2020-10-14-primary-lambda0.5-N40,14,-0.0642484956236324
2020-10-14-primary-lambda0.5-N40,15,-0.04423276805251641
2020-10-14-primary-lambda0.5-N40,16,-0.012139633479212257
2020-10-14-primary-lambda0.5-N40,17,0.011031865426695845
2020-10-14-primary-lambda0.5-N40,18,0.029461843544857768
2020-10-14-primary-lambda0.5-N40,19,0.040146334792122526
2020-10-14-primary-lambda0.5-N40,20,0.0004301148796498881
2020-10-14-primary-lambda0.5-N40,21,-0.019384573304157552
2020-10-14-primary-lambda0.5-N40,22,-0.03800191466083151
2020-10-14-primary-lambda0.5-N40,23,-0.039435858862144416
2020-10-14-primary-lambda0.5-N40,24,-0.04828911378555799
2020-10-14-primary-lambda0.5-N40,25,-0.02622469912472648
2020-10-14-primary-lambda0.5-N40,26,-0.06336570021881839
2020-10-14-primary-lambda0.5-N40,27,-0.018570158643326038
2020-10-14-primary-lambda0.5-N40,28,0.02675943654266958
2020-10-14-primary-lambda0.5-N40,29,-0.013562636761487964
2020-10-14-primary-lambda0.5-N40,30,-1.4359956236316622e-05
2020-10-14-primary-lambda0.5-N40,31,-0.0696929704595186
2020-10-14-primary-lambda0.5-N40,32,-0.014236870897155352
2020-10-14-primary-lambda0.5-N40,33,0.0078754102844639
2020-10-14-primary-lambda0.5-N40,34,-0.003847100656455133
2020-10-14-primary-lambda0.5-N40,35,0.03966425054704595
2020-10-14-primary-lambda0.5-N40,36,-0.03534258752735229
2020-10-14-primary-lambda0.5-N40,37,0.013253555798687082
2020-10-14-primary-lambda0.5-N40,38,-0.02534327133479212
2020-10-14-primary-lambda0.5-N40,39,-0.01441876367614879
2020-10-14-primary-lambda0.75-N40,0,-0.024349015317286647
2020-10-14-primary-lambda0.75-N40,1,-0.0066089989059081
2020-10-14-primary-lambda0.75-N40,2,-0.043395103938730854
2020-10-14-primary-lambda0.75-N40,3,-0.03365358315098469
2020-10-14-primary-lambda0.75-N40,4,-0.0009552789934354485
2020-10-14-primary-lambda0.75-N40,5,-0.03835612691466084
2020-10-14-primary-lambda0.75-N40,6,0.00460749452954047
2020-10-14-primary-lambda0.75-N40,7,-0.02162130743982494
2020-10-14-primary-lambda0.75-N40,8,0.008723331509846829
2020-10-14-primary-lambda0.75-N40,9,0.016766958424507664
2020-10-14-primary-lambda0.75-N40,10,-0.030460202407002184
2020-10-14-primary-lambda0.75-N40,11,-0.01887171772428883
2020-10-14-primary-lambda0.75-N40,12,0.02891548140043763
2020-10-14-primary-lambda0.75-N40,13,-0.006926969365426695
2020-10-14-primary-lambda0.75-N40,14,-0.015994256017505464
2020-10-14-primary-lambda0.75-N40,15,-0.043911378555798686
2020-10-14-primary-lambda0.75-N40,16,0.018593408096280087
2020-10-14-primary-lambda0.75-N40,17,-0.05894351750547046
2020-10-14-primary-lambda0.75-N40,18,0.04497196389496718
2020-10-14-primary-lambda0.75-N40,19,0.00025232494529540755
2020-10-14-primary-lambda0.75-N40,20,-0.03079048140043764
2020-10-14-primary-lambda0.75-N40,21,0.00393462800875274
2020-10-14-primary-lambda0.75-N40,22,-0.008241931072210064
2020-10-14-primary-lambda0.75-N40,23,-0.0032768052516411435
2020-10-14-primary-lambda0.75-N40,24,-0.018990700218818376
2020-10-14-primary-lambda0.75-N40,25,0.008570842450765864
2020-10-14-primary-lambda0.75-N40,26,0.007685311816192561
2020-10-14-primary-lambda0.75-N40,27,-0.013767778993435446
2020-10-14-primary-lambda0.75-N40,28,-0.025203774617067833
2020-10-14-primary-lambda0.75-N40,29,0.008840946389496724
2020-10-14-primary-lambda0.75-N40,30,-0.012984819474835891
2020-10-14-primary-lambda0.75-N40,31,0.003053200218818375
2020-10-14-primary-lambda0.75-N40,32,0.0087472647702407
2020-10-14-primary-lambda0.75-N40,33,-0.0025123085339168495
2020-10-14-primary-lambda0.75-N40,34,-0.051559080962800874
2020-10-14-primary-lambda0.75-N40,35,-0.015839031728665205
2020-10-14-primary-lambda0.75-N40,36,0.010503966083150981
2020-10-14-primary-lambda0.75-N40,37,0.010309764770240693
2020-10-14-primary-lambda0.75-N40,38,-0.037424781181619245
2020-10-14-primary-lambda0.75-N40,39,0.03633410831509847
2020-10-14-primary-lambda1-N40,0,0.009048140043763678
2020-10-14-primary-lambda1-N40,1,0.006942013129102848
2020-10-14-primary-lambda1-N40,2,-0.011133068927789935
2020-10-14-primary-lambda1-N40,3,0.0028610503282275705
2020-10-14-primary-lambda1-N40,4,0.02178405361050328
2020-10-14-primary-lambda1-N40,5,0.018930525164113778
2020-10-14-primary-lambda1-N40,6,-0.014264223194748352
2020-10-14-primary-lambda1-N40,7,-0.0022634026258205667
2020-10-14-primary-lambda1-N40,8,0.005935448577680522
2020-10-14-primary-lambda1-N40,9,-0.027331099562363244
2020-10-14-primary-lambda1-N40,10,0.010541575492341354
2020-10-14-primary-lambda1-N40,11,0.0005388402625820624
2020-10-14-primary-lambda1-N40,12,0.01104554157549234
2020-10-14-primary-lambda1-N40,13,0.03465878008752735
2020-10-14-primary-lambda1-N40,14,-0.0034744256017505454
2020-10-14-primary-lambda1-N40,15,-0.001917396061269151
2020-10-14-primary-lambda1-N40,16,-0.005853391684901535
2020-10-14-primary-lambda1-N40,17,-0.015465672866520787
2020-10-14-primary-lambda1-N40,18,-0.00524206783369803
2020-10-14-primary-lambda1-N40,19,-0.0007980032822757103
2020-10-14-primary-lambda1-N40,20,0.02293421772428884
2020-10-14-primary-lambda1-N40,21,-0.010655087527352301
2020-10-14-primary-lambda1-N40,22,-0.03876435995623633
2020-10-14-primary-lambda1-N40,23,-0.014338074398249452
2020-10-14-primary-lambda1-N40,24,-0.027980032822757107
2020-10-14-primary-lambda1-N40,25,0.010599015317286652
2020-10-14-primary-lambda1-N40,26,-0.006439414660831505
2020-10-14-primary-lambda1-N40,27,-0.008596827133479212
2020-10-14-primary-lambda1-N40,28,0.022271608315098466
2020-10-14-primary-lambda1-N40,29,-0.0013963347921225374
2020-10-14-primary-lambda1-N40,30,0.02415002735229759
2020-10-14-primary-lambda1-N40,31,-0.0034060448577680528
2020-10-14-primary-lambda1-N40,32,0.03731605579868709
2020-10-14-primary-lambda1-N40,33,0.017388539387308534
2020-10-14-primary-lambda1-N40,34,0.03100382932166302
2020-10-14-primary-lambda1-N40,35,0.012657959518599562
2020-10-14-primary-lambda1-N40,36,0.015118298687089717
2020-10-14-primary-lambda1-N40,37,0.002549234135667394
2020-10-14-primary-lambda1-N40,38,-0.020631154266958426
2020-10-14-primary-lambda1-N40,39,-0.010685175054704595
2020-10-14-hub-lambda0-N40,0,-0.010936816192560178
2020-10-14-hub-lambda0-N40,1,-0.03219638949671773
2020-10-14-hub-lambda0-N40,2,0.026250000000000006
2020-10-14-hub-lambda0-N40,3,0.04417601203501094
2020-10-14-hub-lambda0-N40,4,-0.061124863238512045
2020-10-14-hub-lambda0-N40,5,0.01353460065645514
2020-10-14-hub-lambda0-N40,6,0.0041226750547045995
2020-10-14-hub-lambda0-N40,7,0.03126846280087528
2020-10-14-hub-lambda0-N40,8,0.013855306345733042
2020-10-14-hub-lambda0-N40,9,-0.047403583150984675
2020-10-14-hub-lambda0-N40,10,0.023921635667396055
2020-10-14-hub-lambda0-N40,11,-0.09614469365426696
2020-10-14-hub-lambda0-N40,12,0.01791643873085339
2020-10-14-hub-lambda0-N40,13,-0.06660489606126914
2020-10-14-hub-lambda0-N40,14,-0.06274890590809629
2020-10-14-hub-lambda0-N40,15,0.012923276805251637
2020-10-14-hub-lambda0-N40,16,0.007601203501094101
2020-10-14-hub-lambda0-N40,17,0.05014018052516411
2020-10-14-hub-lambda0-N40,18,0.0032836433260393996
2020-10-14-hub-lambda0-N40,19,0.030623632385120343
2020-10-14-hub-lambda0-N40,20,0.027491110503282287
2020-10-14-hub-lambda0-N40,21,0.007752324945295397
2020-10-14-hub-lambda0-N40,22,0.008369119256017497
2020-10-14-hub-lambda0-N40,23,-0.019511761487964983
2020-10-14-hub-lambda0-N40,24,-0.017251094091903726
2020-10-14-hub-lambda0-N40,25,-0.013606400437636768
2020-10-14-hub-lambda0-N40,26,-0.008291165207877461
2020-10-14-hub-lambda0-N40,27,-0.005904677242888397
2020-10-14-hub-lambda0-N40,28,0.027036378555798695
2020-10-14-hub-lambda0-N40,29,-0.029131564551422327
2020-10-14-hub-lambda0-N40,30,-0.01606332056892778
2020-10-14-hub-lambda0-N40,31,-0.007125957330415752
2020-10-14-hub-lambda0-N40,32,0.05709518599562363
2020-10-14-hub-lambda0-N40,33,-0.06800396608315099
2020-10-14-hub-lambda0-N40,34,0.015595596280087522
2020-10-14-hub-lambda0-N40,35,-0.07049302516411379
2020-10-14-hub-lambda0-N40,36,-0.06307986870897155
2020-10-14-hub-lambda0-N40,37,0.0928234409190372
2020-10-14-hub-lambda0-N40,38,0.026640454048140045
2020-10-14-hub-lambda0-N40,39,-0.07357357768052517
2020-10-14-hub-lambda0.25-N40,0,-0.028998905908096284
2020-10-14-hub-lambda0.25-N40,1,-0.0002359135667395927
2020-10-14-hub-lambda0.25-N40,2,0.022255880743982492
2020-10-14-hub-lambda0.25-N40,3,-0.06466151531728664
2020-10-14-hub-lambda0.25-N40,4,0.0314777078774617
2020-10-14-hub-lambda0.25-N40,5,0.026506427789934364
2020-10-14-hub-lambda0.25-N40,6,-0.013965399343544864
2020-10-14-hub-lambda0.25-N40,7,0.007515043763676149
2020-10-14-hub-lambda0.25-N40,8,0.029331920131291028
2020-10-14-hub-lambda0.25-N40,9,-0.012318791028446381
2020-10-14-hub-lambda0.25-N40,10,-0.03928610503282275
2020-10-14-hub-lambda0.25-N40,11,-0.07304089168490153
2020-10-14-hub-lambda0.25-N40,12,-0.03830073851203501
2020-10-14-hub-lambda0.25-N40,13,-0.034147975929978126
2020-10-14-hub-lambda0.25-N40,14,0.010263265864332603
2020-10-14-hub-lambda0.25-N40,15,0.05312841903719913
2020-10-14-hub-lambda0.25-N40,16,-0.016536515317286653
2020-10-14-hub-lambda0.25-N40,17,0.02025164113785557
2020-10-14-hub-lambda0.25-N40,18,-0.012776942013129112
2020-10-14-hub-lambda0.25-N40,19,0.005392505470459522
2020-10-14-hub-lambda0.25-N40,20,-0.0040324124726477005
2020-10-14-hub-lambda0.25-N40,21,-0.017398112691466086
2020-10-14-hub-lambda0.25-N40,22,-0.021589852297592995
2020-10-14-hub-lambda0.25-N40,23,0.0023946936542669534
2020-10-14-hub-lambda0.25-N40,24,-0.10225929978118162
2020-10-14-hub-lambda0.25-N40,25,0.009535694748358865
2020-10-14-hub-lambda0.25-N40,26,0.0014852297592997772
2020-10-14-hub-lambda0.25-N40,27,-0.003689824945295409
2020-10-14-hub-lambda0.25-N40,28,-0.09799302516411378
2020-10-14-hub-lambda0.25-N40,29,-0.025032822757111592
2020-10-14-hub-lambda0.25-N40,30,0.061062636761487966
2020-10-14-hub-lambda0.25-N40,31,-0.034515180525164106
2020-10-14-hub-lambda0.25-N40,32,0.029336022975929965
2020-10-14-hub-lambda0.25-N40,33,-0.0020842450765864388
2020-10-14-hub-lambda0.25-N40,34,-0.011909874179431077
2020-10-14-hub-lambda0.25-N40,35,-0.0884292943107221
2020-10-14-hub-lambda0.25-N40,36,-0.03038977024070022
2020-10-14-hub-lambda0.25-N40,37,-0.05137992341356673
2020-10-14-hub-lambda0.25-N40,38,0.022138265864332596
2020-10-14-hub-lambda0.25-N40,39,-0.044381154266958434
2020-10-14-hub-lambda0.5-N40,0,0.004221143326039373
2020-10-14-hub-lambda0.5-N40,1,-0.025531318380743986
2020-10-14-hub-lambda0.5-N40,2,-0.04100246170678337
2020-10-14-hub-lambda0.5-N40,3,-0.014382521881838075
2020-10-14-hub-lambda0.5-N40,4,-0.011623358862144413
2020-10-14-hub-lambda0.5-N40,5,-0.023608451859956244
2020-10-14-hub-lambda0.5-N40,6,-0.02570705689277899
2020-10-14-hub-lambda0.5-N40,7,-0.02082467177242888
2020-10-14-hub-lambda0.5-N40,8,-0.06901463347921226
2020-10-14-hub-lambda0.5-N40,9,0.0078125
2020-10-14-hub-lambda0.5-N40,10,-0.05569885120350109
2020-10-14-hub-lambda0.5-N40,11,-0.05551217177242888
2020-10-14-hub-lambda0.5-N40,12,-0.04801832603938731
2020-10-14-hub-lambda0.5-N40,13,-0.009962390590809632
2020-10-14-hub-lambda0.5-N40,14,-0.025984682713347917
2020-10-14-hub-lambda0.5-N40,15,-0.014400300875273518
2020-10-14-hub-lambda0.5-N40,16,-0.06662746170678338
2020-10-14-hub-lambda0.5-N40,17,-0.023575629102844647
2020-10-14-hub-lambda0.5-N40,18,0.007893873085339169
2020-10-14-hub-lambda0.5-N40,19,-0.041260940919037196
2020-10-14-hub-lambda0.5-N40,20,-0.0007138949671772428
2020-10-14-hub-lambda0.5-N40,21,-0.004128145514223197
2020-10-14-hub-lambda0.5-N40,22,-0.06266274617067834
2020-10-14-hub-lambda0.5-N40,23,-0.008375957330415754
2020-10-14-hub-lambda0.5-N40,24,-0.011139223194748362
2020-10-14-hub-lambda0.5-N40,25,-0.0071957056892779005
2020-10-14-hub-lambda0.5-N40,26,0.02112896608315098
2020-10-14-hub-lambda0.5-N40,27,-0.08336570021881838
2020-10-14-hub-lambda0.5-N40,28,0.020176422319474835
2020-10-14-hub-lambda0.5-N40,29,-0.029039934354485774
2020-10-14-hub-lambda0.5-N40,30,0.003944201312910293
2020-10-14-hub-lambda0.5-N40,31,-0.0008301422319474846
2020-10-14-hub-lambda0.5-N40,32,0.009653993435448578
2020-10-14-hub-lambda0.5-N40,33,-0.05407138949671773
2020-10-14-hub-lambda0.5-N40,34,-0.01809696389496718
2020-10-14-hub-lambda0.5-N40,35,-0.033410147702407
2020-10-14-hub-lambda0.5-N40,36,0.00971690371991247
2020-10-14-hub-lambda0.5-N40,37,0.0031954321663019754
2020-10-14-hub-lambda0.5-N40,38,-0.021714989059080952
2020-10-14-hub-lambda0.5-N40,39,-0.04220322757111597
2020-10-14-hub-lambda0.75-N40,0,-0.06761146061269145
2020-10-14-hub-lambda0.75-N40,1,-0.03800328227571117
2020-10-14-hub-lambda0.75-N40,2,-0.07361460612691466
2020-10-14-hub-lambda0.75-N40,3,-0.041825082056892775
2020-10-14-hub-lambda0.75-N40,4,-0.05926832603938731
2020-10-14-hub-lambda0.75-N40,5,-0.052214168490153166
2020-10-14-hub-lambda0.75-N40,6,-0.01185653719912473
2020-10-14-hub-lambda0.75-N40,7,-0.019963074398249455
2020-10-14-hub-lambda0.75-N40,8,-0.05175943654266959
2020-10-14-hub-lambda0.75-N40,9,-0.02389018052516412
2020-10-14-hub-lambda0.75-N40,10,-0.014857084245076589
2020-10-14-hub-lambda0.75-N40,11,-0.05335339168490153
2020-10-14-hub-lambda0.75-N40,12,-0.0040768599562363205
2020-10-14-hub-lambda0.75-N40,13,-0.02581714989059081
2020-10-14-hub-lambda0.75-N40,14,-0.041268462800875275
2020-10-14-hub-lambda0.75-N40,15,-0.013019009846827136
2020-10-14-hub-lambda0.75-N40,16,-0.018133205689277895
2020-10-14-hub-lambda0.75-N40,17,-0.03302653172866521
2020-10-14-hub-lambda0.75-N40,18,-0.018202954048140044
2020-10-14-hub-lambda0.75-N40,19,-0.07014291575492342
2020-10-14-hub-lambda0.75-N40,20,-0.019430388402625818
2020-10-14-hub-lambda0.75-N40,21,-0.04808739059080963
2020-10-14-hub-lambda0.75-N40,22,-0.05260120350109408
2020-10-14-hub-lambda0.75-N40,23,-0.02647497264770241
2020-10-14-hub-lambda0.75-N40,24,-0.03469707330415754
2020-10-14-hub-lambda0.75-N40,25,-0.022798140043763675
2020-10-14-hub-lambda0.75-N40,26,-0.022385120350109415
2020-10-14-hub-lambda0.75-N40,27,-0.04899685448577679
2020-10-14-hub-lambda0.75-N40,28,-0.042008342450765866
2020-10-14-hub-lambda0.75-N40,29,-0.04224699124726478
2020-10-14-hub-lambda0.75-N40,30,-0.028198167396061274
2020-10-14-hub-lambda0.75-N40,31,-0.04803405361050329
2020-10-14-hub-lambda0.75-N40,32,-0.027370760393873084
2020-10-14-hub-lambda0.75-N40,33,-0.0683527078774617
2020-10-14-hub-lambda0.75-N40,34,-0.0515269420131291
2020-10-14-hub-lambda0.75-N40,35,-0.06351340262582057
2020-10-14-hub-lambda0.75-N40,36,-0.03783369803063457
2020-10-14-hub-lambda0.75-N40,37,-0.02601955689277899
2020-10-14-hub-lambda0.75-N40,38,-0.046845596280087526
2020-10-14-hub-lambda0.75-N40,39,-0.0044303884026258185
2020-10-14-hub-lambda1-N40,0,-0.024634846827133475
2020-10-14-hub-lambda1-N40,1,0.013586570021881838
2020-10-14-hub-lambda1-N40,2,0.00833082603938731
2020-10-14-hub-lambda1-N40,3,0.012343408096280086
2020-10-14-hub-lambda1-N40,4,-0.05405019146608315
2020-10-14-hub-lambda1-N40,5,-0.030320705689277902
2020-10-14-hub-lambda1-N40,6,0.025097784463894966
2020-10-14-hub-lambda1-N40,7,-0.03277352297592998
2020-10-14-hub-lambda1-N40,8,0.003422456236323854
2020-10-14-hub-lambda1-N40,9,-0.0034771608315098484
2020-10-14-hub-lambda1-N40,10,-0.018410147702407002
2020-10-14-hub-lambda1-N40,11,-0.03774206783369803
2020-10-14-hub-lambda1-N40,12,-0.030110776805251635
2020-10-14-hub-lambda1-N40,13,-0.025770650984682713
2020-10-14-hub-lambda1-N40,14,-0.017132795404814008
2020-10-14-hub-lambda1-N40,15,-0.04688320568927791
2020-10-14-hub-lambda1-N40,16,-0.011946799781181626
2020-10-14-hub-lambda1-N40,17,-0.046401805251641136
2020-10-14-hub-lambda1-N40,18,-0.024571252735229757
2020-10-14-hub-lambda1-N40,19,-0.024696389496717718
2020-10-14-hub-lambda1-N40,20,-0.01974904266958425
2020-10-14-hub-lambda1-N40,21,-0.02165344638949672
2020-10-14-hub-lambda1-N40,22,-0.039031044857768066
2020-10-14-hub-lambda1-N40,23,-0.054227981400437636
2020-10-14-hub-lambda1-N40,24,-0.041489332603938736
2020-10-14-hub-lambda1-N40,25,-0.019975382932166306
2020-10-14-hub-lambda1-N40,26,-0.07028993435448579
2020-10-14-hub-lambda1-N40,27,-0.019130880743982493
2020-10-14-hub-lambda1-N40,28,0.02735024617067834
2020-10-14-hub-lambda1-N40,29,-0.010934080962800874
2020-10-14-hub-lambda1-N40,30,-0.0011296498905908122
2020-10-14-hub-lambda1-N40,31,-0.04120828774617067
2020-10-14-hub-lambda1-N40,32,-0.014535694748358866
2020-10-14-hub-lambda1-N40,33,-0.044831099562363246
2020-10-14-hub-lambda1-N40,34,-0.03399480306345734
2020-10-14-hub-lambda1-N40,35,0.0015638676148796542
2020-10-14-hub-lambda1-N40,36,-0.016187773522975926
2020-10-14-hub-lambda1-N40,37,-0.0009210886214442003
2020-10-14-hub-lambda1-N40,38,0.006068107221006562
2020-10-14-hub-lambda1-N40,39,-0.04363033369803064
2022-05-31-primary-lambda0-N40,0,0.05464989059080963
2022-05-31-primary-lambda0-N40,1,-0.01992272975929978
2022-05-31-primary-lambda0-N40,2,-0.01173208424507659
2022-05-31-primary-lambda0-N40,3,0.006659600656455133
2022-05-31-primary-lambda0-N40,4,0.10239811269146608
2022-05-31-primary-lambda0-N40,5,0.037496580962800875
2022-05-31-primary-lambda0-N40,6,-0.05613238512035012
2022-05-31-primary-lambda0-N40,7,0.055276258205689266
2022-05-31-primary-lambda0-N40,8,0.0832494529540481
2022-05-31-primary-lambda0-N40,9,0.04738375273522975
2022-05-31-primary-lambda0-N40,10,-0.0181167943107221
2022-05-31-primary-lambda0-N40,11,0.003920951859956236
2022-05-31-primary-lambda0-N40,12,-0.027203911378555806
2022-05-31-primary-lambda0-N40,13,0.020140180525164125
2022-05-31-primary-lambda0-N40,14,0.0305730306345733
2022-05-31-primary-lambda0-N40,15,0.0022784463894967135
2022-05-31-primary-lambda0-N40,16,0.01930867067833698
2022-05-31-primary-lambda0-N40,17,-0.0007980032822757006
2022-05-31-primary-lambda0-N40,18,0.07471348468271333
2022-05-31-primary-lambda0-N40,19,-0.03474835886214443
2022-05-31-primary-lambda0-N40,20,-0.031211706783369816
2022-05-31-primary-lambda0-N40,21,0.008584518599562364
2022-05-31-primary-lambda0-N40,22,0.06386898249452953
2022-05-31-primary-lambda0-N40,23,-0.026628829321663012
2022-05-31-primary-lambda0-N40,24,-0.0013108588621444232
2022-05-31-primary-lambda0-N40,25,0.030835612691466084
2022-05-31-primary-lambda0-N40,26,0.02695774070021882
2022-05-31-primary-lambda0-N40,27,-0.04492751641137856
2022-05-31-primary-lambda0-N40,28,0.0007993708971553531
2022-05-31-primary-lambda0-N40,29,0.07792943107221008
2022-05-31-primary-lambda0-N40,30,-0.048594775711159735
2022-05-31-primary-lambda0-N40,31,0.02665891684901532
2022-05-31-primary-lambda0-N40,32,-0.05142984135667395
2022-05-31-primary-lambda0-N40,33,0.04514018052516411
2022-05-31-primary-lambda0-N40,34,-0.0336734135667396
2022-05-31-primary-lambda0-N40,35,-0.007677106126914663
2022-05-31-primary-lambda0-N40,36,0.06521745076586433
2022-05-31-primary-lambda0-N40,37,0.020490973741794316
2022-05-31-primary-lambda0-N40,38,0.005343955142231944
2022-05-31-primary-lambda0-N40,39,-0.011599425601750547
2022-05-31-primary-lambda0.25-N40,0,0.0037294857768052454
2022-05-31-primary-lambda0.25-N40,1,-0.029745623632385126
2022-05-31-primary-lambda0.25-N40,2,-0.003086706783369812
2022-05-31-primary-lambda0.25-N40,3,-0.051985776805251654
2022-05-31-primary-lambda0.25-N40,4,-0.03339031728665207
2022-05-31-primary-lambda0.25-N40,5,0.0029827680525164116
2022-05-31-primary-lambda0.25-N40,6,-0.0542437089715536
2022-05-31-primary-lambda0.25-N40,7,0.0552960886214442
2022-05-31-primary-lambda0.25-N40,8,0.013700765864332599
2022-05-31-primary-lambda0.25-N40,9,-0.015178473741794313
2022-05-31-primary-lambda0.25-N40,10,0.0041384026258205735
2022-05-31-primary-lambda0.25-N40,11,0.03239469365426695
2022-05-31-primary-lambda0.25-N40,12,-0.014543900437636762
2022-05-31-primary-lambda0.25-N40,13,-0.03982289387308533
2022-05-31-primary-lambda0.25-N40,14,0.0695726203501094
2022-05-31-primary-lambda0.25-N40,15,0.007803610503282282
2022-05-31-primary-lambda0.25-N40,16,0.05209176695842451
2022-05-31-primary-lambda0.25-N40,17,-0.03019283369803064
2022-05-31-primary-lambda0.25-N40,18,-0.08669857768052516
2022-05-31-primary-lambda0.25-N40,19,-0.004306619256017507
2022-05-31-primary-lambda0.25-N40,20,0.02426627461706783
2022-05-31-primary-lambda0.25-N40,21,0.07886077680525164
2022-05-31-primary-lambda0.25-N40,22,0.003241247264770239
2022-05-31-primary-lambda0.25-N40,23,0.005192149890590808
2022-05-31-primary-lambda0.25-N40,24,-0.032824808533916845
2022-05-31-primary-lambda0.25-N40,25,0.008652899343544856
2022-05-31-primary-lambda0.25-N40,26,0.019950082056892776
2022-05-31-primary-lambda0.25-N40,27,-0.053166712253829324
2022-05-31-primary-lambda0.25-N40,28,-0.0716944748358862
2022-05-31-primary-lambda0.25-N40,29,-0.025277625820568927
2022-05-31-primary-lambda0.25-N40,30,-0.0008356126914660889
2022-05-31-primary-lambda0.25-N40,31,0.022372128008752733
2022-05-31-primary-lambda0.25-N40,32,0.00799576039387309
2022-05-31-primary-lambda0.25-N40,33,-0.018719228665207886
2022-05-31-primary-lambda0.25-N40,34,-0.036542669584245076
2022-05-31-primary-lambda0.25-N40,35,0.06038908643326039
2022-05-31-primary-lambda0.25-N40,36,0.0037568380743982434
2022-05-31-primary-lambda0.25-N40,37,0.04312158096280089
2022-05-31-primary-lambda0.25-N40,38,-0.015502598468271326
2022-05-31-primary-lambda0.25-N40,39,0.013913429978118154
2022-05-31-primary-lambda0.5-N40,0,-0.022441192560175058
2022-05-31-primary-lambda0.5-N40,1,0.005042396061269136
2022-05-31-primary-lambda0.5-N40,2,-0.046630196936542676
2022-05-31-primary-lambda0.5-N40,3,-0.0196300601750547
2022-05-31-primary-lambda0.5-N40,4,-0.04635188730853393
2022-05-31-primary-lambda0.5-N40,5,-0.06738375273522976
2022-05-31-primary-lambda0.5-N40,6,0.010017778993435459
2022-05-31-primary-lambda0.5-N40,7,-0.0028494256017505422
2022-05-31-primary-lambda0.5-N40,8,-0.030976477024070023
2022-05-31-primary-lambda0.5-N40,9,0.014335339168490155
2022-05-31-primary-lambda0.5-N40,10,-0.05150300875273523
2022-05-31-primary-lambda0.5-N40,11,-0.002241520787746173
2022-05-31-primary-lambda0.5-N40,12,-0.08062841903719914
2022-05-31-primary-lambda0.5-N40,13,0.007693517505470463
2022-05-31-primary-lambda0.5-N40,14,-0.041833287746170685
2022-05-31-primary-lambda0.5-N40,15,-0.01993230306345733
2022-05-31-primary-lambda0.5-N40,16,-0.021058533916849018
2022-05-31-primary-lambda0.5-N40,17,-0.007076723194748368
2022-05-31-primary-lambda0.5-N40,18,-0.0067724288840262555
2022-05-31-primary-lambda0.5-N40,19,-0.029680661925601756
2022-05-31-primary-lambda0.5-N40,20,-0.022338621444201318
2022-05-31-primary-lambda0.5-N40,21,-0.023775300875273526
2022-05-31-primary-lambda0.5-N40,22,-0.025209928884026248
2022-05-31-primary-lambda0.5-N40,23,-0.05317628555798687
2022-05-31-primary-lambda0.5-N40,24,-0.04956031181619257
2022-05-31-primary-lambda0.5-N40,25,-0.01891548140043764
2022-05-31-primary-lambda0.5-N40,26,-0.02742478118161925
2022-05-31-primary-lambda0.5-N40,27,-0.02603733588621444
2022-05-31-primary-lambda0.5-N40,28,-0.01615495076586432
2022-05-31-primary-lambda0.5-N40,29,-0.09200834245076586
2022-05-31-primary-lambda0.5-N40,30,0.007859682713347914
2022-05-31-primary-lambda0.5-N40,31,-0.032571799781181625
2022-05-31-primary-lambda0.5-N40,32,-0.012499999999999999
2022-05-31-primary-lambda0.5-N40,33,-0.014352434354485778
2022-05-31-primary-lambda0.5-N40,34,0.0017813183807439852
2022-05-31-primary-lambda0.5-N40,35,0.0023953774617067815
2022-05-31-primary-lambda0.5-N40,36,0.04303473741794309
2022-05-31-primary-lambda0.5-N40,37,0.014042669584245078
2022-05-31-primary-lambda0.5-N40,38,-0.02474220459518599
2022-05-31-primary-lambda0.5-N40,39,-0.07703774617067834
2022-05-31-primary-lambda0.75-N40,0,-0.04889975382932167
2022-05-31-primary-lambda0.75-N40,1,-0.0049842724288840295
2022-05-31-primary-lambda0.75-N40,2,-0.038174234135667395
2022-05-31-primary-lambda0.75-N40,3,-0.02606263676148796
2022-05-31-primary-lambda0.75-N40,4,0.012121170678336988
2022-05-31-primary-lambda0.75-N40,5,-0.055054020787746176
2022-05-31-primary-lambda0.75-N40,6,-0.045953227571115966
2022-05-31-primary-lambda0.75-N40,7,-0.031371717724288845
2022-05-31-primary-lambda0.75-N40,8,-0.037566329321663025
2022-05-31-primary-lambda0.75-N40,9,-0.03216493435448577
2022-05-31-primary-lambda0.75-N40,10,-0.04278719912472647
2022-05-31-primary-lambda0.75-N40,11,0.022912335886214445
2022-05-31-primary-lambda0.75-N40,12,-0.04538293216630197
2022-05-31-primary-lambda0.75-N40,13,-0.04092792669584245
2022-05-31-primary-lambda0.75-N40,14,-0.04782891137855579
2022-05-31-primary-lambda0.75-N40,15,-0.029053610503282274
2022-05-31-primary-lambda0.75-N40,16,-0.026107084245076583
2022-05-31-primary-lambda0.75-N40,17,-0.057862417943107224
2022-05-31-primary-lambda0.75-N40,18,-0.033916849015317295
2022-05-31-primary-lambda0.75-N40,19,-0.042001504376367606
2022-05-31-primary-lambda0.75-N40,20,-0.024591083150984683
2022-05-31-primary-lambda0.75-N40,21,-0.03201723194748359
2022-05-31-primary-lambda0.75-N40,22,0.00107973194748359
2022-05-31-primary-lambda0.75-N40,23,-0.0433609135667396
2022-05-31-primary-lambda0.75-N40,24,-0.03297661378555799
2022-05-31-primary-lambda0.75-N40,25,-0.038884710065645506
2022-05-31-primary-lambda0.75-N40,26,1.9146608315090774e-05
2022-05-31-primary-lambda0.75-N40,27,-0.02886898249452954
2022-05-31-primary-lambda0.75-N40,28,0.01634710065645514
2022-05-31-primary-lambda0.75-N40,29,-0.039491931072210065
2022-05-31-primary-lambda0.75-N40,30,-0.03346143326039387
2022-05-31-primary-lambda0.75-N40,31,-0.002647702407002193
2022-05-31-primary-lambda0.75-N40,32,-0.03597784463894967
2022-05-31-primary-lambda0.75-N40,33,-0.05407480853391684
2022-05-31-primary-lambda0.75-N40,34,-0.053696663019693655
2022-05-31-primary-lambda0.75-N40,35,-0.01543968818380744
2022-05-31-primary-lambda0.75-N40,36,-0.013692560175054701
2022-05-31-primary-lambda0.75-N40,37,-0.01619597921225383
2022-05-31-primary-lambda0.75-N40,38,-0.019392095185995627
2022-05-31-primary-lambda0.75-N40,39,-0.025477297592997807
2022-05-31-primary-lambda1-N40,0,-0.02779814004376367
2022-05-31-primary-lambda1-N40,1,-0.06015795951859957
2022-05-31-primary-lambda1-N40,2,-0.04489537746170678
2022-05-31-primary-lambda1-N40,3,-0.016262992341356666
2022-05-31-primary-lambda1-N40,4,-0.005488238512035009
2022-05-31-primary-lambda1-N40,5,-0.03406318380743983
2022-05-31-primary-lambda1-N40,6,-0.042184764770240704
2022-05-31-primary-lambda1-N40,7,-0.009727844638949676
2022-05-31-primary-lambda1-N40,8,-0.04146198030634574
2022-05-31-primary-lambda1-N40,9,-0.016234272428884023
2022-05-31-primary-lambda1-N40,10,-0.04025437636761487
2022-05-31-primary-lambda1-N40,11,0.007515727571115976
2022-05-31-primary-lambda1-N40,12,-0.011128282275711157
2022-05-31-primary-lambda1-N40,13,-0.030172319474835885
2022-05-31-primary-lambda1-N40,14,-0.04331783369803063
2022-05-31-primary-lambda1-N40,15,-0.009818791028446388
2022-05-31-primary-lambda1-N40,16,-0.06702885667396061
2022-05-31-primary-lambda1-N40,17,-0.0834292943107221
2022-05-31-primary-lambda1-N40,18,-0.034831099562363244
2022-05-31-primary-lambda1-N40,19,-0.057735229759299775
2022-05-31-primary-lambda1-N40,20,-0.025579184901531726
2022-05-31-primary-lambda1-N40,21,-0.01190645514223194
2022-05-31-primary-lambda1-N40,22,-0.022582056892778993
2022-05-31-primary-lambda1-N40,23,-0.05133068927789934
2022-05-31-primary-lambda1-N40,24,-0.016217177242888403
2022-05-31-primary-lambda1-N40,25,-0.052184080962800874
2022-05-31-primary-lambda1-N40,26,-0.032569748358862144
2022-05-31-primary-lambda1-N40,27,-0.019823577680525162
2022-05-31-primary-lambda1-N40,28,-0.014870076586433259
2022-05-31-primary-lambda1-N40,29,-0.098695295404814
2022-05-31-primary-lambda1-N40,30,-0.02657480853391684
2022-05-31-primary-lambda1-N40,31,-0.03901600109409191
2022-05-31-primary-lambda1-N40,32,-0.044567833698030634
2022-05-31-primary-lambda1-N40,33,-0.06000615426695841
2022-05-31-primary-lambda1-N40,34,-0.05581578227571116
2022-05-31-primary-lambda1-N40,35,-0.02109682713347922
2022-05-31-primary-lambda1-N40,36,-0.025668763676148804
2022-05-31-primary-lambda1-N40,37,-0.013248085339168495
2022-05-31-primary-lambda1-N40,38,-0.025155224288840265
2022-05-31-primary-lambda1-N40,39,-0.051212390590809634
2022-05-31-hub-lambda0-N40,0,0.019625957330415743
2022-05-31-hub-lambda0-N40,1,0.004465262582056893
2022-05-31-hub-lambda0-N40,2,-0.028757521881838072
2022-05-31-hub-lambda0-N40,3,0.010234545951859969
2022-05-31-hub-lambda0-N40,4,0.009992478118161926
2022-05-31-hub-lambda0-N40,5,0.003075082056892782
2022-05-31-hub-lambda0-N40,6,0.04650984682713348
2022-05-31-hub-lambda0-N40,7,-0.00439824945295404
2022-05-31-hub-lambda0-N40,8,-0.054340809628008746
2022-05-31-hub-lambda0-N40,9,0.016797045951859945
2022-05-31-hub-lambda0-N40,10,0.014656728665207869
2022-05-31-hub-lambda0-N40,11,0.01665891684901532
2022-05-31-hub-lambda0-N40,12,-0.019035831509846824
2022-05-31-hub-lambda0-N40,13,0.008112691466083146
2022-05-31-hub-lambda0-N40,14,0.07253966083150984
2022-05-31-hub-lambda0-N40,15,-0.003388265864332601
2022-05-31-hub-lambda0-N40,16,0.06424370897155361
2022-05-31-hub-lambda0-N40,17,0.04385325492341356
2022-05-31-hub-lambda0-N40,18,0.04282754376367615
2022-05-31-hub-lambda0-N40,19,0.01200697483588622
2022-05-31-hub-lambda0-N40,20,-0.028268599562363248
2022-05-31-hub-lambda0-N40,21,0.029334655361050333
2022-05-31-hub-lambda0-N40,22,-0.04386077680525164
2022-05-31-hub-lambda0-N40,23,0.023673413566739604
2022-05-31-hub-lambda0-N40,24,-0.014614332603938723
2022-05-31-hub-lambda0-N40,25,0.02740563457330416
2022-05-31-hub-lambda0-N40,26,-0.025376094091903723
2022-05-31-hub-lambda0-N40,27,0.0444050875273523
2022-05-31-hub-lambda0-N40,28,-0.0171109135667396
2022-05-31-hub-lambda0-N40,29,-0.027880196936542673
2022-05-31-hub-lambda0-N40,30,0.008777352297592994
2022-05-31-hub-lambda0-N40,31,0.023161925601750566
2022-05-31-hub-lambda0-N40,32,0.024186269146608316
2022-05-31-hub-lambda0-N40,33,0.034916575492341374
2022-05-31-hub-lambda0-N40,34,-0.030704321663019705
2022-05-31-hub-lambda0-N40,35,0.009790754923413574
2022-05-31-hub-lambda0-N40,36,0.015110092997811811
2022-05-31-hub-lambda0-N40,37,0.04240084792122539
2022-05-31-hub-lambda0-N40,38,0.0616390864332604
2022-05-31-hub-lambda0-N40,39,0.030707740700218818
2022-05-31-hub-lambda0.25-N40,0,0.025028719912472644
2022-05-31-hub-lambda0.25-N40,1,0.025294721006564554
2022-05-31-hub-lambda0.25-N40,2,-0.027187499999999983
2022-05-31-hub-lambda0.25-N40,3,0.007406318380743969
2022-05-31-hub-lambda0.25-N40,4,0.0325328227571116
2022-05-31-hub-lambda0.25-N40,5,0.00032959518599561926
2022-05-31-hub-lambda0.25-N40,6,-0.027783780087527347
2022-05-31-hub-lambda0.25-N40,7,0.013367751641137857
2022-05-31-hub-lambda0.25-N40,8,-0.0693777352297593
2022-05-31-hub-lambda0.25-N40,9,0.022008342450765866
2022-05-31-hub-lambda0.25-N40,10,0.004855716630196926
2022-05-31-hub-lambda0.25-N40,11,0.016581646608315084
2022-05-31-hub-lambda0.25-N40,12,-0.05006701312910285
2022-05-31-hub-lambda0.25-N40,13,-0.015469091903719917
2022-05-31-hub-lambda0.25-N40,14,-0.03641206236323851
2022-05-31-hub-lambda0.25-N40,15,0.047082193654266954
2022-05-31-hub-lambda0.25-N40,16,-0.025391137855579872
2022-05-31-hub-lambda0.25-N40,17,0.03368503829321663
2022-05-31-hub-lambda0.25-N40,18,-0.027289387308533922
2022-05-31-hub-lambda0.25-N40,19,-0.010315919037199115
2022-05-31-hub-lambda0.25-N40,20,-0.0479191739606127
2022-05-31-hub-lambda0.25-N40,21,-0.021327954048140044
2022-05-31-hub-lambda0.25-N40,22,0.04311884573304158
2022-05-31-hub-lambda0.25-N40,23,-0.04559012582056893
2022-05-31-hub-lambda0.25-N40,24,-0.012564961706783366
2022-05-31-hub-lambda0.25-N40,25,0.01880675601750547
2022-05-31-hub-lambda0.25-N40,26,0.035400027352297594
2022-05-31-hub-lambda0.25-N40,27,0.02500136761487965
2022-05-31-hub-lambda0.25-N40,28,0.01084313457330415
2022-05-31-hub-lambda0.25-N40,29,0.011893462800875273
2022-05-31-hub-lambda0.25-N40,30,0.04769283369803064
2022-05-31-hub-lambda0.25-N40,31,-0.048349972647702404
2022-05-31-hub-lambda0.25-N40,32,0.017752324945295404
2022-05-31-hub-lambda0.25-N40,33,-0.0022326312910284428
2022-05-31-hub-lambda0.25-N40,34,-0.005075902625820564
2022-05-31-hub-lambda0.25-N40,35,0.028706920131291027
2022-05-31-hub-lambda0.25-N40,36,-0.04978596827133479
2022-05-31-hub-lambda0.25-N40,37,-0.017082193654266956
2022-05-31-hub-lambda0.25-N40,38,0.014582877461706787
2022-05-31-hub-lambda0.25-N40,39,-0.035842450765864335
2022-05-31-hub-lambda0.5-N40,0,-0.023331509846827136
2022-05-31-hub-lambda0.5-N40,1,-0.06373974288840262
2022-05-31-hub-lambda0.5-N40,2,-0.0203425875273523
2022-05-31-hub-lambda0.5-N40,3,0.0023960612691466057
2022-05-31-hub-lambda0.5-N40,4,-0.08845322757111597
2022-05-31-hub-lambda0.5-N40,5,-0.027939688183807442
2022-05-31-hub-lambda0.5-N40,6,0.0006188457330415802
2022-05-31-hub-lambda0.5-N40,7,0.014407822757111605
2022-05-31-hub-lambda0.5-N40,8,-0.01435858862144421
2022-05-31-hub-lambda0.5-N40,9,-0.016243845733041575
2022-05-31-hub-lambda0.5-N40,10,-0.02267915754923413
2022-05-31-hub-lambda0.5-N40,11,0.0004704595185995698
2022-05-31-hub-lambda0.5-N40,12,-0.013309628008752735
2022-05-31-hub-lambda0.5-N40,13,-0.03084997264770242
2022-05-31-hub-lambda0.5-N40,14,-0.023946252735229757
2022-05-31-hub-lambda0.5-N40,15,0.003930525164113783
2022-05-31-hub-lambda0.5-N40,16,-0.03459655361050329
2022-05-31-hub-lambda0.5-N40,17,-0.007826176148796504
2022-05-31-hub-lambda0.5-N40,18,-0.021844912472647703
2022-05-31-hub-lambda0.5-N40,19,-0.014996580962800866
2022-05-31-hub-lambda0.5-N40,20,-0.024376367614879643
2022-05-31-hub-lambda0.5-N40,21,-0.028904540481400433
2022-05-31-hub-lambda0.5-N40,22,-0.021825082056892778
2022-05-31-hub-lambda0.5-N40,23,-0.04664250547045952
2022-05-31-hub-lambda0.5-N40,24,-0.014338758205689276
2022-05-31-hub-lambda0.5-N40,25,-0.01370418490153173
2022-05-31-hub-lambda0.5-N40,26,-0.0017943107221006494
2022-05-31-hub-lambda0.5-N40,27,0.016017505470459516
2022-05-31-hub-lambda0.5-N40,28,-0.01962048687089715
2022-05-31-hub-lambda0.5-N40,29,-0.03190166849015317
2022-05-31-hub-lambda0.5-N40,30,0.0009935722100656407
2022-05-31-hub-lambda0.5-N40,31,-0.013653583150984683
2022-05-31-hub-lambda0.5-N40,32,4.1028446389498274e-06
2022-05-31-hub-lambda0.5-N40,33,-0.06651805251641138
2022-05-31-hub-lambda0.5-N40,34,-0.03017437089715536
2022-05-31-hub-lambda0.5-N40,35,-0.05684628008752735
2022-05-31-hub-lambda0.5-N40,36,-0.016208287746170676
2022-05-31-hub-lambda0.5-N40,37,-0.017969091903719918
2022-05-31-hub-lambda0.5-N40,38,-0.010979896061269145
2022-05-31-hub-lambda0.5-N40,39,-0.013126367614879652
2022-05-31-hub-lambda0.75-N40,0,0.00035694748358861797
2022-05-31-hub-lambda0.75-N40,1,-0.02122401531728665
2022-05-31-hub-lambda0.75-N40,2,-0.039811269146608326
2022-05-31-hub-lambda0.75-N40,3,0.04547251094091904
2022-05-31-hub-lambda0.75-N40,4,-0.019676559080962802
2022-05-31-hub-lambda0.75-N40,5,-0.032163566739606124
2022-05-31-hub-lambda0.75-N40,6,-0.010391821663019694
2022-05-31-hub-lambda0.75-N40,7,-0.04035284463894967
2022-05-31-hub-lambda0.75-N40,8,-0.028339031728665205
2022-05-31-hub-lambda0.75-N40,9,-0.0032432986870897123
2022-05-31-hub-lambda0.75-N40,10,-0.05101887308533918
2022-05-31-hub-lambda0.75-N40,11,-0.018121580962800875
2022-05-31-hub-lambda0.75-N40,12,-0.06076381291028446
2022-05-31-hub-lambda0.75-N40,13,-0.05388402625820569
2022-05-31-hub-lambda0.75-N40,14,-0.005437636761487964
2022-05-31-hub-lambda0.75-N40,15,0.010607904814004376
2022-05-31-hub-lambda0.75-N40,16,-0.025221553610503284
2022-05-31-hub-lambda0.75-N40,17,0.020970322757111595
2022-05-31-hub-lambda0.75-N40,18,-0.03808875820568928
2022-05-31-hub-lambda0.75-N40,19,-0.050775437636761483
2022-05-31-hub-lambda0.75-N40,20,0.0026053063457330433
2022-05-31-hub-lambda0.75-N40,21,-0.027874042669584247
2022-05-31-hub-lambda0.75-N40,22,0.008009436542669585
2022-05-31-hub-lambda0.75-N40,23,-0.05458971553610504
2022-05-31-hub-lambda0.75-N40,24,-0.06180935448577681
2022-05-31-hub-lambda0.75-N40,25,-0.01397770787746171
2022-05-31-hub-lambda0.75-N40,26,-0.032797456236323845
2022-05-31-hub-lambda0.75-N40,27,-0.01189619803063456
2022-05-31-hub-lambda0.75-N40,28,0.007101340262582054
2022-05-31-hub-lambda0.75-N40,29,-0.03610845185995623
2022-05-31-hub-lambda0.75-N40,30,-0.06864879649890591
2022-05-31-hub-lambda0.75-N40,31,-0.03493572210065646
2022-05-31-hub-lambda0.75-N40,32,-0.060733041575492336
2022-05-31-hub-lambda0.75-N40,33,-0.01335612691466083
2022-05-31-hub-lambda0.75-N40,34,-0.02085749452954048
2022-05-31-hub-lambda0.75-N40,35,-0.03949808533916848
2022-05-31-hub-lambda0.75-N40,36,-0.02643189277899343
2022-05-31-hub-lambda0.75-N40,37,-0.04512445295404815
2022-05-31-hub-lambda0.75-N40,38,-0.056427106126914664
2022-05-31-hub-lambda0.75-N40,39,-0.0049097374179431
2022-05-31-hub-lambda1-N40,0,0.009496033916849018
2022-05-31-hub-lambda1-N40,1,-0.020693380743982498
2022-05-31-hub-lambda1-N40,2,0.02231400437636762
2022-05-31-hub-lambda1-N40,3,-0.026139907002188184
2022-05-31-hub-lambda1-N40,4,-0.0024336706783369827
2022-05-31-hub-lambda1-N40,5,-0.0068319201312910275
2022-05-31-hub-lambda1-N40,6,-0.013384163019693656
2022-05-31-hub-lambda1-N40,7,-0.020767231947483585
2022-05-31-hub-lambda1-N40,8,-0.043406728665207873
2022-05-31-hub-lambda1-N40,9,0.004602707877461703
2022-05-31-hub-lambda1-N40,10,0.02158780087527352
2022-05-31-hub-lambda1-N40,11,0.0128207056892779
2022-05-31-hub-lambda1-N40,12,-0.01581714989059081
2022-05-31-hub-lambda1-N40,13,-0.015123085339168492
2022-05-31-hub-lambda1-N40,14,-0.010017095185995629
2022-05-31-hub-lambda1-N40,15,-0.0031701312910284514
2022-05-31-hub-lambda1-N40,16,-0.0012390590809628012
2022-05-31-hub-lambda1-N40,17,-0.002418626914660832
2022-05-31-hub-lambda1-N40,18,-0.023708971553610503
2022-05-31-hub-lambda1-N40,19,-0.049266958424507665
2022-05-31-hub-lambda1-N40,20,-0.02718818380743982
2022-05-31-hub-lambda1-N40,21,-0.02620828774617068
2022-05-31-hub-lambda1-N40,22,-0.022629923413566743
2022-05-31-hub-lambda1-N40,23,0.0020746717724288806
2022-05-31-hub-lambda1-N40,24,-0.02021403172866521
2022-05-31-hub-lambda1-N40,25,-0.004587664113785555
2022-05-31-hub-lambda1-N40,26,0.0009272428884026216
2022-05-31-hub-lambda1-N40,27,-0.0011699945295404839
2022-05-31-hub-lambda1-N40,28,-0.024530224288840264
2022-05-31-hub-lambda1-N40,29,-0.04141890043763676
2022-05-31-hub-lambda1-N40,30,-0.012376914660831505
2022-05-31-hub-lambda1-N40,31,-0.013994119256017509
2022-05-31-hub-lambda1-N40,32,-0.020564824945295407
2022-05-31-hub-lambda1-N40,33,-0.015380880743982495
2022-05-31-hub-lambda1-N40,34,-0.03411036652078775
2022-05-31-hub-lambda1-N40,35,-0.048009436542669585
2022-05-31-hub-lambda1-N40,36,0.0003200218818380744
2022-05-31-hub-lambda1-N40,37,-0.03821252735229759
2022-05-31-hub-lambda1-N40,38,-0.0025335065645514273
2022-05-31-hub-lambda1-N40,39,-0.008891548140043762
2023-07-16-primary-lambda0-N40,0,-0.009512445295404818
2023-07-16-primary-lambda0-N40,1,-0.01317696936542671
2023-07-16-primary-lambda0-N40,2,-0.03220527899343545
2023-07-16-primary-lambda0-N40,3,0.043061405908096276
2023-07-16-primary-lambda0-N40,4,0.018569474835886217
2023-07-16-primary-lambda0-N40,5,0.036148112691466075
2023-07-16-primary-lambda0-N40,6,-0.00019146608315099322
2023-07-16-primary-lambda0-N40,7,0.1051148796498906
2023-07-16-primary-lambda0-N40,8,-0.04806277352297592
2023-07-16-primary-lambda0-N40,9,-0.015104622538293215
2023-07-16-primary-lambda0-N40,10,-0.03839236870897156
2023-07-16-primary-lambda0-N40,11,0.030489606126914665
2023-07-16-primary-lambda0-N40,12,0.06880265317286655
2023-07-16-primary-lambda0-N40,13,0.01451928336980306
2023-07-16-primary-lambda0-N40,14,-0.057445979212253834
2023-07-16-primary-lambda0-N40,15,0.009682713347921226
2023-07-16-primary-lambda0-N40,16,0.012141684901531736
2023-07-16-primary-lambda0-N40,17,-0.02033916849015317
2023-07-16-primary-lambda0-N40,18,0.05475382932166302
2023-07-16-primary-lambda0-N40,19,0.027681892778993435
2023-07-16-primary-lambda0-N40,20,-0.03059080962800874
2023-07-16-primary-lambda0-N40,21,0.013529814004376365
2023-07-16-primary-lambda0-N40,22,0.013995486870897158
2023-07-16-primary-lambda0-N40,23,0.05263471006564552
2023-07-16-primary-lambda0-N40,24,-0.018250136761487967
2023-07-16-primary-lambda0-N40,25,-0.016148796498905896
2023-07-16-primary-lambda0-N40,26,-0.016027078774617072
2023-07-16-primary-lambda0-N40,27,0.03551627461706784
2023-07-16-primary-lambda0-N40,28,0.03603801969365427
2023-07-16-primary-lambda0-N40,29,0.01745144967177244
2023-07-16-primary-lambda0-N40,30,-0.042194338074398256
2023-07-16-primary-lambda0-N40,31,-0.005279677242888401
2023-07-16-primary-lambda0-N40,32,-0.012115700218818389
2023-07-16-primary-lambda0-N40,33,0.005891684901531732
2023-07-16-primary-lambda0-N40,34,-0.00682986870897154
2023-07-16-primary-lambda0-N40,35,-0.02857973194748359
2023-07-16-primary-lambda0-N40,36,0.020276942013129115
2023-07-16-primary-lambda0-N40,37,0.0041978938730853265
2023-07-16-primary-lambda0-N40,38,0.026129649890590807
2023-07-16-primary-lambda0-N40,39,0.004498085339168488
2023-07-16-primary-lambda0.25-N40,0,0.03468408096280087
2023-07-16-primary-lambda0.25-N40,1,-0.015167532822757108
2023-07-16-primary-lambda0.25-N40,2,-0.02833766411378556
2023-07-16-primary-lambda0.25-N40,3,0.02530908096280088
2023-07-16-primary-lambda0.25-N40,4,-0.056200082056892774
2023-07-16-primary-lambda0.25-N40,5,0.041161788840262586
2023-07-16-primary-lambda0.25-N40,6,-0.027789934354485783
2023-07-16-primary-lambda0.25-N40,7,-0.04052995076586433
2023-07-16-primary-lambda0.25-N40,8,0.006929704595185998
2023-07-16-primary-lambda0.25-N40,9,-0.050038977024070015
2023-07-16-primary-lambda0.25-N40,10,0.0057200492341356775
2023-07-16-primary-lambda0.25-N40,11,-0.0017908916849015335
2023-07-16-primary-lambda0.25-N40,12,-0.0539585612691466
2023-07-16-primary-lambda0.25-N40,13,0.02198919584245077
2023-07-16-primary-lambda0.25-N40,14,-0.047035010940919046
2023-07-16-primary-lambda0.25-N40,15,0.019050875273522977
2023-07-16-primary-lambda0.25-N40,16,-0.017444611597374177
2023-07-16-primary-lambda0.25-N40,17,-0.0478562636761488
2023-07-16-primary-lambda0.25-N40,18,0.054429020787746175
2023-07-16-primary-lambda0.25-N40,19,0.007125273522975922
2023-07-16-primary-lambda0.25-N40,20,-0.048485366520787734
2023-07-16-primary-lambda0.25-N40,21,0.001706783369803069
2023-07-16-primary-lambda0.25-N40,22,-0.07519078227571116
2023-07-16-primary-lambda0.25-N40,23,0.06064277899343546
2023-07-16-primary-lambda0.25-N40,24,-0.022115016411378568
2023-07-16-primary-lambda0.25-N40,25,0.06657275711159737
2023-07-16-primary-lambda0.25-N40,26,-0.056395650984682716
2023-07-16-primary-lambda0.25-N40,27,0.02153925054704594
2023-07-16-primary-lambda0.25-N40,28,0.051403856673960614
2023-07-16-primary-lambda0.25-N40,29,-0.054031044857768044
2023-07-16-primary-lambda0.25-N40,30,0.033849835886214444
2023-07-16-primary-lambda0.25-N40,31,-0.021756017505470456
2023-07-16-primary-lambda0.25-N40,32,-0.02364400984682714
2023-07-16-primary-lambda0.25-N40,33,-0.06431824398249453
2023-07-16-primary-lambda0.25-N40,34,-0.0640871170678337
2023-07-16-primary-lambda0.25-N40,35,-0.01494324398249453
2023-07-16-primary-lambda0.25-N40,36,-0.055938867614879643
2023-07-16-primary-lambda0.25-N40,37,-0.05986255470459519
2023-07-16-primary-lambda0.25-N40,38,0.03365084792122539
2023-07-16-primary-lambda0.25-N40,39,-0.025775437636761486
2023-07-16-primary-lambda0.5-N40,0,-0.024123358862144416
2023-07-16-primary-lambda0.5-N40,1,-0.03390043763676149
2023-07-16-primary-lambda0.5-N40,2,0.004316876367614887
2023-07-16-primary-lambda0.5-N40,3,-0.015676285557986863
2023-07-16-primary-lambda0.5-N40,4,-0.0575218818380744
2023-07-16-primary-lambda0.5-N40,5,-0.06929431072210065
2023-07-16-primary-lambda0.5-N40,6,-0.03726750547045952
2023-07-16-primary-lambda0.5-N40,7,-0.0468585886214442
2023-07-16-primary-lambda0.5-N40,8,-0.03688115426695843
2023-07-16-primary-lambda0.5-N40,9,0.02329116520787747
2023-07-16-primary-lambda0.5-N40,10,-0.005551832603938732
2023-07-16-primary-lambda0.5-N40,11,-0.006774480306345733
2023-07-16-primary-lambda0.5-N40,12,-0.04623016958424508
2023-07-16-primary-lambda0.5-N40,13,-0.04370418490153173
2023-07-16-primary-lambda0.5-N40,14,-0.015339852297593
2023-07-16-primary-lambda0.5-N40,15,-0.00652557439824946
2023-07-16-primary-lambda0.5-N40,16,-0.03752871991247266
2023-07-16-primary-lambda0.5-N40,17,-0.05543695295404816
2023-07-16-primary-lambda0.5-N40,18,-0.020574398249452945
2023-07-16-primary-lambda0.5-N40,19,-0.05066397702407003
2023-07-16-primary-lambda0.5-N40,20,-0.08714989059080963
2023-07-16-primary-lambda0.5-N40,21,0.003161925601750536
2023-07-16-primary-lambda0.5-N40,22,-0.004433123632385139
2023-07-16-primary-lambda0.5-N40,23,-0.015795951859956234
2023-07-16-primary-lambda0.5-N40,24,0.026743025164113785
2023-07-16-primary-lambda0.5-N40,25,0.03834176695842451
2023-07-16-primary-lambda0.5-N40,26,-0.017567696936542664
2023-07-16-primary-lambda0.5-N40,27,-0.005384299781181616
2023-07-16-primary-lambda0.5-N40,28,-0.041923550328227574
2023-07-16-primary-lambda0.5-N40,29,-0.04901736870897155
2023-07-16-primary-lambda0.5-N40,30,-0.016491384026258205
2023-07-16-primary-lambda0.5-N40,31,-0.014625957330415754
2023-07-16-primary-lambda0.5-N40,32,-0.021870897155361054
2023-07-16-primary-lambda0.5-N40,33,-0.08494871444201313
2023-07-16-primary-lambda0.5-N40,34,-0.06574466630196939
2023-07-16-primary-lambda0.5-N40,35,-0.02406386761487965
2023-07-16-primary-lambda0.5-N40,36,-0.012874726477024066
2023-07-16-primary-lambda0.5-N40,37,-0.010424644420131295
2023-07-16-primary-lambda0.5-N40,38,-0.032668216630196936
2023-07-16-primary-lambda0.5-N40,39,-0.03083219365426695
2023-07-16-primary-lambda0.75-N40,0,-0.010352844638949666
2023-07-16-primary-lambda0.75-N40,1,-0.08689072757111597
2023-07-16-primary-lambda0.75-N40,2,-0.024528172866520787
2023-07-16-primary-lambda0.75-N40,3,-0.023354759299781175
2023-07-16-primary-lambda0.75-N40,4,-0.051176148796498906
2023-07-16-primary-lambda0.75-N40,5,-0.04697825492341357
2023-07-16-primary-lambda0.75-N40,6,-0.015003419037199126
2023-07-16-primary-lambda0.75-N40,7,-0.00964783916849015
2023-07-16-primary-lambda0.75-N40,8,-0.10519078227571116
2023-07-16-primary-lambda0.75-N40,9,-0.03473741794310722
2023-07-16-primary-lambda0.75-N40,10,-0.02627940371991247
2023-07-16-primary-lambda0.75-N40,11,-0.039262855579868715
2023-07-16-primary-lambda0.75-N40,12,-0.053946252735229766
2023-07-16-primary-lambda0.75-N40,13,-0.03532549234135667
2023-07-16-primary-lambda0.75-N40,14,-0.043423140043763686
2023-07-16-primary-lambda0.75-N40,15,-0.06082398796498907
2023-07-16-primary-lambda0.75-N40,16,-0.05209792122538293
2023-07-16-primary-lambda0.75-N40,17,-0.053774617067833694
2023-07-16-primary-lambda0.75-N40,18,-0.04438935995623633
2023-07-16-primary-lambda0.75-N40,19,-0.04980511487964989
2023-07-16-primary-lambda0.75-N40,20,-0.08835612691466083
2023-07-16-primary-lambda0.75-N40,21,-0.07236802516411378
2023-07-16-primary-lambda0.75-N40,22,-0.032518462800875274
2023-07-16-primary-lambda0.75-N40,23,-0.05945363785557986
2023-07-16-primary-lambda0.75-N40,24,-0.062132795404814006
2023-07-16-primary-lambda0.75-N40,25,-0.045721416849015324
2023-07-16-primary-lambda0.75-N40,26,-0.022524617067833704
2023-07-16-primary-lambda0.75-N40,27,-0.05787472647702406
2023-07-16-primary-lambda0.75-N40,28,-0.07435653719912472
2023-07-16-primary-lambda0.75-N40,29,-0.03663224835886215
2023-07-16-primary-lambda0.75-N40,30,0.004556892778993432
2023-07-16-primary-lambda0.75-N40,31,-0.017348878555798686
2023-07-16-primary-lambda0.75-N40,32,-0.04578022428884026
2023-07-16-primary-lambda0.75-N40,33,-0.06798618708971554
2023-07-16-primary-lambda0.75-N40,34,-0.005486187089715536
2023-07-16-primary-lambda0.75-N40,35,-0.014115836980306341
2023-07-16-primary-lambda0.75-N40,36,-0.03818654266958423
2023-07-16-primary-lambda0.75-N40,37,-0.042761898249452965
2023-07-16-primary-lambda0.75-N40,38,-0.026092040481400444
2023-07-16-primary-lambda0.75-N40,39,-0.02864674507658643
2023-07-16-primary-lambda1-N40,0,-0.031902352297592994
2023-07-16-primary-lambda1-N40,1,-0.05254171225382933
2023-07-16-primary-lambda1-N40,2,-0.053209108315098466
2023-07-16-primary-lambda1-N40,3,-0.012519146608315095
2023-07-16-primary-lambda1-N40,4,-0.03288703501094092
2023-07-16-primary-lambda1-N40,5,-0.031725929978118156
2023-07-16-primary-lambda1-N40,6,-0.01299370897155361
2023-07-16-primary-lambda1-N40,7,-0.04439551422319475
2023-07-16-primary-lambda1-N40,8,-0.08270103938730854
2023-07-16-primary-lambda1-N40,9,-0.08819064551422318
2023-07-16-primary-lambda1-N40,10,0.0015132658643326076
2023-07-16-primary-lambda1-N40,11,-0.00987964989059081
2023-07-16-primary-lambda1-N40,12,-0.04915002735229759
2023-07-16-primary-lambda1-N40,13,-0.03166712253829321
2023-07-16-primary-lambda1-N40,14,-0.021262992341356673
2023-07-16-primary-lambda1-N40,15,-0.06901873632385119
2023-07-16-primary-lambda1-N40,16,-0.05524753829321664
2023-07-16-primary-lambda1-N40,17,-0.05413088074398248
2023-07-16-primary-lambda1-N40,18,-0.06086980306345734
2023-07-16-primary-lambda1-N40,19,-0.04543353391684901
2023-07-16-primary-lambda1-N40,20,-0.049483725382932164
2023-07-16-primary-lambda1-N40,21,-0.04080005470459518
2023-07-16-primary-lambda1-N40,22,-0.025599015317286655
2023-07-16-primary-lambda1-N40,23,-0.06416096827133479
2023-07-16-primary-lambda1-N40,24,-0.0755730306345733
2023-07-16-primary-lambda1-N40,25,-0.07184696389496718
2023-07-16-primary-lambda1-N40,26,-0.029915891684901535
2023-07-16-primary-lambda1-N40,27,-0.04307644967177243
2023-07-16-primary-lambda1-N40,28,-0.04847989606126915
2023-07-16-primary-lambda1-N40,29,-0.04850861597374179
2023-07-16-primary-lambda1-N40,30,-0.032655908096280085
2023-07-16-primary-lambda1-N40,31,-0.06969502188183806
2023-07-16-primary-lambda1-N40,32,-0.029006427789934345
2023-07-16-primary-lambda1-N40,33,-0.023096280087527357
2023-07-16-primary-lambda1-N40,34,-0.06335407549234136
2023-07-16-primary-lambda1-N40,35,-0.042945158643326035
2023-07-16-primary-lambda1-N40,36,-0.04738512035010941
2023-07-16-primary-lambda1-N40,37,-0.03785831509846828
2023-07-16-primary-lambda1-N40,38,-0.028095596280087537
2023-07-16-primary-lambda1-N40,39,-0.025842450765864337
2023-07-16-hub-lambda0-N40,0,0.04898317833698031
2023-07-16-hub-lambda0-N40,1,0.05596348468271335
2023-07-16-hub-lambda0-N40,2,-0.06713211159737419
2023-07-16-hub-lambda0-N40,3,0.08374384573304158
2023-07-16-hub-lambda0-N40,4,0.01709860503282276
2023-07-16-hub-lambda0-N40,5,0.025364469365426693
2023-07-16-hub-lambda0-N40,6,-0.0784183533916849
2023-07-16-hub-lambda0-N40,7,0.0037527352297592916
2023-07-16-hub-lambda0-N40,8,0.020454731947483595
2023-07-16-hub-lambda0-N40,9,0.11433055251641137
2023-07-16-hub-lambda0-N40,10,-0.02422934901531728
2023-07-16-hub-lambda0-N40,11,0.013578364332603942
2023-07-16-hub-lambda0-N40,12,0.04782549234135667
2023-07-16-hub-lambda0-N40,13,0.012882932166301968
2023-07-16-hub-lambda0-N40,14,0.007502735229759296
2023-07-16-hub-lambda0-N40,15,-0.037220322757111596
2023-07-16-hub-lambda0-N40,16,0.03037541028446389
2023-07-16-hub-lambda0-N40,17,-0.0466527625820569
2023-07-16-hub-lambda0-N40,18,-0.006490700218818383
2023-07-16-hub-lambda0-N40,19,0.07008137308533915
2023-07-16-hub-lambda0-N40,20,0.08391479759299782
2023-07-16-hub-lambda0-N40,21,0.05422251094091902
2023-07-16-hub-lambda0-N40,22,0.02864059080962801
2023-07-16-hub-lambda0-N40,23,0.09453501094091904
2023-07-16-hub-lambda0-N40,24,-0.00890043763676149
2023-07-16-hub-lambda0-N40,25,-0.010851340262582056
2023-07-16-hub-lambda0-N40,26,0.05156318380743983
2023-07-16-hub-lambda0-N40,27,-0.006330005470459512
2023-07-16-hub-lambda0-N40,28,0.008416985776805259
2023-07-16-hub-lambda0-N40,29,0.016342997811816192
2023-07-16-hub-lambda0-N40,30,-0.001574808533916852
2023-07-16-hub-lambda0-N40,31,0.050607904814004366
2023-07-16-hub-lambda0-N40,32,0.007015864332603937
2023-07-16-hub-lambda0-N40,33,0.03870760393873086
2023-07-16-hub-lambda0-N40,34,-0.027776258205689273
2023-07-16-hub-lambda0-N40,35,-0.028509299781181625
2023-07-16-hub-lambda0-N40,36,0.05109819474835886
2023-07-16-hub-lambda0-N40,37,-0.008996170678336989
2023-07-16-hub-lambda0-N40,38,-0.03542054157549234
2023-07-16-hub-lambda0-N40,39,0.031914660831509845
2023-07-16-hub-lambda0.25-N40,0,-0.02840946389496718
2023-07-16-hub-lambda0.25-N40,1,-0.033762992341356685
2023-07-16-hub-lambda0.25-N40,2,-0.03255470459518601
2023-07-16-hub-lambda0.25-N40,3,-0.025779540481400437
2023-07-16-hub-lambda0.25-N40,4,0.019692286652078783
2023-07-16-hub-lambda0.25-N40,5,-0.03631974835886214
2023-07-16-hub-lambda0.25-N40,6,-0.011994666301969362
2023-07-16-hub-lambda0.25-N40,7,0.01131838074398249
2023-07-16-hub-lambda0.25-N40,8,0.026029814004376366
2023-07-16-hub-lambda0.25-N40,9,0.026392231947483583
2023-07-16-hub-lambda0.25-N40,10,-0.012526668490153173
2023-07-16-hub-lambda0.25-N40,11,0.0166609682713348
2023-07-16-hub-lambda0.25-N40,12,0.028711706783369813
2023-07-16-hub-lambda0.25-N40,13,0.016455142231947488
2023-07-16-hub-lambda0.25-N40,14,-0.05587595733041575
2023-07-16-hub-lambda0.25-N40,15,0.025825355579868706
2023-07-16-hub-lambda0.25-N40,16,-0.07435995623632385
2023-07-16-hub-lambda0.25-N40,17,-0.051947483588621446
2023-07-16-hub-lambda0.25-N40,18,-0.022295541575492343
2023-07-16-hub-lambda0.25-N40,19,0.009468681619256007
2023-07-16-hub-lambda0.25-N40,20,0.005939551422319476
2023-07-16-hub-lambda0.25-N40,21,-0.016881154266958426
2023-07-16-hub-lambda0.25-N40,22,-0.023360913566739597
2023-07-16-hub-lambda0.25-N40,23,-0.001655497811816197
2023-07-16-hub-lambda0.25-N40,24,0.012470596280087535
2023-07-16-hub-lambda0.25-N40,25,0.007393326039387303
2023-07-16-hub-lambda0.25-N40,26,-0.025911515317286644
2023-07-16-hub-lambda0.25-N40,27,-0.009049507658643317
2023-07-16-hub-lambda0.25-N40,28,0.02795336433260393
2023-07-16-hub-lambda0.25-N40,29,-0.019688183807439825
2023-07-16-hub-lambda0.25-N40,30,-0.060624316192560174
2023-07-16-hub-lambda0.25-N40,31,0.005393873085339157
2023-07-16-hub-lambda0.25-N40,32,-0.02335270787746171
2023-07-16-hub-lambda0.25-N40,33,0.03718408096280087
2023-07-16-hub-lambda0.25-N40,34,-0.019054294310722107
2023-07-16-hub-lambda0.25-N40,35,0.0004137035010940985
2023-07-16-hub-lambda0.25-N40,36,-0.016777899343544848
2023-07-16-hub-lambda0.25-N40,37,0.04372606673960612
2023-07-16-hub-lambda0.25-N40,38,-0.02304362691466083
2023-07-16-hub-lambda0.25-N40,39,-0.06558533916849014
2023-07-16-hub-lambda0.5-N40,0,-0.037994392778993434
2023-07-16-hub-lambda0.5-N40,1,-0.05458971553610504
2023-07-16-hub-lambda0.5-N40,2,-0.05133615973741795
2023-07-16-hub-lambda0.5-N40,3,0.005605169584245079
2023-07-16-hub-lambda0.5-N40,4,-0.008293900437636764
2023-07-16-hub-lambda0.5-N40,5,-0.02795815098468271
2023-07-16-hub-lambda0.5-N40,6,-0.004038566739606123
2023-07-16-hub-lambda0.5-N40,7,0.005243435448577679
2023-07-16-hub-lambda0.5-N40,8,-0.06161788840262582
2023-07-16-hub-lambda0.5-N40,9,-0.08163088074398249
2023-07-16-hub-lambda0.5-N40,10,-0.03270240700218818
2023-07-16-hub-lambda0.5-N40,11,-0.023852571115973734
2023-07-16-hub-lambda0.5-N40,12,-0.05661378555798688
2023-07-16-hub-lambda0.5-N40,13,0.00027215536105032267
2023-07-16-hub-lambda0.5-N40,14,-0.010404814004376373
2023-07-16-hub-lambda0.5-N40,15,-0.03795473194748359
2023-07-16-hub-lambda0.5-N40,16,-0.019471416849015318
2023-07-16-hub-lambda0.5-N40,17,-0.05878077133479212
2023-07-16-hub-lambda0.5-N40,18,-0.02468134573304158
2023-07-16-hub-lambda0.5-N40,19,-0.0845835612691466
2023-07-16-hub-lambda0.5-N40,20,0.004020787746170679
2023-07-16-hub-lambda0.5-N40,21,-0.027519146608315097
2023-07-16-hub-lambda0.5-N40,22,-0.024959655361050336
2023-07-16-hub-lambda0.5-N40,23,0.03252051422319475
2023-07-16-hub-lambda0.5-N40,24,-0.05864127461706783
2023-07-16-hub-lambda0.5-N40,25,-0.05892915754923413
2023-07-16-hub-lambda0.5-N40,26,-0.03169926148796499
2023-07-16-hub-lambda0.5-N40,27,-0.06052242888402626
2023-07-16-hub-lambda0.5-N40,28,-0.02760188730853391
2023-07-16-hub-lambda0.5-N40,29,-0.07862076039387308
2023-07-16-hub-lambda0.5-N40,30,-0.021461296498905918
2023-07-16-hub-lambda0.5-N40,31,-0.015107357768052517
2023-07-16-hub-lambda0.5-N40,32,-0.008460065645514218
2023-07-16-hub-lambda0.5-N40,33,-0.04282480853391685
2023-07-16-hub-lambda0.5-N40,34,-0.05101545404814004
2023-07-16-hub-lambda0.5-N40,35,-0.04714715536105033
2023-07-16-hub-lambda0.5-N40,36,-0.015356947483588632
2023-07-16-hub-lambda0.5-N40,37,-0.016099562363238513
2023-07-16-hub-lambda0.5-N40,38,0.010242067833698014
2023-07-16-hub-lambda0.5-N40,39,0.008784874179431069
2023-07-16-hub-lambda0.75-N40,0,-0.0819522702407002
2023-07-16-hub-lambda0.75-N40,1,-0.09460270787746171
2023-07-16-hub-lambda0.75-N40,2,-0.057438457330415756
2023-07-16-hub-lambda0.75-N40,3,-0.047519146608315105
2023-07-16-hub-lambda0.75-N40,4,-0.04675464989059081
2023-07-16-hub-lambda0.75-N40,5,-0.03618025164113785
2023-07-16-hub-lambda0.75-N40,6,-0.03056550875273522
2023-07-16-hub-lambda0.75-N40,7,-0.047299644420131286
2023-07-16-hub-lambda0.75-N40,8,-0.05638676148796499
2023-07-16-hub-lambda0.75-N40,9,-0.06646061269146608
2023-07-16-hub-lambda0.75-N40,10,-0.022119119256017502
2023-07-16-hub-lambda0.75-N40,11,-0.006857221006564557
2023-07-16-hub-lambda0.75-N40,12,-0.027772839168490156
2023-07-16-hub-lambda0.75-N40,13,-0.026993298687089724
2023-07-16-hub-lambda0.75-N40,14,-0.011732084245076586
2023-07-16-hub-lambda0.75-N40,15,-0.05305730306345733
2023-07-16-hub-lambda0.75-N40,16,-0.01715536105032823
2023-07-16-hub-lambda0.75-N40,17,-0.024097374179431075
2023-07-16-hub-lambda0.75-N40,18,-0.001491384026258201
2023-07-16-hub-lambda0.75-N40,19,-0.06214989059080964
2023-07-16-hub-lambda0.75-N40,20,-0.013226887308533917
2023-07-16-hub-lambda0.75-N40,21,-0.006383342450765867
2023-07-16-hub-lambda0.75-N40,22,-0.0709566466083151
2023-07-16-hub-lambda0.75-N40,23,-0.042497264770240704
2023-07-16-hub-lambda0.75-N40,24,-0.03559901531728665
2023-07-16-hub-lambda0.75-N40,25,-0.036812773522975926
2023-07-16-hub-lambda0.75-N40,26,-0.06312910284463895
2023-07-16-hub-lambda0.75-N40,27,-0.049180114879649885
2023-07-16-hub-lambda0.75-N40,28,-0.07946457877461707
2023-07-16-hub-lambda0.75-N40,29,-0.07126572757111597
2023-07-16-hub-lambda0.75-N40,30,-0.0212472647702407
2023-07-16-hub-lambda0.75-N40,31,-0.006010667396061268
2023-07-16-hub-lambda0.75-N40,32,-0.03560175054704596
2023-07-16-hub-lambda0.75-N40,33,-0.045141548140043765
2023-07-16-hub-lambda0.75-N40,34,-0.07706236323851204
2023-07-16-hub-lambda0.75-N40,35,-0.08347784463894967
2023-07-16-hub-lambda0.75-N40,36,-0.016459928884026257
2023-07-16-hub-lambda0.75-N40,37,-0.0907508205689278
2023-07-16-hub-lambda0.75-N40,38,-0.06841972100656456
2023-07-16-hub-lambda0.75-N40,39,-0.018836159737417944
2023-07-16-hub-lambda1-N40,0,-0.04270172319474835
2023-07-16-hub-lambda1-N40,1,-0.045943654266958414
2023-07-16-hub-lambda1-N40,2,-0.09017642231947484
2023-07-16-hub-lambda1-N40,3,-0.0823878555798687
2023-07-16-hub-lambda1-N40,4,-0.01734067286652079
2023-07-16-hub-lambda1-N40,5,-0.024305251641137858
2023-07-16-hub-lambda1-N40,6,-0.04180525164113786
2023-07-16-hub-lambda1-N40,7,-0.02446936542669583
2023-07-16-hub-lambda1-N40,8,-0.03826586433260394
2023-07-16-hub-lambda1-N40,9,-0.05385462253829321
2023-07-16-hub-lambda1-N40,10,-0.06437636761487965
2023-07-16-hub-lambda1-N40,11,-0.028849152078774615
2023-07-16-hub-lambda1-N40,12,-0.024909737417943112
2023-07-16-hub-lambda1-N40,13,-0.05179772975929978
2023-07-16-hub-lambda1-N40,14,-0.002039797592997811
2023-07-16-hub-lambda1-N40,15,-0.04314209518599562
2023-07-16-hub-lambda1-N40,16,-0.03923481947483589
2023-07-16-hub-lambda1-N40,17,-0.043633068927789925
2023-07-16-hub-lambda1-N40,18,0.014491247264770234
2023-07-16-hub-lambda1-N40,19,-0.03609340809628009
2023-07-16-hub-lambda1-N40,20,-0.03423413566739607
2023-07-16-hub-lambda1-N40,21,-0.0281632932166302
2023-07-16-hub-lambda1-N40,22,-0.03156181619256018
2023-07-16-hub-lambda1-N40,23,-0.08341151531728665
2023-07-16-hub-lambda1-N40,24,-0.03392573851203501
2023-07-16-hub-lambda1-N40,25,-0.02001299234135668
2023-07-16-hub-lambda1-N40,26,-0.027666849015317296
2023-07-16-hub-lambda1-N40,27,-0.01527830962800875
2023-07-16-hub-lambda1-N40,28,-0.040583287746170676
2023-07-16-hub-lambda1-N40,29,-0.021222647702407005
2023-07-16-hub-lambda1-N40,30,-0.006375136761487959
2023-07-16-hub-lambda1-N40,31,-0.01001025711159737
2023-07-16-hub-lambda1-N40,32,-0.035516958424507666
2023-07-16-hub-lambda1-N40,33,-0.03413429978118162
2023-07-16-hub-lambda1-N40,34,-0.03128213894967177
2023-07-16-hub-lambda1-N40,35,-0.04613580415754924
2023-07-16-hub-lambda1-N40,36,-0.07490289934354487
2023-07-16-hub-lambda1-N40,37,-0.051451723194748354
2023-07-16-hub-lambda1-N40,38,-0.04604280634573304
2023-07-16-hub-lambda1-N40,39,-0.00540686542669584
2026-07-22-primary-lambda0-N40,0,0.114835886214442
2026-07-22-primary-lambda0-N40,1,-0.03653651531728666
2026-07-22-primary-lambda0-N40,2,0.04821252735229759
2026-07-22-primary-lambda0-N40,3,-0.07490426695842452
2026-07-22-primary-lambda0-N40,4,0.02662746170678336
2026-07-22-primary-lambda0-N40,5,0.004999999999999989
2026-07-22-primary-lambda0-N40,6,0.01499384573304157
2026-07-22-primary-lambda0-N40,7,0.10132043216630199
2026-07-22-primary-lambda0-N40,8,0.07113443654266959
2026-07-22-primary-lambda0-N40,9,-0.0309710065645514
2026-07-22-primary-lambda0-N40,10,0.15345527899343542
2026-07-22-primary-lambda0-N40,11,0.044911105032822765
2026-07-22-primary-lambda0-N40,12,0.029009846827133465
2026-07-22-primary-lambda0-N40,13,-0.043586570021881835
2026-07-22-primary-lambda0-N40,14,0.07687841903719914
2026-07-22-primary-lambda0-N40,15,0.12776600109409192
2026-07-22-primary-lambda0-N40,16,-0.020817149890590806
2026-07-22-primary-lambda0-N40,17,0.13003282275711162
2026-07-22-primary-lambda0-N40,18,0.056970733041575475
2026-07-22-primary-lambda0-N40,19,0.06995897155361049
2026-07-22-primary-lambda0-N40,20,0.1923687089715536
2026-07-22-primary-lambda0-N40,21,0.03439619803063457
2026-07-22-primary-lambda0-N40,22,-0.018786241794310748
2026-07-22-primary-lambda0-N40,23,0.03134983588621446
2026-07-22-primary-lambda0-N40,24,0.01714989059080963
2026-07-22-primary-lambda0-N40,25,0.1516554978118162
2026-07-22-primary-lambda0-N40,26,0.009126094091903706
2026-07-22-primary-lambda0-N40,27,0.12920678336980307
2026-07-22-primary-lambda0-N40,28,0.03358246717724288
2026-07-22-primary-lambda0-N40,29,0.12554636214442016
2026-07-22-primary-lambda0-N40,30,-0.03979485776805251
2026-07-22-primary-lambda0-N40,31,0.11772086980306347
2026-07-22-primary-lambda0-N40,32,-0.03818996170678337
2026-07-22-primary-lambda0-N40,33,-0.025049234135667384
2026-07-22-primary-lambda0-N40,34,0.06914524070021881
2026-07-22-primary-lambda0-N40,35,0.08604417396061269
2026-07-22-primary-lambda0-N40,36,0.035685175054704595
2026-07-22-primary-lambda0-N40,37,0.044928200218818395
2026-07-22-primary-lambda0-N40,38,-0.057056892778993416
2026-07-22-primary-lambda0-N40,39,0.04372538293216629
2026-07-22-primary-lambda0.25-N40,0,-0.06661788840262584
2026-07-22-primary-lambda0.25-N40,1,0.12566876367614882
2026-07-22-primary-lambda0.25-N40,2,-0.013384163019693652
2026-07-22-primary-lambda0.25-N40,3,0.02352502735229757
2026-07-22-primary-lambda0.25-N40,4,0.0744050875273523
2026-07-22-primary-lambda0.25-N40,5,-0.010383615973741796
2026-07-22-primary-lambda0.25-N40,6,0.041277352297592995
2026-07-22-primary-lambda0.25-N40,7,0.08763402625820568
2026-07-22-primary-lambda0.25-N40,8,0.008079184901531736
2026-07-22-primary-lambda0.25-N40,9,0.0063717177242888215
2026-07-22-primary-lambda0.25-N40,10,0.024029677242888417
2026-07-22-primary-lambda0.25-N40,11,-0.005371991247264751
2026-07-22-primary-lambda0.25-N40,12,0.12346143326039385
2026-07-22-primary-lambda0.25-N40,13,0.046101613785558
2026-07-22-primary-lambda0.25-N40,14,-0.01260599015317286
2026-07-22-primary-lambda0.25-N40,15,-0.005892368708971562
2026-07-22-primary-lambda0.25-N40,16,-0.005560038293216638
2026-07-22-primary-lambda0.25-N40,17,0.014000957330415773
2026-07-22-primary-lambda0.25-N40,18,-0.018140043763676162
2026-07-22-primary-lambda0.25-N40,19,0.09774138402625822
2026-07-22-primary-lambda0.25-N40,20,0.07525369256017504
2026-07-22-primary-lambda0.25-N40,21,0.011641137855579858
2026-07-22-primary-lambda0.25-N40,22,-0.007123222100656452
2026-07-22-primary-lambda0.25-N40,23,0.011983725382932176
2026-07-22-primary-lambda0.25-N40,24,-0.0213019693654267
2026-07-22-primary-lambda0.25-N40,25,0.06057713347921227
2026-07-22-primary-lambda0.25-N40,26,-0.10251025711159738
2026-07-22-primary-lambda0.25-N40,27,0.06731537199124726
2026-07-22-primary-lambda0.25-N40,28,0.053527762582056916
2026-07-22-primary-lambda0.25-N40,29,0.08077407002188186
2026-07-22-primary-lambda0.25-N40,30,-0.040067696936542684
2026-07-22-primary-lambda0.25-N40,31,0.0632453501094092
2026-07-22-primary-lambda0.25-N40,32,0.0069310722100656445
2026-07-22-primary-lambda0.25-N40,33,-0.05114537746170679
2026-07-22-primary-lambda0.25-N40,34,-0.02933602297592996
2026-07-22-primary-lambda0.25-N40,35,0.06026189824945295
2026-07-22-primary-lambda0.25-N40,36,0.031551559080962806
2026-07-22-primary-lambda0.25-N40,37,-0.04686816192560177
2026-07-22-primary-lambda0.25-N40,38,0.08653719912472647
2026-07-22-primary-lambda0.25-N40,39,-0.005339168490153168
2026-07-22-primary-lambda0.5-N40,0,0.0244351750547046
2026-07-22-primary-lambda0.5-N40,1,0.04709381838074398
2026-07-22-primary-lambda0.5-N40,2,0.045633889496717726
2026-07-22-primary-lambda0.5-N40,3,0.06936200765864332
2026-07-22-primary-lambda0.5-N40,4,0.010724152078774616
2026-07-22-primary-lambda0.5-N40,5,-0.03747880196936542
2026-07-22-primary-lambda0.5-N40,6,-0.013023112691466082
2026-07-22-primary-lambda0.5-N40,7,0.012112964989059064
2026-07-22-primary-lambda0.5-N40,8,-0.048413566739606125
2026-07-22-primary-lambda0.5-N40,9,-0.01600314551422319
2026-07-22-primary-lambda0.5-N40,10,0.006750547045951862
2026-07-22-primary-lambda0.5-N40,11,0.03696594638949671
2026-07-22-primary-lambda0.5-N40,12,-0.04970801422319474
2026-07-22-primary-lambda0.5-N40,13,-0.02581783369803064
2026-07-22-primary-lambda0.5-N40,14,-0.07182439824945294
2026-07-22-primary-lambda0.5-N40,15,-0.010744666301969354
2026-07-22-primary-lambda0.5-N40,16,-0.09253829321663021
2026-07-22-primary-lambda0.5-N40,17,-0.058270650984682704
2026-07-22-primary-lambda0.5-N40,18,-0.03694269693654268
2026-07-22-primary-lambda0.5-N40,19,0.02726682166301969
2026-07-22-primary-lambda0.5-N40,20,-6.15426695842513e-05
2026-07-22-primary-lambda0.5-N40,21,-0.07632248358862145
2026-07-22-primary-lambda0.5-N40,22,0.0018544857768052422
2026-07-22-primary-lambda0.5-N40,23,-0.010745350109409186
2026-07-22-primary-lambda0.5-N40,24,-0.045242067833698024
2026-07-22-primary-lambda0.5-N40,25,0.08210339168490155
2026-07-22-primary-lambda0.5-N40,26,-0.08145856126914659
2026-07-22-primary-lambda0.5-N40,27,-0.02956236323851203
2026-07-22-primary-lambda0.5-N40,28,0.018060722100656457
2026-07-22-primary-lambda0.5-N40,29,0.029839305251641145
2026-07-22-primary-lambda0.5-N40,30,-0.04083903172866521
2026-07-22-primary-lambda0.5-N40,31,0.00366110503282277
2026-07-22-primary-lambda0.5-N40,32,-0.024108998905908098
2026-07-22-primary-lambda0.5-N40,33,-0.08910557986870897
2026-07-22-primary-lambda0.5-N40,34,0.03468613238512034
2026-07-22-primary-lambda0.5-N40,35,-0.037658643326039395
2026-07-22-primary-lambda0.5-N40,36,-0.034728528446389496
2026-07-22-primary-lambda0.5-N40,37,0.08417396061269146
2026-07-22-primary-lambda0.5-N40,38,0.0616356673960613
2026-07-22-primary-lambda0.5-N40,39,0.024342861050328218
2026-07-22-primary-lambda0.75-N40,0,0.02984272428884027
2026-07-22-primary-lambda0.75-N40,1,0.02185243435448577
2026-07-22-primary-lambda0.75-N40,2,-0.07434080962800874
2026-07-22-primary-lambda0.75-N40,3,-0.001598741794310714
2026-07-22-primary-lambda0.75-N40,4,-0.04666985776805252
2026-07-22-primary-lambda0.75-N40,5,-0.05743777352297593
2026-07-22-primary-lambda0.75-N40,6,0.035633889496717724
2026-07-22-primary-lambda0.75-N40,7,0.038224152078774616
2026-07-22-primary-lambda0.75-N40,8,-0.042502051422319484
2026-07-22-primary-lambda0.75-N40,9,0.05462664113785558
2026-07-22-primary-lambda0.75-N40,10,0.047348194748358864
2026-07-22-primary-lambda0.75-N40,11,0.01526463347921226
2026-07-22-primary-lambda0.75-N40,12,-0.012997128008752735
2026-07-22-primary-lambda0.75-N40,13,0.007647018599562357
2026-07-22-primary-lambda0.75-N40,14,0.037095185995623635
2026-07-22-primary-lambda0.75-N40,15,-0.03925396608315098
2026-07-22-primary-lambda0.75-N40,16,0.0660633205689278
2026-07-22-primary-lambda0.75-N40,17,0.000222237417943115
2026-07-22-primary-lambda0.75-N40,18,-0.03982426148796498
2026-07-22-primary-lambda0.75-N40,19,-0.06862007658643327
2026-07-22-primary-lambda0.75-N40,20,0.004316192560175061
2026-07-22-primary-lambda0.75-N40,21,-0.0034634846827133426
2026-07-22-primary-lambda0.75-N40,22,-0.01757863785557986
2026-07-22-primary-lambda0.75-N40,23,-0.010653036105032834
2026-07-22-primary-lambda0.75-N40,24,0.012646334792122554
2026-07-22-primary-lambda0.75-N40,25,-0.03734272428884027
2026-07-22-primary-lambda0.75-N40,26,0.045394556892779006
2026-07-22-primary-lambda0.75-N40,27,-0.06956167943107221
2026-07-22-primary-lambda0.75-N40,28,-0.06105306345733042
2026-07-22-primary-lambda0.75-N40,29,-0.02482289387308534
2026-07-22-primary-lambda0.75-N40,30,-0.044772975929978115
2026-07-22-primary-lambda0.75-N40,31,-0.02236460612691464
2026-07-22-primary-lambda0.75-N40,32,-0.05187910284463895
2026-07-22-primary-lambda0.75-N40,33,0.04493572210065646
2026-07-22-primary-lambda0.75-N40,34,-0.0023536652078774726
2026-07-22-primary-lambda0.75-N40,35,-0.04436337527352297
2026-07-22-primary-lambda0.75-N40,36,-0.05574124726477025
2026-07-22-primary-lambda0.75-N40,37,-0.047301012035010956
2026-07-22-primary-lambda0.75-N40,38,-0.060750820568927805
2026-07-22-primary-lambda0.75-N40,39,0.011911241794310728
2026-07-22-primary-lambda1-N40,0,0.009222510940919042
2026-07-22-primary-lambda1-N40,1,-0.07453090809628009
2026-07-22-primary-lambda1-N40,2,-0.038879239606126915
2026-07-22-primary-lambda1-N40,3,0.012757111597374176
2026-07-22-primary-lambda1-N40,4,0.009274480306345737
2026-07-22-primary-lambda1-N40,5,-0.011822346827133482
2026-07-22-primary-lambda1-N40,6,0.023146198030634568
2026-07-22-primary-lambda1-N40,7,-0.04049370897155361
2026-07-22-primary-lambda1-N40,8,-0.02450492341356674
2026-07-22-primary-lambda1-N40,9,-0.031020924507658643
2026-07-22-primary-lambda1-N40,10,0.008473741794310721
2026-07-22-primary-lambda1-N40,11,0.002631974835886225
2026-07-22-primary-lambda1-N40,12,0.03656455142231947
2026-07-22-primary-lambda1-N40,13,-0.001963894967177245
2026-07-22-primary-lambda1-N40,14,-0.007029540481400446
2026-07-22-primary-lambda1-N40,15,-0.07334039934354486
2026-07-22-primary-lambda1-N40,16,0.015529266958424517
2026-07-22-primary-lambda1-N40,17,-0.0031092724288840244
2026-07-22-primary-lambda1-N40,18,-0.050906044857768055
2026-07-22-primary-lambda1-N40,19,-0.003990700218818367
2026-07-22-primary-lambda1-N40,20,0.009995213347921231
2026-07-22-primary-lambda1-N40,21,0.010859545951859954
2026-07-22-primary-lambda1-N40,22,-0.035807576586433264
2026-07-22-primary-lambda1-N40,23,0.009983588621444198
2026-07-22-primary-lambda1-N40,24,0.009850246170678336
2026-07-22-primary-lambda1-N40,25,-0.00616384026258206
2026-07-22-primary-lambda1-N40,26,-0.008561952954048132
2026-07-22-primary-lambda1-N40,27,0.006651394967177242
2026-07-22-primary-lambda1-N40,28,-0.06914250547045951
2026-07-22-primary-lambda1-N40,29,-0.03021403172866521
2026-07-22-primary-lambda1-N40,30,-0.02122401531728666
2026-07-22-primary-lambda1-N40,31,0.00012308533916849677
2026-07-22-primary-lambda1-N40,32,-0.020888949671772423
2026-07-22-primary-lambda1-N40,33,0.045323440919037214
2026-07-22-primary-lambda1-N40,34,-0.06712527352297594
2026-07-22-primary-lambda1-N40,35,0.026743708971553603
2026-07-22-primary-lambda1-N40,36,-0.015906728665207877
2026-07-22-primary-lambda1-N40,37,0.043060722100656465
2026-07-22-primary-lambda1-N40,38,0.022495897155361048
2026-07-22-primary-lambda1-N40,39,-0.049788703501094086
2026-07-22-hub-lambda0-N40,0,-0.015655771334792127
2026-07-22-hub-lambda0-N40,1,0.01287267505470461
2026-07-22-hub-lambda0-N40,2,0.01885872538293216
2026-07-22-hub-lambda0-N40,3,-0.002654540481400435
2026-07-22-hub-lambda0-N40,4,-0.013803336980306339
2026-07-22-hub-lambda0-N40,5,0.011985776805251643
2026-07-22-hub-lambda0-N40,6,0.022322893873085347
2026-07-22-hub-lambda0-N40,7,0.05561474288840263
2026-07-22-hub-lambda0-N40,8,-0.0314722374179431
2026-07-22-hub-lambda0-N40,9,0.02209176695842451
2026-07-22-hub-lambda0-N40,10,0.06314551422319474
2026-07-22-hub-lambda0-N40,11,-0.019384573304157562
2026-07-22-hub-lambda0-N40,12,-0.0019420131291028489
2026-07-22-hub-lambda0-N40,13,-0.017340672866520784
2026-07-22-hub-lambda0-N40,14,-0.0033827954048140023
2026-07-22-hub-lambda0-N40,15,0.011920815098468268
2026-07-22-hub-lambda0-N40,16,0.05541985776805251
2026-07-22-hub-lambda0-N40,17,0.004426969365426699
2026-07-22-hub-lambda0-N40,18,-0.07799234135667396
2026-07-22-hub-lambda0-N40,19,0.07870076586433261
2026-07-22-hub-lambda0-N40,20,0.0585004102844639
2026-07-22-hub-lambda0-N40,21,-0.08349835886214443
2026-07-22-hub-lambda0-N40,22,-0.03870213347921225
2026-07-22-hub-lambda0-N40,23,0.039647155361050325
2026-07-22-hub-lambda0-N40,24,0.07427242888402627
2026-07-22-hub-lambda0-N40,25,-0.01174986323851204
2026-07-22-hub-lambda0-N40,26,0.032248358862144416
2026-07-22-hub-lambda0-N40,27,0.04322210065645515
2026-07-22-hub-lambda0-N40,28,0.03259094638949672
2026-07-22-hub-lambda0-N40,29,-0.03078432713347922
2026-07-22-hub-lambda0-N40,30,-0.0005497811816192535
2026-07-22-hub-lambda0-N40,31,0.07568791028446391
2026-07-22-hub-lambda0-N40,32,-0.07928063457330417
2026-07-22-hub-lambda0-N40,33,0.053027899343544856
2026-07-22-hub-lambda0-N40,34,0.004344228665207875
2026-07-22-hub-lambda0-N40,35,-0.059320979212253815
2026-07-22-hub-lambda0-N40,36,-0.038354075492341363
2026-07-22-hub-lambda0-N40,37,0.0002639496717724259
2026-07-22-hub-lambda0-N40,38,-0.048224835886214436
2026-07-22-hub-lambda0-N40,39,-0.08901736870897155
2026-07-22-hub-lambda0.25-N40,0,0.07654472100656456
2026-07-22-hub-lambda0.25-N40,1,0.04171840809628009
2026-07-22-hub-lambda0.25-N40,2,-0.015891684901531727
2026-07-22-hub-lambda0.25-N40,3,-0.054782549234135676
2026-07-22-hub-lambda0.25-N40,4,0.025733041575492336
2026-07-22-hub-lambda0.25-N40,5,-0.07554225929978119
2026-07-22-hub-lambda0.25-N40,6,0.06621033916849015
2026-07-22-hub-lambda0.25-N40,7,0.01154061816192561
2026-07-22-hub-lambda0.25-N40,8,-0.008245350109409185
2026-07-22-hub-lambda0.25-N40,9,0.03790276258205689
2026-07-22-hub-lambda0.25-N40,10,-0.06681892778993435
2026-07-22-hub-lambda0.25-N40,11,0.05052242888402626
2026-07-22-hub-lambda0.25-N40,12,0.0023775984682713374
2026-07-22-hub-lambda0.25-N40,13,0.03870760393873085
2026-07-22-hub-lambda0.25-N40,14,-0.013065508752735223
2026-07-22-hub-lambda0.25-N40,15,-0.020236597374179443
2026-07-22-hub-lambda0.25-N40,16,-0.03372469912472648
2026-07-22-hub-lambda0.25-N40,17,-0.03109477571115973
2026-07-22-hub-lambda0.25-N40,18,-0.0269433807439825
2026-07-22-hub-lambda0.25-N40,19,-0.03408916849015317
2026-07-22-hub-lambda0.25-N40,20,0.02552995076586433
2026-07-22-hub-lambda0.25-N40,21,-0.033634436542669593
2026-07-22-hub-lambda0.25-N40,22,-0.030309080962800865
2026-07-22-hub-lambda0.25-N40,23,0.001917396061269152
2026-07-22-hub-lambda0.25-N40,24,-0.0016643873085339113
2026-07-22-hub-lambda0.25-N40,25,0.03759778446389496
2026-07-22-hub-lambda0.25-N40,26,-0.03568654266958425
2026-07-22-hub-lambda0.25-N40,27,0.03858383479212254
2026-07-22-hub-lambda0.25-N40,28,-0.004655361050328226
2026-07-22-hub-lambda0.25-N40,29,-0.01905087527352298
2026-07-22-hub-lambda0.25-N40,30,0.005804841356673956
2026-07-22-hub-lambda0.25-N40,31,-0.007590946389496705
2026-07-22-hub-lambda0.25-N40,32,-0.020214715536105026
2026-07-22-hub-lambda0.25-N40,33,-0.02156044857768052
2026-07-22-hub-lambda0.25-N40,34,0.01403446389496717
2026-07-22-hub-lambda0.25-N40,35,-0.02825013676148798
2026-07-22-hub-lambda0.25-N40,36,0.05750478665207877
2026-07-22-hub-lambda0.25-N40,37,0.030103938730853392
2026-07-22-hub-lambda0.25-N40,38,-0.05443859409190372
2026-07-22-hub-lambda0.25-N40,39,-0.03003145514223194
2026-07-22-hub-lambda0.5-N40,0,0.03355032822757111
2026-07-22-hub-lambda0.5-N40,1,-0.046137855579868714
2026-07-22-hub-lambda0.5-N40,2,-0.027032959518599572
2026-07-22-hub-lambda0.5-N40,3,0.018195432166301977
2026-07-22-hub-lambda0.5-N40,4,-0.02749384573304157
2026-07-22-hub-lambda0.5-N40,5,-0.010358998905908091
2026-07-22-hub-lambda0.5-N40,6,-0.008923687089715526
2026-07-22-hub-lambda0.5-N40,7,-0.07764428336980304
2026-07-22-hub-lambda0.5-N40,8,-0.06284327133479212
2026-07-22-hub-lambda0.5-N40,9,-0.018560585339168486
2026-07-22-hub-lambda0.5-N40,10,0.03255128555798687
2026-07-22-hub-lambda0.5-N40,11,0.00506632932166302
2026-07-22-hub-lambda0.5-N40,12,-0.031464031728665215
2026-07-22-hub-lambda0.5-N40,13,0.024608178336980313
2026-07-22-hub-lambda0.5-N40,14,-0.05709518599562362
2026-07-22-hub-lambda0.5-N40,15,-0.004729896061269135
2026-07-22-hub-lambda0.5-N40,16,-0.02100246170678337
2026-07-22-hub-lambda0.5-N40,17,-0.0321437363238512
2026-07-22-hub-lambda0.5-N40,18,-0.10690303610503282
2026-07-22-hub-lambda0.5-N40,19,0.022982768052516405
2026-07-22-hub-lambda0.5-N40,20,-0.03533780087527352
2026-07-22-hub-lambda0.5-N40,21,-0.012103391684901528
2026-07-22-hub-lambda0.5-N40,22,-0.008961980306345738
2026-07-22-hub-lambda0.5-N40,23,-0.0481304704595186
2026-07-22-hub-lambda0.5-N40,24,-0.024245076586433267
2026-07-22-hub-lambda0.5-N40,25,-0.008220733041575501
2026-07-22-hub-lambda0.5-N40,26,-0.06205552516411379
2026-07-22-hub-lambda0.5-N40,27,-0.026204184901531723
2026-07-22-hub-lambda0.5-N40,28,-0.039120623632385124
2026-07-22-hub-lambda0.5-N40,29,-0.021894146608315086
2026-07-22-hub-lambda0.5-N40,30,-0.05982289387308535
2026-07-22-hub-lambda0.5-N40,31,-0.06150847921225384
2026-07-22-hub-lambda0.5-N40,32,0.0328343818380744
2026-07-22-hub-lambda0.5-N40,33,-0.03200013676148797
2026-07-22-hub-lambda0.5-N40,34,0.017426832603938732
2026-07-22-hub-lambda0.5-N40,35,-0.056926285557986865
2026-07-22-hub-lambda0.5-N40,36,-0.02664318927789935
2026-07-22-hub-lambda0.5-N40,37,-0.025387035010940917
2026-07-22-hub-lambda0.5-N40,38,-0.04072688730853392
2026-07-22-hub-lambda0.5-N40,39,-0.05336364879649891
2026-07-22-hub-lambda0.75-N40,0,-0.021791575492341352
2026-07-22-hub-lambda0.75-N40,1,-0.023264496717724282
2026-07-22-hub-lambda0.75-N40,2,-0.06994392778993436
2026-07-22-hub-lambda0.75-N40,3,-0.011370350109409197
2026-07-22-hub-lambda0.75-N40,4,-0.006950218818380735
2026-07-22-hub-lambda0.75-N40,5,-0.03648522975929978
2026-07-22-hub-lambda0.75-N40,6,-0.028987964989059086
2026-07-22-hub-lambda0.75-N40,7,0.001252051422319475
2026-07-22-hub-lambda0.75-N40,8,-0.05651531728665208
2026-07-22-hub-lambda0.75-N40,9,-0.030381564551422324
2026-07-22-hub-lambda0.75-N40,10,-0.00856332056892779
2026-07-22-hub-lambda0.75-N40,11,-0.049862554704595184
2026-07-22-hub-lambda0.75-N40,12,-0.01736323851203501
2026-07-22-hub-lambda0.75-N40,13,0.0030785010940919083
2026-07-22-hub-lambda0.75-N40,14,-0.05217519146608315
2026-07-22-hub-lambda0.75-N40,15,-0.02818996170678337
2026-07-22-hub-lambda0.75-N40,16,-0.04800123085339169
2026-07-22-hub-lambda0.75-N40,17,-0.012305798687089722
2026-07-22-hub-lambda0.75-N40,18,-0.03168626914660832
2026-07-22-hub-lambda0.75-N40,19,-0.014233451859956234
2026-07-22-hub-lambda0.75-N40,20,0.008793079868708966
2026-07-22-hub-lambda0.75-N40,21,-0.06189141137855579
2026-07-22-hub-lambda0.75-N40,22,-0.045336433260393875
2026-07-22-hub-lambda0.75-N40,23,-0.016287609409190367
2026-07-22-hub-lambda0.75-N40,24,-0.011078364332603941
2026-07-22-hub-lambda0.75-N40,25,-0.053405361050328226
2026-07-22-hub-lambda0.75-N40,26,-0.08737281181619257
2026-07-22-hub-lambda0.75-N40,27,-0.03435927242888402
2026-07-22-hub-lambda0.75-N40,28,-0.02237417943107221
2026-07-22-hub-lambda0.75-N40,29,0.007227160831509854
2026-07-22-hub-lambda0.75-N40,30,-0.024995213347921232
2026-07-22-hub-lambda0.75-N40,31,-0.04532412472647702
2026-07-22-hub-lambda0.75-N40,32,-0.02004444748358862
2026-07-22-hub-lambda0.75-N40,33,0.028770514223194762
2026-07-22-hub-lambda0.75-N40,34,-0.00482084245076586
2026-07-22-hub-lambda0.75-N40,35,-0.038339715536105025
2026-07-22-hub-lambda0.75-N40,36,-0.06138676148796499
2026-07-22-hub-lambda0.75-N40,37,-0.014281318380743977
2026-07-22-hub-lambda0.75-N40,38,0.01705826039387309
2026-07-22-hub-lambda0.75-N40,39,-0.009574671772428885
2026-07-22-hub-lambda1-N40,0,-0.016137171772428887
2026-07-22-hub-lambda1-N40,1,-0.025318654266958424
2026-07-22-hub-lambda1-N40,2,-0.04054772975929978
2026-07-22-hub-lambda1-N40,3,-0.016635667396061277
2026-07-22-hub-lambda1-N40,4,-0.02622743435448578
2026-07-22-hub-lambda1-N40,5,0.009372264770240703
2026-07-22-hub-lambda1-N40,6,-0.012759846827133483
2026-07-22-hub-lambda1-N40,7,-0.07370350109409192
2026-07-22-hub-lambda1-N40,8,-0.04814961706783369
2026-07-22-hub-lambda1-N40,9,-0.04104007111597374
2026-07-22-hub-lambda1-N40,10,-0.02048823851203501
2026-07-22-hub-lambda1-N40,11,-0.028686405908096273
2026-07-22-hub-lambda1-N40,12,-0.006541301969365421
2026-07-22-hub-lambda1-N40,13,-0.07704526805251641
2026-07-22-hub-lambda1-N40,14,0.01210407549234137
2026-07-22-hub-lambda1-N40,15,-0.044256017505470466
2026-07-22-hub-lambda1-N40,16,-0.02045951859956236
2026-07-22-hub-lambda1-N40,17,-0.008866931072210071
2026-07-22-hub-lambda1-N40,18,-0.030487554704595188
2026-07-22-hub-lambda1-N40,19,-0.06122743435448577
2026-07-22-hub-lambda1-N40,20,-0.0028836159737417916
2026-07-22-hub-lambda1-N40,21,-0.027796772428884033
2026-07-22-hub-lambda1-N40,22,-0.04216561816192559
2026-07-22-hub-lambda1-N40,23,-0.06342245623632385
2026-07-22-hub-lambda1-N40,24,-0.02661652078774618
2026-07-22-hub-lambda1-N40,25,-0.020575765864332612
2026-07-22-hub-lambda1-N40,26,-0.04595596280087527
2026-07-22-hub-lambda1-N40,27,0.016576859956236322
2026-07-22-hub-lambda1-N40,28,-0.03849835886214442
2026-07-22-hub-lambda1-N40,29,-0.05908369803063456
2026-07-22-hub-lambda1-N40,30,-0.010419173960612689
2026-07-22-hub-lambda1-N40,31,-0.04083561269146608
2026-07-22-hub-lambda1-N40,32,-0.011671909190371985
2026-07-22-hub-lambda1-N40,33,-0.04791712253829322
2026-07-22-hub-lambda1-N40,34,0.002112281181619255
2026-07-22-hub-lambda1-N40,35,-0.011509846827133487
2026-07-22-hub-lambda1-N40,36,-0.06080962800875274
2026-07-22-hub-lambda1-N40,37,-0.08082945842450766
2026-07-22-hub-lambda1-N40,38,-0.033073714442013125
2026-07-22-hub-lambda1-N40,39,-0.06454048140043764
