cell_id,snapshot,snapshot_sha256,date,mode,demand_kind,scale,seed,node_count,channel_count,route_count,multi_channel_route_count,repetitions,mean_correlated,mean_proxy,mean_difference,relative_mean_difference,normalized_mean_difference,paired_standard_error,simultaneous_critical,normalized_ci_low,normalized_ci_high,normalized_ci_halfwidth,correlated_q10,correlated_median,correlated_q90,proxy_q10,proxy_median,proxy_q90,maximum_stopping_time,block_size,block_count,block_mean_difference,block_standard_error,block_simultaneous_critical,block_ci_low,block_ci_high,block_ci_halfwidth,censored_count,runtime_seconds,raw_file,raw_sha256
2020-10-14-primary-uniform-N10,20201014.gml.geo,900dbdce07298a65bafcc793bb18efbcd4bd43875a412c4195213dda41bce802,2020-10-14,primary,uniform,10,202607230000,31,42,978,894,20000,256.9442,255.44695,1.49725,0.005861295270896755,0.0149725,0.853963935035896,3.2795060748047757,-0.013033299126144114,0.042978299126144114,0.028005799126144114,155.0,248.0,369.1000000000022,155.0,245.0,368.0,749,500,40,0.0149725,0.009332654792756948,3.5438667634871557,-0.01810118513515046,0.04804618513515046,0.03307368513515046,0,3.7327273000000787,raw/01-2020-10-14-primary-uniform-N10.npz,6fcda3f967ff09fa7cb532ccc3be06badce022170440cdea9e9d07563be7a0c9
2020-10-14-primary-uniform-N20,20201014.gml.geo,900dbdce07298a65bafcc793bb18efbcd4bd43875a412c4195213dda41bce802,2020-10-14,primary,uniform,20,202607230001,31,42,978,894,20000,1044.3988,1040.3438,4.055,0.0038977499553512975,0.010137499999999999,3.3759953548519284,3.2795060748047757,-0.017541493186874008,0.03781649318687401,0.02767899318687401,646.0,1005.0,1496.0,641.0,1002.0,1483.0,3259,500,40,0.0101375,0.007874703944373937,3.5438667634871557,-0.017769401580768004,0.03804440158076801,0.027906901580768004,0,14.358402999999726,raw/02-2020-10-14-primary-uniform-N20.npz,6880240245952a519576801d72674cb241d0cc51bbed2b96fbca680f4aed48de
2020-10-14-primary-uniform-N40,20201014.gml.geo,900dbdce07298a65bafcc793bb18efbcd4bd43875a412c4195213dda41bce802,2020-10-14,primary,uniform,40,202607230002,31,42,978,894,20000,4194.6378,4193.72225,0.91555,0.0002183144103069773,0.00057221875,13.422982755677399,3.2795060748047757,-0.026940752180777364,0.02808518968077736,0.027512970930777363,2614.0,4027.5,5988.100000000002,2623.0,4041.0,5950.100000000002,12845,500,40,0.0005722187500000004,0.006894933974607568,3.5438667634871557,-0.023862508599050154,0.025006946099050152,0.024434727349050153,0,58.44621550000011,raw/03-2020-10-14-primary-uniform-N40.npz,f9bb0276b5ea51e547a6be49e313c4e623cbcf3aebfebb0eada10e8b29a72f73
2020-10-14-primary-uniform-N80,20201014.gml.geo,900dbdce07298a65bafcc793bb18efbcd4bd43875a412c4195213dda41bce802,2020-10-14,primary,uniform,80,202607230003,31,42,978,894,20000,16835.9772,16703.53835,132.43885,0.007928790129667348,0.0206935703125,53.252305662440115,3.2795060748047757,-0.006594126549583301,0.0479812671745833,0.0272876968620833,10444.0,16173.5,24044.100000000024,10504.7,16059.0,23788.300000000007,52134,500,40,0.0206935703125,0.009237956904494185,3.5438667634871557,-0.012044518123863632,0.05343165874886363,0.03273808843636363,0,231.09316509999962,raw/04-2020-10-14-primary-uniform-N80.npz,ef862b5dd9f15a32c7760abe0181d4875d06bd34310e1973539b2e2035515024
2020-10-14-primary-hotspot-N10,20201014.gml.geo,900dbdce07298a65bafcc793bb18efbcd4bd43875a412c4195213dda41bce802,2020-10-14,primary,hotspot,10,202607230010,31,42,978,894,20000,250.95745,252.7545,-1.79705,-0.007109863523695918,-0.0179705,0.7984724171660056,3.2795060748047757,-0.044156451426599685,0.008215451426599681,0.02618595142659968,156.0,243.0,357.0,157.0,244.5,359.0,697,500,40,-0.017970499999999997,0.009332030476488092,3.5438667634871557,-0.05104197264147535,0.01510097264147536,0.03307147264147536,0,3.5348810000000412,raw/05-2020-10-14-primary-hotspot-N10.npz,bf8b8594ed5d714f30ce6049af9cc465c7c360b47549cc4c82ebf3db12d06794
2020-10-14-primary-hotspot-N20,20201014.gml.geo,900dbdce07298a65bafcc793bb18efbcd4bd43875a412c4195213dda41bce802,2020-10-14,primary,hotspot,20,202607230011,31,42,978,894,20000,903.01845,904.65955,-1.6411,-0.0018140525902810621,-0.00410275,2.5010539334605326,3.2795060748047757,-0.024608303920495487,0.01640280392049549,0.020505553920495488,600.0,884.0,1230.0,597.0,883.0,1235.0,2307,500,40,-0.0041027500000000005,0.006551899624101004,3.5438667634871557,-0.027321809315555536,0.019116309315555538,0.023219059315555537,0,12.3561337000001,raw/06-2020-10-14-primary-hotspot-N20.npz,be1f0f4821c380f67302d6e18f608f7928d02fcf19aacaf4b9cd344c8cd76fe6
2020-10-14-primary-hotspot-N40,20201014.gml.geo,900dbdce07298a65bafcc793bb18efbcd4bd43875a412c4195213dda41bce802,2020-10-14,primary,hotspot,40,202607230012,31,42,978,894,20000,2803.8047,2806.4878,-2.6831,-0.0009560347990823264,-0.0016769375,6.450396315293403,3.2795060748047757,-0.014898258688064412,0.011544383688064413,0.013221321188064412,2000.0,2766.5,3654.0,2005.0,2766.5,3667.0,5805,500,40,-0.0016769375,0.005143758954285053,3.5438667634871557,-0.019905733897480245,0.016551858897480246,0.018228796397480245,0,37.326271200000065,raw/07-2020-10-14-primary-hotspot-N40.npz,aa96ce79a7e80955644bbbd75486d3d11559e5a82aca41286d7a5ee03d11436f
2020-10-14-primary-hotspot-N80,20201014.gml.geo,900dbdce07298a65bafcc793bb18efbcd4bd43875a412c4195213dda41bce802,2020-10-14,primary,hotspot,80,202607230013,31,42,978,894,20000,7573.44495,7554.36565,19.0793,0.002525599220895536,0.002981140625,14.157326106108428,3.2795060748047757,-0.004273396401246067,0.010235677651246066,0.007254537026246067,5759.0,7551.0,9424.100000000002,5754.8,7514.0,9406.100000000002,13691,500,40,0.0029811406250000003,0.002527221045240634,3.5438667634871557,-0.0059749940412135525,0.011937275291213552,0.008956134666213552,0,99.79322049999973,raw/08-2020-10-14-primary-hotspot-N80.npz,c27d6f473b757a206e913815a89301bde08c4532083aa6efa93ebc77d94e864e
2020-10-14-hub-uniform-N10,20201014.gml.geo,900dbdce07298a65bafcc793bb18efbcd4bd43875a412c4195213dda41bce802,2020-10-14,hub,uniform,10,202607230100,31,33,936,870,20000,247.67555,247.4935,0.18205,0.0007355748736835512,0.0018204999999999999,0.814507425691872,3.2795060748047757,-0.024891320505300935,0.028532320505300933,0.026711820505300934,151.0,239.0,355.0,152.0,238.0,356.0,815,500,40,0.0018205000000000014,0.007683196533211207,3.5438667634871557,-0.02540772483138693,0.029048724831386936,0.027228224831386934,0,3.052506099999846,raw/09-2020-10-14-hub-uniform-N10.npz,db2d3f2295f8c0eb1c202b3b2a6e4b0aa1cf705fef14f3f91e4c4817f84f2d4d
2020-10-14-hub-uniform-N20,20201014.gml.geo,900dbdce07298a65bafcc793bb18efbcd4bd43875a412c4195213dda41bce802,2020-10-14,hub,uniform,20,202607230101,31,33,936,870,20000,1012.1447,1011.72615,0.41855,0.00041369890458994266,0.001046375,3.20919158182015,3.2795060748047757,-0.025265033219478827,0.027357783219478824,0.026311408219478825,632.0,975.0,1443.0,632.0,977.0,1437.0,3281,500,40,0.0010463750000000004,0.009297950987378989,3.5438667634871557,-0.03190432447270498,0.03399707447270498,0.03295069947270498,0,11.658190000000104,raw/10-2020-10-14-hub-uniform-N20.npz,aec16ab08982b96bb9a0d104d50c0eb4436c29670021b1c451bf2f96f0df78d4
2020-10-14-hub-uniform-N40,20201014.gml.geo,900dbdce07298a65bafcc793bb18efbcd4bd43875a412c4195213dda41bce802,2020-10-14,hub,uniform,40,202607230102,31,33,936,870,20000,4061.7875,4052.8546,8.9329,0.00220410078367973,0.0055830625,12.759172912048394,3.2795060748047757,-0.02056930317159203,0.03173542817159203,0.02615236567159203,2536.8,3916.0,5783.100000000002,2556.9,3912.0,5732.0,11907,500,40,0.005583062500000001,0.009164504831467414,3.5438667634871557,-0.026894721576054825,0.038060846576054824,0.032477784076054825,0,45.88889670000026,raw/11-2020-10-14-hub-uniform-N40.npz,fe30616ac008e0884e54d79a5d55c19ee2b68b4fd53da6457778f5c333d5767a
2020-10-14-hub-uniform-N80,20201014.gml.geo,900dbdce07298a65bafcc793bb18efbcd4bd43875a412c4195213dda41bce802,2020-10-14,hub,uniform,80,202607230103,31,33,936,870,20000,16333.5211,16243.4519,90.0692,0.005544954394822938,0.014073312499999999,51.10665825121467,3.2795060748047757,-0.012114905655910958,0.040261530655910954,0.026188218155910957,10195.7,15742.5,23176.0,10236.0,15643.5,22952.300000000007,52771,500,40,0.0140733125,0.008935611226520064,3.5438667634871557,-0.017593303137107153,0.04573992813710716,0.031666615637107154,0,183.76566890000004,raw/12-2020-10-14-hub-uniform-N80.npz,d211fd67962d6ccb5deeea7e1364f249013a49043ea5c2d14ee953a78bab3cc0
2020-10-14-hub-hotspot-N10,20201014.gml.geo,900dbdce07298a65bafcc793bb18efbcd4bd43875a412c4195213dda41bce802,2020-10-14,hub,hotspot,10,202607230110,31,33,936,870,20000,247.9278,249.74805,-1.82025,-0.007288345194286802,-0.0182025,0.797677279010094,3.2795060748047757,-0.044362374822473474,0.007957374822473474,0.026159874822473474,153.0,240.0,352.0,153.0,241.0,358.0,945,500,40,-0.0182025,0.007959974429397788,3.5438667634871557,-0.04641158881855045,0.010006588818550457,0.028209088818550457,0,2.8427851999999803,raw/13-2020-10-14-hub-hotspot-N10.npz,93e3c7a05946a36c0dd65d829442bc582d6aad8d7977c35cb5912459fac72469
2020-10-14-hub-hotspot-N20,20201014.gml.geo,900dbdce07298a65bafcc793bb18efbcd4bd43875a412c4195213dda41bce802,2020-10-14,hub,hotspot,20,202607230111,31,33,936,870,20000,923.8638,930.12555,-6.26175,-0.006732155675112893,-0.015654375,2.6456492340898796,3.2795060748047757,-0.0373454318375009,0.0060366818375009006,0.021691056837500902,602.0,903.0,1271.0,604.0,906.0,1285.0,2422,500,40,-0.015654375,0.008563695836740976,3.5438667634871557,-0.04600297204843967,0.014694222048439672,0.030348597048439674,0,10.226276300000336,raw/14-2020-10-14-hub-hotspot-N20.npz,8aa16930fc9f568ffcc03fc965c4d8466404962c9136dbddb2eab68bfbf7753b
2020-10-14-hub-hotspot-N40,20201014.gml.geo,900dbdce07298a65bafcc793bb18efbcd4bd43875a412c4195213dda41bce802,2020-10-14,hub,hotspot,40,202607230112,31,33,936,870,20000,3015.1568,3061.2341,-46.0773,-0.015051870747160434,-0.0287983125,7.35454372866926,3.2795060748047757,-0.043872856772242626,-0.013723768227757373,0.015074544272242626,2116.9,2981.5,3954.0,2123.0,3001.0,4067.100000000002,6502,500,40,-0.0287983125,0.004599833574746436,3.5438667634871557,-0.04509950982311621,-0.012497115176883792,0.016301197323116207,0,33.35870879999993,raw/15-2020-10-14-hub-hotspot-N40.npz,20beef76794f43eada41724721199969f8f95d44805dca13678c9a9845bde721
2020-10-14-hub-hotspot-N80,20201014.gml.geo,900dbdce07298a65bafcc793bb18efbcd4bd43875a412c4195213dda41bce802,2020-10-14,hub,hotspot,80,202607230113,31,33,936,870,20000,8738.3011,8800.6902,-62.3891,-0.007089114442410438,-0.009748296875,16.917725518872096,3.2795060748047757,-0.018417325564222,-0.0010792681857779967,0.008669028689222003,6623.9,8696.5,10911.100000000002,6594.0,8736.0,11076.0,16495,500,40,-0.009748296874999998,0.002837306234536274,3.5438667634871557,-0.01980333213740799,0.0003067383874079954,0.010055035262407993,0,94.63600720000022,raw/16-2020-10-14-hub-hotspot-N80.npz,5e98dbc880155c8cb8f8e0342c24152716c79a57967d1799f88fd9da6511807b
2022-05-31-primary-uniform-N10,20220531.gml.geo,1aee99d82a6f60791f17e4176d76d3cfa20cd5931397f46d627a89b6e646e7a4,2022-05-31,primary,uniform,10,202607231000,31,30,930,870,20000,234.8258,234.55115,0.27465,0.0011709599377363958,0.0027465000000000002,0.7998422145944083,3.2795060748047757,-0.023484374016476673,0.02897737401647667,0.026230874016476672,139.0,226.0,341.0,139.0,226.0,339.0,739,500,40,0.0027465000000000024,0.006697281055178383,3.5438667634871557,-0.020987771737178855,0.02648077173717886,0.023734271737178857,0,2.4993890000000647,raw/17-2022-05-31-primary-uniform-N10.npz,c2dba2819d34dd9c67e1e3e49f4eb6245768d6c5aff6ae92a2ee8761eea61663
2022-05-31-primary-uniform-N20,20220531.gml.geo,1aee99d82a6f60791f17e4176d76d3cfa20cd5931397f46d627a89b6e646e7a4,2022-05-31,primary,uniform,20,202607231001,31,30,930,870,20000,958.41395,953.1019,5.31205,0.0055734334387540305,0.013280125,3.150601639095982,3.2795060748047757,-0.012550918036762889,0.039111168036762886,0.02583104303676289,577.0,922.0,1385.0,581.0,919.0,1370.0,3116,500,40,0.013280125000000004,0.009606922329770362,3.5438667634871557,-0.02076552774387578,0.04732577774387579,0.03404565274387578,0,10.09106950000023,raw/18-2022-05-31-primary-uniform-N20.npz,9ecf2abb422b8308c45e96194a547b4009c6860afa6eb9dd6d0619301d954954
2022-05-31-primary-uniform-N40,20220531.gml.geo,1aee99d82a6f60791f17e4176d76d3cfa20cd5931397f46d627a89b6e646e7a4,2022-05-31,primary,uniform,40,202607231002,31,30,930,870,20000,3853.096,3820.5738,32.5222,0.008512386280825146,0.020326374999999997,12.591140337598818,3.2795060748047757,-0.00548157576617174,0.046134325766171734,0.025807950766171737,2335.9,3712.0,5547.0,2318.0,3688.0,5470.100000000002,11133,500,40,0.020326374999999997,0.006564858106824577,3.5438667634871557,-0.002938607451784831,0.04359135745178483,0.02326498245178483,0,40.295765200000005,raw/19-2022-05-31-primary-uniform-N40.npz,95f4da06f7329f2397b90f69f8e8f57017ffab1250ce517b4a0a90014b277335
2022-05-31-primary-uniform-N80,20220531.gml.geo,1aee99d82a6f60791f17e4176d76d3cfa20cd5931397f46d627a89b6e646e7a4,2022-05-31,primary,uniform,80,202607231003,31,30,930,870,20000,15453.52525,15313.2218,140.30345,0.009162242396306178,0.0219224140625,50.54391349176435,3.2795060748047757,-0.003977440834476292,0.04782226895947629,0.025899854896976292,9363.9,14914.0,22212.100000000002,9380.9,14748.0,22058.300000000007,49714,500,40,0.0219224140625,0.007637862901953195,3.5438667634871557,-0.005145154419803483,0.04898998254480348,0.027067568482303482,0,163.13182030000053,raw/20-2022-05-31-primary-uniform-N80.npz,399dec3e1fa69653fe632f077e79814606c3f4f76f6bfaaa626283e12a1f64cf
2022-05-31-primary-hotspot-N10,20220531.gml.geo,1aee99d82a6f60791f17e4176d76d3cfa20cd5931397f46d627a89b6e646e7a4,2022-05-31,primary,hotspot,10,202607231010,31,30,930,870,20000,236.67775,237.4117,-0.73395,-0.0030914651636798018,-0.0073395,0.7903349004267852,3.2795060748047757,-0.033258581070798696,0.018579581070798698,0.025919081070798697,142.0,229.0,342.0,143.0,229.0,341.0,699,500,40,-0.007339499999999999,0.0074612568023432095,3.5438667634871557,-0.033781199995666554,0.019102199995666556,0.026441699995666555,0,2.663181999999324,raw/21-2022-05-31-primary-hotspot-N10.npz,405f2b626d77eaa801dc475f191b0c6a43a3fb556c4558fe7113edca1e94aa8a
2022-05-31-primary-hotspot-N20,20220531.gml.geo,1aee99d82a6f60791f17e4176d76d3cfa20cd5931397f46d627a89b6e646e7a4,2022-05-31,primary,hotspot,20,202607231011,31,30,930,870,20000,893.0899,901.82795,-8.73805,-0.00968926500891883,-0.021845125,2.6795897888821916,3.2795060748047757,-0.04381445247655998,0.0001242024765599828,0.021969327476559983,568.0,873.0,1246.0,568.0,877.0,1262.0,2402,500,40,-0.021845125,0.007313860718209541,3.5438667634871557,-0.04776447291203709,0.004074222912037087,0.025919347912037087,0,9.454748300000574,raw/22-2022-05-31-primary-hotspot-N20.npz,e35169f2780e96372af1dc9294e2137a121a2ffd2f3ac9aaad03d046cf79c0fe
2022-05-31-primary-hotspot-N40,20220531.gml.geo,1aee99d82a6f60791f17e4176d76d3cfa20cd5931397f46d627a89b6e646e7a4,2022-05-31,primary,hotspot,40,202607231012,31,30,930,870,20000,3007.1565,3058.86025,-51.70375,-0.016902946121843912,-0.03231484375,7.800414140116841,3.2795060748047757,-0.048303284724066406,-0.016326402775933595,0.015988440974066407,2057.0,2980.0,3988.0,2065.0,3006.0,4124.0,7373,500,40,-0.03231484375,0.004374897950775826,3.5438667634871557,-0.04781889919140252,-0.016810788308597488,0.015504055441402516,0,31.74612739999975,raw/23-2022-05-31-primary-hotspot-N40.npz,838327489c23c2aec0a4ddae005d1f42c8bf416981c869a55a5f2aefeefc29a8
2022-05-31-primary-hotspot-N80,20220531.gml.geo,1aee99d82a6f60791f17e4176d76d3cfa20cd5931397f46d627a89b6e646e7a4,2022-05-31,primary,hotspot,80,202607231013,31,30,930,870,20000,8986.0614,9079.8581,-93.7967,-0.010330194477378452,-0.014655734375,18.571811730227147,3.2795060748047757,-0.024172354592095394,-0.005139114157904606,0.009516620217095394,6685.9,8985.0,11296.200000000004,6650.0,9020.0,11565.0,16815,500,40,-0.014655734374999998,0.002796797396537224,3.5438667634871557,-0.024567211712795675,-0.004744257037204323,0.009911477337795675,0,91.38660570000047,raw/24-2022-05-31-primary-hotspot-N80.npz,cfc3edc23357601dd596615afca385f0336811615e91880d770ddcad6c621909
2022-05-31-hub-uniform-N10,20220531.gml.geo,1aee99d82a6f60791f17e4176d76d3cfa20cd5931397f46d627a89b6e646e7a4,2022-05-31,hub,uniform,10,202607231100,31,36,948,876,20000,251.57205,250.91425,0.6578,0.002621612762128895,0.0065780000000000005,0.8321468430369838,3.2795060748047757,-0.020712306268694046,0.03386830626869405,0.027290306268694046,153.0,242.0,362.0,152.0,241.0,361.0,794,500,40,0.0065780000000000005,0.008786519097239464,3.5438667634871557,-0.024560252995452104,0.0377162529954521,0.031138252995452104,0,3.0991723999995884,raw/25-2022-05-31-hub-uniform-N10.npz,d91ff291a4c29de3b9b53c1ef963d80be2bd12ab9c4d734addf7d3579a536e9a
2022-05-31-hub-uniform-N20,20220531.gml.geo,1aee99d82a6f60791f17e4176d76d3cfa20cd5931397f46d627a89b6e646e7a4,2022-05-31,hub,uniform,20,202607231101,31,36,948,876,20000,1020.446,1022.2265,-1.7805,-0.0017417861892643166,-0.00445125,3.2620661236028368,3.2795060748047757,-0.031196164171925923,0.022293664171925923,0.026744914171925923,633.0,980.0,1449.0,636.0,985.5,1449.0,3410,500,40,-0.004451250000000002,0.009152807802257407,3.5438667634871557,-0.03688758136300595,0.02798508136300594,0.032436331363005944,0,12.403726600000482,raw/26-2022-05-31-hub-uniform-N20.npz,083280bc53d8e9c60c0b563e57d95cb03cac3130fba9fa673c9c66060e244def
2022-05-31-hub-uniform-N40,20220531.gml.geo,1aee99d82a6f60791f17e4176d76d3cfa20cd5931397f46d627a89b6e646e7a4,2022-05-31,hub,uniform,40,202607231102,31,36,948,876,20000,4102.3343,4098.55345,3.78085,0.000922484004691948,0.00236303125,13.038812109131134,3.2795060748047757,-0.024362508450083514,0.029088570950083516,0.026725539700083515,2569.0,3943.0,5831.100000000002,2554.9,3959.0,5811.0,12701,500,40,0.002363031250000001,0.007943009981353239,3.5438667634871557,-0.025785937824964474,0.030512000324964476,0.028148969074964475,0,49.527584899999965,raw/27-2022-05-31-hub-uniform-N40.npz,2a23f29b4e705043d4a154d6088cee275355e3b7ddfb794937934cbce8025b17
2022-05-31-hub-uniform-N80,20220531.gml.geo,1aee99d82a6f60791f17e4176d76d3cfa20cd5931397f46d627a89b6e646e7a4,2022-05-31,hub,uniform,80,202607231103,31,36,948,876,20000,16451.6266,16502.5759,-50.9493,-0.003087354380839418,-0.007960828125,51.934052073757115,3.2795060748047757,-0.034573021760174065,0.018651365510174066,0.026612193635174065,10348.0,15837.5,23301.0,10390.0,15929.0,23343.200000000004,53729,500,40,-0.007960828124999998,0.0075382414975655775,3.5438667634871557,-0.03467535162336229,0.018753695373362293,0.026714523498362293,0,200.10127699999975,raw/28-2022-05-31-hub-uniform-N80.npz,f4c36924c887e1fa7fed572f1277e82e4f38299512afcc7504505a6ea408afbc
2022-05-31-hub-hotspot-N10,20220531.gml.geo,1aee99d82a6f60791f17e4176d76d3cfa20cd5931397f46d627a89b6e646e7a4,2022-05-31,hub,hotspot,10,202607231110,31,36,948,876,20000,251.31425,251.94795,-0.6337,-0.0025152020486771177,-0.006337000000000001,0.7973099656812077,3.2795060748047757,-0.03248482875953908,0.01981082875953908,0.02614782875953908,157.0,243.0,358.0,155.0,244.0,359.0,758,500,40,-0.006336999999999995,0.007016853102462561,3.5438667634871557,-0.0312037924940888,0.018529792494088808,0.024866792494088803,0,3.0620836999996754,raw/29-2022-05-31-hub-hotspot-N10.npz,26cde68a6b7a8cd160b5e8099d033489ea533f6b9acb818b4e4d1d1314e2a14c
2022-05-31-hub-hotspot-N20,20220531.gml.geo,1aee99d82a6f60791f17e4176d76d3cfa20cd5931397f46d627a89b6e646e7a4,2022-05-31,hub,hotspot,20,202607231111,31,36,948,876,20000,921.2956,930.329,-9.0334,-0.009709898326291022,-0.0225835,2.6331173472844367,3.2795060748047757,-0.04417181084023287,-0.0009951891597671306,0.02158831084023287,607.0,898.0,1269.0,609.0,905.0,1284.0,2638,500,40,-0.0225835,0.007340834380193841,3.5438667634871557,-0.04859843897623278,0.0034314389762327875,0.026014938976232787,0,11.084711200000129,raw/30-2022-05-31-hub-hotspot-N20.npz,dc667cd6336ed9b611879068443648b433233ea6ec0eb1710a1ff39f83fc7f5e
2022-05-31-hub-hotspot-N40,20220531.gml.geo,1aee99d82a6f60791f17e4176d76d3cfa20cd5931397f46d627a89b6e646e7a4,2022-05-31,hub,hotspot,40,202607231112,31,36,948,876,20000,2959.7945,2989.5494,-29.7549,-0.009952971508013884,-0.0185968125,7.145401682170112,3.2795060748047757,-0.03324268013974822,-0.003950944860251784,0.014645867639748216,2089.9,2921.0,3886.100000000002,2094.0,2943.0,3944.0,6540,500,40,-0.018596812499999997,0.0042358351716352246,3.5438667634871557,-0.03360804798036798,-0.0035855770196320125,0.015011235480367984,0,34.993553399999655,raw/31-2022-05-31-hub-hotspot-N40.npz,8406820c712bc50bcb4dfa76cd7850ab8803cde75b529fa092a25aa78479f215
2022-05-31-hub-hotspot-N80,20220531.gml.geo,1aee99d82a6f60791f17e4176d76d3cfa20cd5931397f46d627a89b6e646e7a4,2022-05-31,hub,hotspot,80,202607231113,31,36,948,876,20000,8377.9731,8420.93815,-42.96505,-0.005102169049893805,-0.0067132890625,16.187815212668223,3.2795060748047757,-0.015008295051212907,0.0015817169262129062,0.008295005988712906,6337.9,8343.0,10436.0,6333.9,8366.0,10564.100000000002,15776,500,40,-0.0067132890625,0.0026389602768698644,3.5438667634871557,-0.016065412677861976,0.0026388345528619754,0.009352123615361975,0,97.49563379999927,raw/32-2022-05-31-hub-hotspot-N80.npz,cf462c11a259995ff2ec315d07cdab72d48850e9d5ce658963934ca31a14d803
2023-07-16-primary-uniform-N10,20230716.gml.geo,ee1b054a6ba2cb0ea3184f9f68f5cca7d8e70d17ff2d9e44e5e8871be8a8b855,2023-07-16,primary,uniform,10,202607232000,31,30,930,870,20000,245.90935,246.396,-0.48665,-0.0019750726472832353,-0.0048665,0.8083214399398226,3.2795060748047757,-0.03137545072677592,0.02164245072677592,0.02650895072677592,150.0,237.0,353.0,151.0,237.0,354.0,698,500,40,-0.0048664999999999976,0.008126058412719114,3.5438667634871557,-0.03366416832699046,0.023931168326990465,0.02879766832699046,0,2.608243399999992,raw/33-2023-07-16-primary-uniform-N10.npz,cfb2baa3a132ed98670ff9331ee4ef82031644fdc91f20e4fad098501545eb6d
2023-07-16-primary-uniform-N20,20230716.gml.geo,ee1b054a6ba2cb0ea3184f9f68f5cca7d8e70d17ff2d9e44e5e8871be8a8b855,2023-07-16,primary,uniform,20,202607232001,31,30,930,870,20000,997.01375,998.64905,-1.6353,-0.0016375121971026758,-0.00408825,3.1611397596317214,3.2795060748047757,-0.030005692612547846,0.02182919261254785,0.025917442612547848,621.0,963.0,1415.0,622.0,962.0,1424.0,2806,500,40,-0.0040882500000000025,0.008623230419639284,3.5438667634871557,-0.03464782967805106,0.026471329678051055,0.030559579678051056,0,10.43714319999981,raw/34-2023-07-16-primary-uniform-N20.npz,9747bbf781c87f18a39ccf5275509d1fc71b9a3c4028a3008bf549ac401747a3
2023-07-16-primary-uniform-N40,20230716.gml.geo,ee1b054a6ba2cb0ea3184f9f68f5cca7d8e70d17ff2d9e44e5e8871be8a8b855,2023-07-16,primary,uniform,40,202607232002,31,30,930,870,20000,4027.1676,4026.35425,0.81335,0.00020200656710720374,0.00050834375,12.68251126296309,3.2795060748047757,-0.02548688920666715,0.026503576706667153,0.025995232956667152,2519.0,3881.0,5704.0,2538.0,3873.0,5705.0,11891,500,40,0.0005083437499999996,0.006998653249480598,3.5438667634871557,-0.02429395089000567,0.025310638390005673,0.024802294640005672,0,41.87889540000015,raw/35-2023-07-16-primary-uniform-N40.npz,8927238321a61e8f5816f8aa29d2385409dc2367037aac8a4bb79839d7d7fe13
2023-07-16-primary-uniform-N80,20230716.gml.geo,ee1b054a6ba2cb0ea3184f9f68f5cca7d8e70d17ff2d9e44e5e8871be8a8b855,2023-07-16,primary,uniform,80,202607232003,31,30,930,870,20000,16092.84735,16140.8503,-48.00295,-0.002974003792105054,-0.0075004609375,51.05407857624137,3.2795060748047757,-0.03366173606786624,0.01866081419286624,0.02616127513036624,10102.7,15495.0,22840.200000000004,10143.0,15513.5,22859.200000000004,53518,500,40,-0.007500460937499997,0.0076508342689222625,3.5438667634871557,-0.03461399821608215,0.01961307634108216,0.027113537278582157,0,168.16652460000023,raw/36-2023-07-16-primary-uniform-N80.npz,d8d53d87cf61e40c48eaaa56f9da034498bedb18532a4da69547db61b1f684fe
2023-07-16-primary-hotspot-N10,20230716.gml.geo,ee1b054a6ba2cb0ea3184f9f68f5cca7d8e70d17ff2d9e44e5e8871be8a8b855,2023-07-16,primary,hotspot,10,202607232010,31,30,930,870,20000,248.1719,249.33335,-1.16145,-0.00465822161375524,-0.011614500000000002,0.7899017954386462,3.2795060748047757,-0.037519377366402394,0.014290377366402393,0.025904877366402394,154.0,241.0,352.0,153.0,241.0,356.0,731,500,40,-0.0116145,0.008912738190077827,3.5438667634871557,-0.04320005664347948,0.01997105664347948,0.03158555664347948,0,2.6058276999992813,raw/37-2023-07-16-primary-hotspot-N10.npz,89eed13c45ec308ca6adc3889eb66a7c867e125badd24222ef1d98741509d996
2023-07-16-primary-hotspot-N20,20230716.gml.geo,ee1b054a6ba2cb0ea3184f9f68f5cca7d8e70d17ff2d9e44e5e8871be8a8b855,2023-07-16,primary,hotspot,20,202607232011,31,30,930,870,20000,926.7563,942.14765,-15.39135,-0.016336452147388998,-0.038478374999999995,2.682696210476833,3.2795060748047757,-0.06047317129778631,-0.016483578702213682,0.021994796297786313,610.0,909.0,1271.1000000000022,607.9000000000001,914.0,1307.1000000000022,2460,500,40,-0.038478374999999995,0.0064631119816059845,3.5438667634871557,-0.061382782740309054,-0.015573967259690936,0.02290440774030906,0,9.617579700000533,raw/38-2023-07-16-primary-hotspot-N20.npz,50604eb78d17eabc57b0b82894304fb9041bea929c56d48f710d3d719c768f02
2023-07-16-primary-hotspot-N40,20230716.gml.geo,ee1b054a6ba2cb0ea3184f9f68f5cca7d8e70d17ff2d9e44e5e8871be8a8b855,2023-07-16,primary,hotspot,40,202607232012,31,30,930,870,20000,3085.34715,3146.44565,-61.0985,-0.019418260092940107,-0.0381865625,7.618024371820687,3.2795060748047757,-0.05380116075337299,-0.022571964246627014,0.015614598253372986,2167.0,3051.0,4039.0,2173.9,3086.0,4196.0,7599,500,40,-0.0381865625,0.004696799683947976,3.5438667634871557,-0.054831394794700214,-0.02154173020529979,0.01664483229470021,0,31.724169099999926,raw/39-2023-07-16-primary-hotspot-N40.npz,20721c4ff79edc0efbffaeffccec8352b74a8d5acd1332a4990838cfb1449577
2023-07-16-primary-hotspot-N80,20230716.gml.geo,ee1b054a6ba2cb0ea3184f9f68f5cca7d8e70d17ff2d9e44e5e8871be8a8b855,2023-07-16,primary,hotspot,80,202607232013,31,30,930,870,20000,9131.91095,9279.3047,-147.39375,-0.015884137310417233,-0.023030273437500002,18.054647187353172,3.2795060748047757,-0.03228188673896589,-0.013778660136034113,0.00925161330146589,6887.0,9126.5,11364.100000000002,6883.0,9207.0,11731.0,17345,500,40,-0.023030273437500002,0.002237175091067838,3.5438667634871557,-0.03095852388683666,-0.01510202298816334,0.007928250449336661,0,92.46370599999955,raw/40-2023-07-16-primary-hotspot-N80.npz,dda3c93b852bcfe8439d5c8b0e68915f233d91e5ddc9ccd54ec9bb0b6f2f66dd
2023-07-16-hub-uniform-N10,20230716.gml.geo,ee1b054a6ba2cb0ea3184f9f68f5cca7d8e70d17ff2d9e44e5e8871be8a8b855,2023-07-16,hub,uniform,10,202607232100,31,31,930,868,20000,246.8486,245.5857,1.2629,0.005142400392205246,0.012629,0.8071898766426322,3.2795060748047757,-0.013842841039704299,0.0391008410397043,0.0264718410397043,151.0,237.0,355.0,150.0,237.0,351.0,712,500,40,0.012629000000000001,0.008890871894886465,3.5438667634871557,-0.018879065406710208,0.04413706540671021,0.03150806540671021,0,2.6621276999994734,raw/41-2023-07-16-hub-uniform-N10.npz,11222a346e62c57edbacb73ecfedab0b76675f250f20d564f3db6386d69429ec
2023-07-16-hub-uniform-N20,20230716.gml.geo,ee1b054a6ba2cb0ea3184f9f68f5cca7d8e70d17ff2d9e44e5e8871be8a8b855,2023-07-16,hub,uniform,20,202607232101,31,31,930,868,20000,1003.35335,1000.373,2.98035,0.0029792387439485073,0.007450875,3.183273824980521,3.2795060748047757,-0.018648039616976635,0.03354978961697663,0.026098914616976634,624.0,966.0,1424.0,624.0,965.0,1418.0,3795,500,40,0.007450875000000003,0.008077021474146897,3.5438667634871557,-0.021173012950201218,0.03607476295020122,0.02862388795020122,0,10.707430800000111,raw/42-2023-07-16-hub-uniform-N20.npz,6baca8f233a28450f91426c8bb677b89dffd41aed6850f31fb1d2088561d15e4
2023-07-16-hub-uniform-N40,20230716.gml.geo,ee1b054a6ba2cb0ea3184f9f68f5cca7d8e70d17ff2d9e44e5e8871be8a8b855,2023-07-16,hub,uniform,40,202607232102,31,31,930,868,20000,4029.3547,4026.53425,2.82045,0.0007004659155699471,0.00176278125,12.758670074451071,3.2795060748047757,-0.024388553759745118,0.02791411625974512,0.02615133500974512,2526.0,3877.0,5715.0,2532.0,3881.0,5696.100000000002,14220,500,40,0.001762781250000001,0.008773823072130909,3.5438667634871557,-0.029330478724041497,0.032856041224041496,0.0310932599740415,0,43.007693700000345,raw/43-2023-07-16-hub-uniform-N40.npz,62720105a52724ac722e4077c544925a6701e780992d382e25d44fea7472c420
2023-07-16-hub-uniform-N80,20230716.gml.geo,ee1b054a6ba2cb0ea3184f9f68f5cca7d8e70d17ff2d9e44e5e8871be8a8b855,2023-07-16,hub,uniform,80,202607232103,31,31,930,868,20000,16173.6197,16184.77055,-11.15085,-0.0006889717692043525,-0.0017423203125,51.06307700414626,3.2795060748047757,-0.02790820644270652,0.02442356581770652,0.02616588613020652,10080.9,15550.0,22972.40000000001,10158.9,15603.0,22960.40000000001,47969,500,40,-0.0017423203125000008,0.00892888977517914,3.5438667634871557,-0.03338511602159766,0.029900475396597657,0.03164279570909766,0,172.16122610000002,raw/44-2023-07-16-hub-uniform-N80.npz,5cda2b7c3ae3374c2ed92c9130aeb29984aa5a1743e7e1f32cc339caf09bdfba
2023-07-16-hub-hotspot-N10,20230716.gml.geo,ee1b054a6ba2cb0ea3184f9f68f5cca7d8e70d17ff2d9e44e5e8871be8a8b855,2023-07-16,hub,hotspot,10,202607232110,31,31,930,868,20000,248.0267,249.10625,-1.07955,-0.004333692952304489,-0.0107955,0.7896109360700325,3.2795060748047757,-0.036690838615739574,0.015099838615739571,0.02589533861573957,153.0,241.0,352.0,153.0,241.0,356.0,679,500,40,-0.010795500000000003,0.007439962382297373,3.5438667634871557,-0.037161735408218384,0.015570735408218378,0.02636623540821838,0,2.669973199999731,raw/45-2023-07-16-hub-hotspot-N10.npz,e1ff24027e5786e325bb51877ebc0be4d13bd6a8ab1c72bbd88f6ac9b553bd13
2023-07-16-hub-hotspot-N20,20230716.gml.geo,ee1b054a6ba2cb0ea3184f9f68f5cca7d8e70d17ff2d9e44e5e8871be8a8b855,2023-07-16,hub,hotspot,20,202607232111,31,31,930,868,20000,929.7533,941.40695,-11.65365,-0.012378971708250083,-0.029134125,2.6732965960249135,3.2795060748047757,-0.05105185606604658,-0.00721639393395342,0.02191773106604658,611.0,908.0,1280.0,608.0,917.0,1308.0,2450,500,40,-0.029134125,0.0073738287789844184,3.5438667634871557,-0.05526599172948796,-0.003002258270512044,0.026131866729487956,0,9.89750769999955,raw/46-2023-07-16-hub-hotspot-N20.npz,5b44e9435efd98186f62ededef05e98e26f552cbeee5746ff0039237db0f4ffb
2023-07-16-hub-hotspot-N40,20230716.gml.geo,ee1b054a6ba2cb0ea3184f9f68f5cca7d8e70d17ff2d9e44e5e8871be8a8b855,2023-07-16,hub,hotspot,40,202607232112,31,31,930,868,20000,3076.48735,3137.12205,-60.6347,-0.019328129104827146,-0.0378966875,7.626030725418482,3.2795060748047757,-0.05352769630666111,-0.022265678693338883,0.015631008806661115,2161.0,3042.0,4038.100000000002,2149.0,3085.0,4183.0,6896,500,40,-0.037896687500000005,0.004023417967415868,3.5438667634871557,-0.05215514471034215,-0.023638230289657863,0.014258457210342143,0,32.3930919000004,raw/47-2023-07-16-hub-hotspot-N40.npz,dbfbbbf25a9908ad519b4ebd0397df71cf952cd5478479b4cd62ff865ffb1cac
2023-07-16-hub-hotspot-N80,20230716.gml.geo,ee1b054a6ba2cb0ea3184f9f68f5cca7d8e70d17ff2d9e44e5e8871be8a8b855,2023-07-16,hub,hotspot,80,202607232113,31,31,930,868,20000,9081.17575,9230.198,-149.02225,-0.016145076194465167,-0.023284726562500004,17.83248637897334,3.2795060748047757,-0.03242249959511195,-0.014146953529888052,0.009137773032611951,6889.0,9084.5,11285.0,6880.0,9148.0,11677.0,17848,500,40,-0.0232847265625,0.002452965554725282,3.5438667634871557,-0.03197770966386976,-0.01459174346113024,0.00869298310136976,0,94.25840779999999,raw/48-2023-07-16-hub-hotspot-N80.npz,112b2c389bf5767ce737a281a0098f85eafb4a86e0b84a0f85ad044b1c3d7654
