cell_id,k,N,p_bias,seed,repetitions,blocks,paths_per_block,comparisons,censored_count,mean_stopping_time,sd_stopping_time,tstar,theory_correction_coefficient,scaled_correction,correction_ratio,block_correction_ratios,block_standard_error,simultaneous_critical,simultaneous_half_width,simultaneous_ci_low,simultaneous_ci_high,precision_gate_applicable,precision_gate_pass,local_proxy_scaled_absolute_error_mean,local_proxy_scaled_absolute_error_median,local_proxy_scaled_absolute_error_q90,scaled_correction_q10,scaled_correction_q25,scaled_correction_q50,scaled_correction_q75,scaled_correction_q90,gaussian_reference_q10,gaussian_reference_q25,gaussian_reference_q50,gaussian_reference_q75,gaussian_reference_q90,quantile_difference_q10,quantile_difference_q25,quantile_difference_q50,quantile_difference_q75,quantile_difference_q90,reference_seed,reference_sample_size
k3-p1.25-N160,3,160,1.25,72938585234,20000,40,500,36,0,1629.81515,251.26917696056955,1920.0,23.45292057134016,22.941126711857798,0.9781778197761953,"[0.9836425191653269,1.034913578418751,0.9737995544697318,0.986932496406046,1.0051622063628194,1.0091263592676203,1.0192727030120519,0.967199374718371,1.0101241392504616,0.9086674435627856,1.0285021678533324,0.8848420755941335,0.9264387140679827,0.9914157645721906,0.9269308623027622,1.0369495889242775,0.9745209224302992,0.9633565734331042,0.9504595929792187,1.0042116186764634,0.9670308308023501,0.9740961917619276,0.9718983790970207,0.9229599676413207,0.9155507770930609,0.9274971698605915,0.9886179355662504,1.0255829872278581,0.9920090391565823,0.9547810589859829,0.9358973986350511,0.9905191109389615,1.047041998615583,0.9103393992097082,0.9897438089252675,1.060505286627297,0.9879976939552954,0.9599924368693358,1.0421677085642709,0.9764153560463695]",0.0067026454181816015,3.442754621134846,0.02307556348727301,0.9551022562889223,1.0012533832634682,True,True,9.891814021901675,7.273238618387272,22.14384931532925,-2.608879069638913,9.724003805017766,23.242740802237588,36.44525003344057,48.3828482005762,-6.236485022807598,6.459247857034899,21.726271016857535,38.68558534495799,55.4577006210486,3.627605953168685,3.2647559479828674,1.5164697853800533,-2.24033531151742,-7.0748524204724035,2026071814,2000000
k3-p1.25-N320,3,320,1.25,72938585235,20000,40,500,36,0,3418.54765,378.85003708196643,3840.0,23.45292057134016,23.559902596925838,1.0045615651688347,"[0.8930858861831472,0.9351225429091508,0.9309131566663449,0.9925236977784871,1.0146098659131637,1.060140837606298,0.9986208721890744,1.0036406725443112,0.9973575796020484,1.0254360450268802,0.9615515772580916,1.017637000980187,0.9712431766144047,0.9833326483151463,1.1029354698845175,0.9683876586535426,1.0025775999144748,0.9094848541052888,1.010657905329601,1.0158540899328377,1.0585867493671646,0.9704136939346221,1.0039743724729602,0.9303363325039666,0.9840620210163347,1.0371060082458936,1.0449670251364782,0.972921210541321,1.0642930181470502,0.9789564121080169,1.0041412224372837,1.0441518438822088,0.994192197421728,1.073064559128661,1.0317906450967107,0.9899303726187061,1.0162354612798639,1.087933274520859,1.0524466706800366,1.047846378806529]",0.007459944546246003,3.442754621134846,0.02568275855999812,0.9788788066088365,1.0302443237288328,True,True,8.297704469050178,6.093285238686927,18.559364213248255,-2.9683802401309656,9.33558380606162,23.25510696599781,37.73364712030895,51.26185838418267,-6.236485022807598,6.459247857034899,21.726271016857535,38.68558534495799,55.4577006210486,3.268104782676632,2.876335949026722,1.5288359491402765,-0.9519382246490409,-4.1958422368659285,2026071814,2000000
k3-p1.25-N40,3,40,1.25,72938585232,20000,40,500,36,0,341.88265,101.8857802374219,480.0,23.45292057134016,21.838270519332855,0.9311535615747388,"[0.9334771080009969,0.936376063356549,0.959095783236107,0.9303489329196571,0.9513966971522924,0.9258993735367174,0.9100562454307939,0.9630194856010632,0.905849389286923,0.9241465168101043,0.935041195541667,0.9143844531941994,0.9672398252582158,0.8778980662540903,0.9437110945817595,0.9571811243501146,0.9296208232024488,0.935553569046369,0.9458684567068213,0.9718511868005354,0.9344614044705566,0.903921246887649,0.9183486060990007,0.9509652247272798,0.9376300300917411,0.8749721438719749,0.9474190607342092,0.9764625483428553,0.9233779565530511,0.8967210507952551,0.9089910478815445,0.9000379950625378,0.929391603476661,1.0068274202531011,0.9698556268348532,0.9488483131420632,0.8641448827068205,0.8906669533318005,0.9367536017284347,0.9083303557307446]",0.0046902876492654925,3.442754621134846,0.01614750947896047,0.9150060520957783,0.9473010710536993,True,True,12.830380301848518,9.803060746521975,28.302385058506992,0.7905694150420948,12.01665510863984,23.242740802237588,33.52014319778482,41.42583734820577,-6.236485022807598,6.459247857034899,21.726271016857535,38.68558534495799,55.4577006210486,7.027054437849692,5.557407251604942,1.5164697853800533,-5.165442147173174,-14.031863272842834,2026071814,2000000
k3-p1.25-N80,3,80,1.25,72938585233,20000,40,500,36,0,757.5587,161.83121120895086,960.0,23.45292057134016,22.63362541267141,0.9650663909351254,"[0.975824399920561,0.9616659886621994,0.9694650327088933,0.8784984321593806,1.0101096840182497,0.9751283972122378,0.9800576218725562,0.9927382191611894,0.9742512431140767,0.9676821216615439,0.9249113250925141,0.9923949849488655,0.9395178476836316,1.0054950907192284,0.9437796724866535,0.9211643516079778,0.972249043542187,0.9559358841731252,0.9231188797614893,0.9640114224464132,0.9052802350043211,0.9655083049834924,1.0026252713328536,0.9572897524550696,0.9965042612130767,0.9339307574496922,0.9970477153825896,0.9159204955863622,1.0345651216463285,0.9523414592274003,0.9600451604373369,0.977445228145424,0.9844243237960101,0.913470184681717,0.9838522667754702,1.0113205380450592,1.0028922312757718,0.9660231563019785,0.9521507735538867,0.9620187571581994]",0.0052210288949834606,3.442754621134846,0.017974721355282868,0.9470916695798425,0.9830411122904082,True,True,11.395024774018701,8.60886171337419,25.155764746872634,-1.118033988749895,10.956733089748969,23.59051716262278,35.21807064562169,45.50398334212072,-6.236485022807598,6.459247857034899,21.726271016857535,38.68558534495799,55.4577006210486,5.118451034057703,4.49748523271407,1.8642461457652466,-3.4675146993363057,-9.953717278927883,2026071814,2000000
k3-p1.5-N160,3,160,1.5,72938585238,20000,40,500,36,0,857.0304,90.2338771386289,960.0,8.291859587312052,8.140461643911848,0.9817413763696784,"[1.0012904716182605,0.9348555829662321,0.920706705991546,0.9647932337078178,0.9204588146159791,0.9885526686275729,0.9552589500321536,1.0216175644147771,0.9972860724744816,0.9897158512360045,1.008555595779117,0.9739842831711576,0.9779505451802344,0.982202835699581,1.047569884579935,1.0867748590542663,1.0453007250651265,1.025984266338231,1.077660083860331,0.9913366794608671,0.9552780185995043,0.9600832975720394,0.9291350127608333,1.016163954152297,0.9110580109117743,0.9866458118924406,1.0190433078223469,1.0101001497345738,0.9218889571673287,0.9831181269324448,0.9102952682177208,0.9312325551694798,0.9281815843932667,1.0457011649795045,0.9584243322124739,1.0675346745967753,0.9368005768360672,0.9961228898660499,0.9596828576576611,0.9313088294388844]",0.007516565706405779,3.442754621134846,0.025877691320792203,0.9558636850488862,1.0076190676904706,True,True,2.8836730926133947,2.134537420613656,6.482669203345178,-0.8696263565463043,3.241334601672589,7.984751091925157,12.965338406690355,17.471584072430296,-1.8208478641375372,2.447530660776322,7.635518828792649,13.475063092550695,19.294583954972733,0.9512215075912329,0.7938039408962667,0.34923226313250844,-0.5097246858603395,-1.8229998825424367,2026071814,2000000
k3-p1.5-N320,3,320,1.5,72938585239,20000,40,500,36,0,1772.0176,135.25424864243192,1920.0,8.291859587312052,8.272467646839122,0.9976613279242447,"[0.9425245454129761,1.074905678812086,1.0270931407154014,0.9861167438525072,1.0064094313413705,0.9672128582316517,1.0522129259590913,1.1142910211077461,0.9974294114958012,1.0024587619498508,1.0324056449483663,0.8945502051569125,0.9821256239211436,0.9525697628077956,0.9837840960547839,0.9475538958670258,1.0158613741517981,0.9929259180597336,1.0346169411265544,0.9214228471272138,1.015766989558826,1.0234660756426408,0.9331265366556752,0.9862111284454795,0.9613475299541404,0.982557096346155,0.9515719828249535,1.048639794939458,1.0656964392407282,0.9967687193449998,1.0194345051714317,0.9776625810249214,0.9654330344784764,1.018652461401097,1.0205401532605258,0.9931281707589581,0.9893258200135375,1.0143377371509723,1.004723992181166,1.0095915404758367]",0.006774107514158282,3.442754621134846,0.023321589948432708,0.974339737975812,1.0209829178726775,True,True,2.4424291009733015,1.7888543819998317,5.4783665448744845,-1.285739087062379,3.0745934690622105,7.993943019561748,13.248702766686254,18.335757415498275,-1.8208478641375372,2.447530660776322,7.635518828792649,13.475063092550695,19.294583954972733,0.5351087770751581,0.6270628082858885,0.3584241907690986,-0.22636032586444088,-0.9588265394744582,2026071814,2000000
k3-p1.5-N40,3,40,1.5,72938585236,20000,40,500,36,0,189.54355,39.24737980093145,240.0,8.291859587312052,7.977865232320141,0.9621322151339398,"[0.9326817662881806,1.030694202474009,0.9122402620875564,0.9826795498833637,0.9213931744161938,0.9682637129657594,0.9508731795413482,0.9840906238673622,0.92104994020387,0.9684925357739753,0.9712384094725667,0.9927477534448657,0.942177912829142,0.9708951752602428,0.9439322210254646,0.936075971276717,0.9598354061964726,0.9558691441873957,0.9396989990734694,0.9718486036278093,1.0044177166638786,0.9501485739819975,1.0745137702473617,0.9291731498955362,0.9698273354885686,0.9631533369156032,0.9402710560940093,0.9715053694154855,0.9549157158198296,0.9687976328515969,0.9755860428286698,0.9559835555915037,0.9787514250089902,0.9464111347811371,0.9827939612874717,0.9076256687885351,0.9529707219499941,0.9118970278752325,0.9845482694837943,1.0052185964926343]",0.005135221459259243,3.442754621134846,0.017679307409415587,0.9444529077245242,0.9798115225433554,True,True,3.9122355243597617,3.00416377715996,8.696263565463042,-0.15811388300841897,3.952847075210474,8.221921916437786,12.33288287465668,15.811388300841896,-1.8208478641375372,2.447530660776322,7.635518828792649,13.475063092550695,19.294583954972733,1.6627339811291182,1.505316414434152,0.5864030876451372,-1.1421802178940155,-3.483195654130837,2026071814,2000000
k3-p1.5-N80,3,80,1.5,72938585237,20000,40,500,36,0,406.90975,60.45370904654548,480.0,8.291859587312052,8.1717383746227,0.9855133566331539,"[0.9526911144273298,0.9466774675037194,0.9643948039557904,0.9837840960547839,0.9895550397393243,0.906226927658809,0.9601340137587935,0.9557653554555431,1.0219694056683795,0.9751007135014098,1.044675642034656,0.9713253297825518,1.0228593175449678,1.0217267024293102,0.9542821689945629,1.0470757073987873,0.9643948039557904,0.9858066230470299,0.9622374418307282,0.9416346335363877,0.9654465179917578,1.0479925863019384,0.9486190934162751,0.9580575527134207,1.0430036863877326,0.9200070782326425,0.9751007135014098,0.9979687520270661,0.9386952276409906,1.0375563470219515,1.0450531804065415,0.9758827572717447,0.9708129562778496,0.9564664981461877,1.0078656507757873,1.0147961766025486,1.0423834447767775,1.0102117820867926,1.0184367251885904,0.9738602302794993]",0.006028243339846941,3.442754621134846,0.020753762615583416,0.9647595940175705,1.0062671192487374,True,True,3.3912710062056743,2.4596747752497685,7.602631123499284,-0.5590169943749475,3.689512162874653,8.161648117874233,12.85739087062379,16.994116628998402,-1.8208478641375372,2.447530660776322,7.635518828792649,13.475063092550695,19.294583954972733,1.2618308697625897,1.241981502098331,0.5261292890815836,-0.6176722219269042,-2.3004673259743313,2026071814,2000000
k3-p2-N160,3,160,2.0,72938585242,20000,40,500,36,0,443.2326,28.737459688000712,480.0,2.93161507141752,2.906718191061872,0.9915074524625055,"[0.9633161228932587,1.044918345273725,0.956250761933681,1.0325674471077464,0.9975103125754904,1.0428149172017902,0.971837703287254,1.007865650775788,1.0441632685299542,1.002310443303753,1.0128275836634295,0.9368884368612516,0.8977323142913785,0.9778243831843002,1.031057293620202,1.0455116198581167,1.0232368559168536,1.0249627456169024,0.9601340137587926,0.9863459635782955,0.9359715579581006,0.9414188973238818,1.0386619951110463,1.0077577826695343,0.9799278112562364,1.031434831992088,0.9976181806817441,0.9640711996370309,0.9905528197221664,1.0355877540828322,0.9919551051034556,1.0188681976136025,0.9628307164151205,0.9986429276911472,1.051929772180176,0.9225959127827159,0.9343535363643041,0.9683319898340286,0.9763681637498842,0.9513427630991663]",0.006255050019005223,3.442754621134846,0.021534602358359838,0.9699728501041457,1.0130420548208654,True,True,0.7791298756064357,0.5533985905294664,1.7392527130926085,0.15811388300841897,1.2649110640673518,2.687936011143122,4.348131782731521,6.00832755431992,-0.023473600445974824,1.0985565627126754,2.5976975626108123,4.451045552306753,6.363296038817425,0.1815874834543938,0.16635450135467633,0.09023844853230978,-0.10291376957523202,-0.35496848449750473,2026071814,2000000
k3-p2-N320,3,320,2.0,72938585243,20000,40,500,36,0,907.4608,41.762238536606,960.0,2.93161507141752,2.937030567086423,1.0018472737849191,"[1.0043795795291761,1.0209310959901279,0.9974767581479936,1.0368724182958389,1.09415439461923,1.0314950823027658,1.0333256647684932,1.0224184442435333,1.0677253602702894,1.015935131344081,0.9854635607166566,0.9737173232282387,0.9215075858203022,0.9843194466755781,1.0094136813099268,0.9780649565843428,0.993739318947135,1.0541485403161437,0.9825270013445523,0.9361903826808248,1.0067059447460374,0.986531400488332,0.9773784881596937,1.0475126788778801,0.9545724816075044,0.9969047011274543,0.9729164433994845,0.9520554307171301,0.9862263034107114,1.05540706576133,1.014447783090678,1.0043795795291761,1.0001082204424776,0.9623524570868468,0.9893916855910307,0.9870271832394656,1.0353850700424359,1.0443854338322625,1.0033880140269065,0.9530088590846956]",0.0057709019704774035,3.442754621134846,0.01986779942697727,0.9819794743579419,1.0217150732118965,True,True,0.6733778959992023,0.5031152949374527,1.509345884812358,0.16770509831248423,1.2298373876248843,2.6832815729997477,4.416234255562085,6.093285238686927,-0.023473600445974824,1.0985565627126754,2.5976975626108123,4.451045552306753,6.363296038817425,0.19117869875845905,0.13128082491220883,0.08558401038893537,-0.03481129674466832,-0.27001080013049794,2026071814,2000000
k3-p2-N40,3,40,2.0,72938585240,20000,40,500,36,0,101.83415,12.568036503550495,120.0,2.93161507141752,2.8722730816484874,0.9797579189888872,"[1.0188142635604762,0.9632621888401327,0.989905611084647,0.9527989825335824,0.9104068167761163,0.9636936612651449,0.9542012679148725,0.9532304549585953,1.013852330672834,0.9893662705533812,0.9592710689087682,0.9921708413159621,0.9892584024471285,0.9196834739138829,0.9452482150958658,0.9908764240409248,1.0229132515980937,0.958947464590009,0.99314165427224,0.9867774360033077,1.0557051558990345,0.9460032918396379,0.9755591529529851,0.9855908868345233,0.9929259180597335,1.0141759349915935,1.0209716256855386,1.0126657815040496,0.9972406423098572,0.9836492609219675,0.9174182436825679,0.9684398579402814,1.0056543545975989,0.9791188004593374,0.9786873280343252,0.9708129562778492,0.939639073570705,1.0261492947856867,1.0110477599102534,0.9410413589519949]",0.005116803198511124,3.442754621134846,0.017615897857111734,0.9621420211317755,0.9973738168459989,True,True,1.0804395967614293,0.7905694150420948,2.3717082451262845,0.31622776601683794,1.4230249470757705,2.687936011143122,4.269074841227312,5.533985905294664,-0.023473600445974824,1.0985565627126754,2.5976975626108123,4.451045552306753,6.363296038817425,0.3397013664628128,0.3244683843630951,0.09023844853230978,-0.1819707110794413,-0.8293101335227613,2026071814,2000000
k3-p2-N80,3,80,2.0,72938585241,20000,40,500,36,0,213.94285,19.112612288091956,240.0,2.93161507141752,2.913277934995432,0.9937450395173396,"[1.0055236935702558,1.014600331629488,0.944885649393031,0.993472359004216,1.0007184145977208,0.9330631376352072,0.9919468736161091,1.0307704767434138,1.0256601006932584,1.0078881959218198,1.0070491789583618,1.0264991176567166,1.013532491857813,1.0088034871546836,1.0219989357618031,0.9383260622241741,0.9991929292096138,1.011396812314465,0.9925570677713523,0.9549538529545318,0.9795141677030431,0.9584624693471767,0.9728783062647804,0.9969047011274543,1.0414488744601578,1.004608402337392,0.9777598595067212,0.9791327963560168,0.9684543986392729,1.0152105257847304,0.9825651384792561,0.9531995447582099,1.0132273947801924,1.0099476011957635,1.008498390077062,0.9999556719036673,1.0552545172225196,0.9307749095530478,0.9782937793925576,1.0008709631365311]",0.004629271128259384,3.442754621134846,0.015937444569301115,0.9778075949480385,1.0096824840866407,True,True,0.9359621536819744,0.6708203932499369,2.1242645786248002,0.22360679774997896,1.3416407864998738,2.795084971874737,4.36033255612459,5.813776741499453,-0.023473600445974824,1.0985565627126754,2.5976975626108123,4.451045552306753,6.363296038817425,0.2470803981959538,0.2430842237871984,0.1973874092639245,-0.09071299618216333,-0.5495192973179721,2026071814,2000000
k4-p1.25-N160,4,160,1.25,72938585246,20000,40,500,36,0,2891.5008,477.500186199703,3840.0,81.24330003087692,74.98544577118949,0.9229739036042467,"[0.9220502477600445,0.9204660592704097,0.9402255994857182,0.9200223307991114,0.9174241838290103,0.8617965921837668,0.9239769634906814,0.9576808655342852,0.8844500983500415,0.9204349204303186,0.951168955600234,0.8852655467249274,0.934564169121655,0.9595063800346256,0.9429891715438034,0.9196739650255926,0.9386316801085551,0.9259951495640855,0.9364441765921554,0.9181325924410828,0.9229201891050894,0.9443281416677204,0.9224063982435865,0.9588855494103095,0.9309092477659622,0.8814646620563076,0.9132885566294111,0.9308625395058259,0.9552384127646395,0.9240119946857835,0.8965689456779964,0.9499798411442549,0.9278187178869206,0.9010237459885294,0.9012942646618207,0.9100559557924541,0.889765109118091,0.931043534013855,0.940320962183497,0.9058697279777068]",0.003616181609559938,3.442754621134846,0.012449625947175323,0.9105242776570713,0.935423529551422,True,True,28.505640455114317,22.373114445691282,61.42724354877077,26.721246228422803,48.7583686727212,74.78786666298217,101.03477124237972,124.36447468027211,17.284807175057733,43.3365734500836,76.15674663368057,113.85096167196636,151.9223767326655,9.43643905336507,5.4217952226375985,-1.3688799706984014,-12.81619042958664,-27.557902052393388,2026071814,2000000
k4-p1.25-N320,4,320,1.25,72938585247,20000,40,500,36,0,6305.44775,752.598808142983,7680.0,81.24330003087692,76.83980674063213,0.9457986900018682,"[0.9505902907776845,0.9454104421845638,0.9516306641933067,0.9347631285381826,0.9021977892428528,0.9423443681501658,0.9574903335103919,0.9552141726248917,0.9399333440441221,0.9754477841723573,0.9395948098374515,0.9604146635476879,0.9447278691499761,0.9644110185727739,0.8990450174238201,0.9466324681013255,0.9579843732672807,0.9234910403803035,0.9826946180436051,0.9520971808439622,0.9333966063136956,0.9006730091575242,0.9410232590509636,0.9266162890931035,0.9621210961341575,0.9994190335463152,0.9733257526817641,0.9296575923318914,0.954852243777923,0.9555967438015359,0.9302768622221421,0.9024950387901739,0.9730752924150409,0.961382100731791,0.9412448200561424,0.9577614361067907,0.9205446918580211,0.9628174307218617,0.9600403493029142,0.9195125753742697]",0.003586907394981921,3.442754621134846,0.012348842009656762,0.9334498479922114,0.958147532011525,True,True,24.73455941703597,19.174282907060697,54.05694335605741,23.925927359247748,47.33476399869867,75.57909763949289,104.81568644530263,132.7162246345564,17.284807175057733,43.3365734500836,76.15674663368057,113.85096167196636,151.9223767326655,6.641120184190015,3.998190548615071,-0.5776489941876832,-9.035275226663728,-19.2061520981091,2026071814,2000000
k4-p1.25-N40,4,40,1.25,72938585244,20000,40,500,36,0,535.4918,164.5584920556377,960.0,81.24330003087692,67.12063987091452,0.8261683098225328,"[0.8096020576585666,0.8319753142640217,0.8590271815931646,0.8179628362230269,0.8428739082959065,0.8324774280604907,0.8442556943249492,0.8164020018634606,0.8173400594212049,0.8250041064386269,0.8603700440720933,0.8251831547691505,0.8101275255851039,0.8021793366518509,0.8349802123328128,0.8301926156688064,0.8351281218232455,0.8336840581140208,0.8436290251681158,0.8244397149619758,0.82537777251972,0.8196871494930716,0.8176942637272412,0.8256891609206309,0.802171551941828,0.8159465963271281,0.8361868423863429,0.8080022997488864,0.8330418195371418,0.838849213214132,0.8228516341173294,0.8189398173308852,0.8320103454591241,0.8143974390325961,0.823560042729402,0.8161178599476294,0.8460072540800736,0.8161139675926179,0.8233848867538895,0.8138680787510474]",0.0021556092125408007,3.442754621134846,0.007421233577835688,0.8187470762446971,0.8335895434003684,True,True,36.44607222563221,28.93484059054067,78.10825820615896,32.25523213371747,50.754556445702484,69.41199464069592,86.17206623958833,98.97929076327027,17.284807175057733,43.3365734500836,76.15674663368057,113.85096167196636,151.9223767326655,14.970424958659738,7.417982995618885,-6.7447519929846464,-27.678895432378027,-52.94308596939523,2026071814,2000000
k4-p1.25-N80,4,80,1.25,72938585245,20000,40,500,36,0,1276.96625,290.2330356311736,1920.0,81.24330003087692,71.89335884133027,0.8849143106447773,"[0.9015496200910573,0.8910770781692579,0.8653567353941688,0.8871687970841187,0.898654189315306,0.8647071900870611,0.8753834029949873,0.8951504978917973,0.8941569137567725,0.8521016074321754,0.8974349157091676,0.8627117648851416,0.881887112997934,0.8696283214815886,0.9037624778322204,0.8592768812272163,0.9013101690668269,0.9078716775928632,0.9270635395693958,0.8877275161406561,0.8979826255232116,0.8875293497757758,0.880731142536132,0.8746705545435429,0.8741448632144856,0.8923486456772397,0.872909075744607,0.9027193521059754,0.8624062584059512,0.8945532464865331,0.8834504254319897,0.9078303929335132,0.8616906576438831,0.8810063735984659,0.8858944772655135,0.8929926863631007,0.8809788504922326,0.8867229227631378,0.8914844201415119,0.8605456964245749]",0.0025917003022710994,3.442754621134846,0.008922588192240405,0.8759917224525369,0.8938368988370178,True,True,32.33131247683941,25.26756814574762,69.42991070136847,29.180687106372254,50.64693969037023,73.11942286424312,94.80928224599108,113.14503966148935,17.284807175057733,43.3365734500836,76.15674663368057,113.85096167196636,151.9223767326655,11.895879931314521,7.310366240286633,-3.0373237694374495,-19.041679425975275,-38.77733707117615,2026071814,2000000
k4-p1.5-N160,4,160,1.5,72938585250,20000,40,500,36,0,1573.7673,184.56154041083408,1920.0,28.72384418890316,27.37209831074451,0.9529399383568279,"[0.9319323770620795,0.9539893943975066,0.957435287297925,0.9389837968790706,0.9615692578541779,0.9837418722357849,0.9715491361743996,0.9250901328524628,0.9788923009174644,0.9153854855945746,0.9333250462374886,0.9329232088864814,0.9539068250788065,0.9504719414208812,0.9170203581048372,0.9525636974946177,0.9765308184026409,0.9580738233625393,0.9617233872490849,0.9912611848587429,0.9823161753328961,0.9590866736719273,0.9780555984879695,0.9224424100328121,0.9383837931631829,0.9622738493737525,0.9693968292669499,0.9148900696823737,0.9850134397437668,0.9862519795242688,0.9251451790649295,0.9266534452865185,0.9556683038777423,0.9576829952540252,1.0079732149636487,0.945187505024073,0.9235543435246405,0.9439434606223244,0.9590041043532272,0.9283048316605208]",0.003745575394736303,3.442754621134846,0.012895096999037382,0.9400448413577905,0.9658350353558652,True,True,8.832091296661426,6.877953910866225,19.131779844018695,8.933434389975671,17.155356306413456,26.800303169927012,37.15676250697845,46.643595487483594,6.466340969178701,15.455148147424275,26.872603648677785,40.06497068063369,53.43835227180033,2.467093420796971,1.7002081589891809,-0.07230047875077261,-2.9082081736552396,-6.794756784316739,2026071814,2000000
k4-p1.5-N320,4,320,1.5,72938585251,20000,40,500,36,0,3344.5559,282.99622756925737,3840.0,28.72384418890316,27.696167166280087,0.9642221627486721,"[0.985003251536719,0.9905537497829581,0.9474653798068984,0.9254463275074799,0.9530197704081489,0.9849915744716852,0.9856299206935526,0.9949248644607455,0.9616841526634968,0.9254035116023547,0.9442502945674923,1.0004364391568707,0.9640545968654324,0.9700994241981166,0.9492208319170342,0.9880081496055108,0.9511670094227279,0.9604113525747731,0.9692898143557478,0.9140611890991718,0.9706521386097338,0.957869644752337,0.9786703899331918,0.9657789101354769,0.9469671583654411,0.9780320437113244,0.9611976082870733,1.004998279230217,0.997844130719286,0.9281203754003027,0.9428334773433481,0.9273574738180711,0.9636848231393504,0.9499487023041642,0.9796590481060847,0.946869849490156,1.0197269505933066,0.9449587031795648,0.9428646161834384,0.9957305819481032]",0.003921572770877392,3.442754621134846,0.013501012779054725,0.9507211499696174,0.9777231755277268,True,True,7.578805819199023,5.869678440936948,16.65870643237343,8.049844718999243,16.54690303349844,26.832815729997474,37.95725391805893,48.75187207943929,6.466340969178701,15.455148147424275,26.872603648677785,40.06497068063369,53.43835227180033,1.583503749820542,1.0917548860741668,-0.03978791868031095,-2.1077167625747606,-4.686480192361046,2026071814,2000000
k4-p1.5-N40,4,40,1.5,72938585248,20000,40,500,36,0,319.31755,71.00121105020695,480.0,28.72384418890316,25.406126100806127,0.8844960282377954,"[0.8588970623611957,0.8685521680278637,0.9084276443387773,0.8966697733558797,0.9132166648233846,0.8645558130027775,0.8838990520635936,0.9000936477713115,0.8598658757006107,0.8756421201935811,0.9046624834060517,0.8825449152369115,0.8976165682103076,0.8954367381966246,0.9173561400008843,0.8786036064242924,0.881741240534897,0.9182699071278323,0.8792421424889066,0.8782623199069984,0.9073267200894424,0.852808951262373,0.8727576986603235,0.9026698105147553,0.8449373428796277,0.8834586823638597,0.8659760052844198,0.847491487138085,0.8647759978526447,0.9040239473414375,0.8933119543954078,0.8752457874638205,0.8988165756420828,0.899543185646644,0.8651172843699384,0.8968459212357731,0.9187102768275666,0.898288132002402,0.8496052616968083,0.8745742236717261]",0.0032674145630187516,3.442754621134846,0.0112489065859961,0.8732471216517993,0.8957449348237915,True,True,11.41979891736551,9.01249133147988,24.50765186630494,10.751744044572488,17.866868779951343,25.61444904736387,33.3620293147764,39.844698518121575,6.466340969178701,15.455148147424275,26.872603648677785,40.06497068063369,53.43835227180033,4.285403075393788,2.411720632527068,-1.2581546013139153,-6.702941365857292,-13.593653753678758,2026071814,2000000
k4-p1.5-N80,4,80,1.5,72938585249,20000,40,500,36,0,721.59145,118.35288043437242,960.0,28.72384418890316,26.65488621085787,0.9279707143501152,"[0.9653429663742013,0.906420496211818,0.9068253011330023,0.8920966297699122,0.9616607985334287,0.9447524083639618,0.8960668318815275,0.9609990981814929,0.9476405357824111,0.9022245375095423,0.9484968538849164,0.9079073758261681,0.9095188108008825,0.9320555463168156,0.9083199654573751,0.9329663573894804,0.9234534417416498,0.9442386175024584,0.9491663389468753,0.9225348459589618,0.8658855111232291,0.918595782687438,0.9461692255881065,0.9558144813063247,0.8877449768671809,0.9447290542338935,0.933542425931166,0.9188059698580529,0.9001771587735526,0.8971722607047614,0.9204874672229723,0.9293542519389129,0.9179496517555475,0.9290272941179563,0.937504843332758,0.9643309540712406,0.9448146860441439,0.9468542800701109,0.9638872255999422,0.9332933152104369]",0.003826467584494531,3.442754621134846,0.013173588959141239,0.914797125390974,0.9411443033092565,True,True,10.11446777449418,7.9380413201242535,22.025269578372928,9.726895702124084,17.66493702224834,26.497405533372508,35.66528424112165,43.938735757870866,6.466340969178701,15.455148147424275,26.872603648677785,40.06497068063369,53.43835227180033,3.2605547329453834,2.2097888748240635,-0.37519811530527747,-4.399686439512045,-9.499616513929467,2026071814,2000000
k4-p2-N160,4,160,2.0,72938585254,20000,40,500,36,0,835.58065,66.4628397003209,960.0,10.155412503859615,9.836213274941766,0.9685685609721382,"[0.9645255718218096,0.9851239145420727,0.9776505929202085,0.970364104338891,0.9252750638869786,0.9962871887147318,0.9679352748117852,0.9708623257803491,0.9437715349010923,0.9856688442436664,0.9688850094345642,0.9426661060778578,0.9575349022213577,0.9889539918732777,1.0094433486532208,0.9473680709316142,0.9684179268331972,0.9389294452669258,0.9894055050545985,0.9836915278978815,1.0291698038509325,0.9418097879753526,0.9859179549643956,0.9720144628637192,0.9644165858814908,0.9496100674181736,0.977230218578979,0.9480686948336634,0.9592475384263685,0.9774481904596158,1.0119655947006003,0.994107469908355,0.9188916016683035,0.9947613855502676,0.9407666368323007,0.9498591781389017,0.9387893204865165,0.9889539918732777,0.9487537493156681,0.9681999549525594]",0.003843767406958865,3.442754621134846,0.013233148002875138,0.955335412969263,0.9818017089750133,True,True,2.5824384755528302,1.976423537605237,5.692099788303082,3.320391543176798,6.00832755431992,9.407776039000927,13.202509231202983,16.918185481900828,2.8073860406515676,5.646942502498856,9.422422331345963,13.892913290625563,18.497951599773433,0.5130055025252305,0.3613850518210642,-0.014646292345036116,-0.6904040594225798,-1.5797661178726052,2026071814,2000000
k4-p2-N320,4,320,2.0,72938585255,20000,40,500,36,0,1743.3204,98.35065574979315,1920.0,10.155412503859615,9.876689895936796,0.9725542800140428,"[0.9778299090168557,0.9669417681909334,0.9678775538028672,0.9667656203110389,0.9660610287914649,0.9742408959640245,0.9978777395972463,0.9502077196010402,0.9962263532232442,0.972435380195114,0.9875620793809773,0.9955327709461631,0.9260314230856447,0.9598297975402285,0.9529820487093651,1.0186852079096778,0.9741197942965969,0.9917896284984238,0.9630224778633009,0.9876611625634175,1.0006630779480643,0.9972612220176184,0.971884918070447,0.9497673499013067,0.9633527551381009,0.9777528443194028,0.9826629664714371,0.9747693396037054,0.9769711881023747,0.9396608652924112,1.0011364753752785,0.9363580925444067,0.9720500567078472,0.9810556170674073,0.968692237747376,0.9616353133091377,0.9731619901996755,0.9479067879199308,0.9499214792962137,0.9818262640419423]",0.0030929295773988864,3.442754621134846,0.010648197595434663,0.9619060824186081,0.9832024776094774,True,True,2.242798542112064,1.732952682562337,4.919349550499537,3.2422985673746947,5.925580140374443,9.391485505499116,13.360506165561242,17.21772342674838,2.8073860406515676,5.646942502498856,9.422422331345963,13.892913290625563,18.497951599773433,0.4349125267231271,0.2786376378755868,-0.030936825846847427,-0.5324071250643208,-1.2802281730250549,2026071814,2000000
k4-p2-N40,4,40,2.0,72938585252,20000,40,500,36,0,180.45905,27.2476631081409,240.0,10.155412503859615,9.414250802510123,0.9270180604610783,"[0.9079774382163732,0.9000058951530518,0.9352862009762675,0.9453440463256925,0.9838316526782916,0.9043964716058966,0.9352862009762675,0.8938715436551051,0.9262247985097576,0.8939026824951959,0.91043740658357,0.9314249848049714,0.9172568125635205,0.9291518494783207,0.9470255436906119,0.9403618319111166,0.9447835472040527,0.9024035858400664,0.9454997405261483,0.9214916948159105,0.9053617756487208,0.9098769074619302,0.9725593925653138,0.9558066965963019,0.9244810234646557,0.8936535717744672,0.9086002150181952,0.9222701658181877,0.9070432730136403,0.9352239232960855,0.905735441729814,0.9434757159202267,0.9158867035995124,0.9209000568541793,0.9592319690063232,0.936095810818636,0.9298680428004159,0.9209311956942706,0.9465273222491545,0.9512292871029104]",0.0034340808498196603,3.442754621134846,0.011822697715067314,0.915195362746011,0.9388407581761455,True,True,3.495874236233692,2.687936011143122,7.58946638440411,3.952847075210474,6.324555320336758,9.328719097496718,12.33288287465668,15.17893276880822,2.8073860406515676,5.646942502498856,9.422422331345963,13.892913290625563,18.497951599773433,1.1454610345589065,0.6776128178379022,-0.0937032338492454,-1.5600304159688836,-3.319018830965213,2026071814,2000000
k4-p2-N80,4,80,2.0,72938585253,20000,40,500,36,0,393.3634,42.85373335618646,480.0,10.155412503859615,9.686266346972914,0.9538033381993689,"[0.9481379820122913,0.9503838674809346,0.9427654716755364,0.9615252208842049,0.9581343741962526,0.9367544252741674,0.9216937815432645,0.9570114314619312,0.9749344782411049,0.9443948395645518,0.9816941531320221,0.9702665594239247,0.9709711509434994,0.9734152027770229,0.9736794245968632,0.9746482379362776,0.9237635191320142,0.8981560210924818,0.9274846430947662,0.9739876833866772,0.9050037699233456,0.969936282149124,0.9709491324585126,0.9724904264075814,0.9429636380404164,0.9581343741962526,0.9680647109252548,0.9471911871578629,0.9330553197964017,0.9658848809115712,0.9727986851973954,0.9947070777591615,0.9482480744372247,0.9768280679499614,0.9583765775311068,0.9240057224668679,0.9430296934953768,0.9233011309472933,0.95835455904612,0.9550077493281413]",0.0034515908814620813,3.442754621134846,0.011882980457420478,0.9419203577419484,0.9656863186567894,True,True,3.0181215722904535,2.347871376374779,6.484597134749389,3.689512162874653,6.260990336999411,9.391485505499116,12.85739087062379,16.099689437998485,2.8073860406515676,5.646942502498856,9.422422331345963,13.892913290625563,18.497951599773433,0.8821261222230854,0.6140478345005551,-0.030936825846847427,-1.0355224200017723,-2.398262161774948,2026071814,2000000
k5-p1.25-N160,5,160,1.25,72938585258,20000,40,500,36,0,4347.36045,766.6640423376384,6400.0,184.1402646720853,162.27540483357686,0.8812597566455924,"[0.9099366184707854,0.8685955732361665,0.8938401777702462,0.8752759481774979,0.8882752021925122,0.8734641755391678,0.8943158754203101,0.8807799588939417,0.8732091535137723,0.9092007468352173,0.8990324949000957,0.8510634529852538,0.8885662879386709,0.8906768742633225,0.8719589445273226,0.8761792585166083,0.8726432965618008,0.8842935956882769,0.898749995754119,0.8782374665801526,0.852682885779515,0.8767906244495425,0.8851565490065338,0.8792721519020424,0.8702330378908092,0.8953565713623273,0.898573970450395,0.8886100795995974,0.8761715305764447,0.9211232411874515,0.8910512500312431,0.8718335801646706,0.8880098762468993,0.8750569898728655,0.8606495334280587,0.8476674526134074,0.8963551929634542,0.8701085321881751,0.8902630001345665,0.8371291182104567]",0.0027187859564728415,3.442754621134846,0.009360112915523397,0.871899643730069,0.8906198695611158,True,True,61.46484698299724,48.77813290809725,131.31357983849193,84.35375658499152,120.40372191091103,161.1180467855789,204.52030767138993,242.15141182739364,68.84959238703678,115.11166473746434,174.23297912821596,242.70964676218057,312.7465133650287,15.504164197954736,5.292057173446693,-13.114932342637047,-38.18933909079064,-70.59510153763506,2026071814,2000000
k5-p1.25-N320,5,320,1.25,72938585259,20000,40,500,36,0,9774.8775,1252.604775749303,12800.0,184.1402646720853,169.10948875660264,0.9183732252028134,"[0.9177640875971894,0.9205637222839899,0.9226177591838912,0.9227136911467009,0.9260603808872436,0.9109249886789245,0.8881107892955967,0.931395533780958,0.9082923241805582,0.9281508476464401,0.9053402912490414,0.9132583211667522,0.9743147653447286,0.8871781848976514,0.954938937514502,0.9195661513036356,0.8940549280038542,0.8986966992423254,0.9218126592934776,0.919549757866953,0.9153232870244419,0.9328952296552578,0.9198630546568881,0.9182728912986724,0.901834524456245,0.9225102910989719,0.9168041608047731,0.8816469179280676,0.9070628164293609,0.9413257062603808,0.9151065293616383,0.8987865595619186,0.938623217865033,0.9417416138206626,0.9135570460129692,0.9192061028609394,0.8951247515384761,0.9510700864574009,0.9440634101863803,0.8948059902696475]",0.003078717600436524,3.442754621134846,0.010599269246072029,0.9077739559567414,0.9289724944488854,True,True,54.434369269979605,42.764800069683474,116.8904535238015,81.8400879764923,120.24455549005118,166.13985072823436,215.6687564298547,261.9609537340442,68.84959238703678,115.11166473746434,174.23297912821596,242.70964676218057,312.7465133650287,12.99049558945552,5.132890752586846,-8.093128399981595,-27.04089033232586,-50.785559630984494,2026071814,2000000
k5-p1.25-N40,5,40,1.25,72938585256,20000,40,500,36,0,727.12075,229.4674624761739,1600.0,184.1402646720853,138.01432761497648,0.7495065126616967,"[0.746903699481631,0.7706061506230846,0.7429641673182857,0.7558887179117199,0.7489421583647572,0.737765839568309,0.7424197768667685,0.7596049984703422,0.7460347355432472,0.739752778850345,0.7444788435903303,0.7420230759383757,0.7457256179367074,0.7574617830649999,0.7542366560367685,0.7549235840513013,0.7467766177989427,0.7477554902196518,0.7458046146583787,0.7524248833984383,0.7432956100852977,0.7678189402041178,0.7411214829193015,0.7559076084321195,0.7518255387057585,0.7433471296863876,0.7291843913467582,0.758083452918152,0.7472969657699512,0.760276470604548,0.7480405653456829,0.7402284765004089,0.7542933275979675,0.7547467000875591,0.7465602354743647,0.7446024906329464,0.7628009310579559,0.7606920620533402,0.747844790861541,0.7397991464913259]",0.0013593236739441253,3.442754621134846,0.004679817860089134,0.7448266948016076,0.7541863305217857,True,True,75.80590661581431,59.76704777718236,162.85729949867152,89.17623001674829,115.42313459614584,141.19569752651813,164.43843832875572,182.63734626302508,68.84959238703678,115.11166473746434,174.23297912821596,242.70964676218057,312.7465133650287,20.326637629711513,0.31146985868150523,-33.03728160169783,-78.27120843342485,-130.10916710200362,2026071814,2000000
k5-p1.25-N80,5,80,1.25,72938585257,20000,40,500,36,0,1842.27195,441.0960428060384,3200.0,184.1402646720853,151.79861073791167,0.8243640303669203,"[0.8498916167451682,0.8255649710367872,0.8307671549440754,0.829079238130086,0.8432079518932275,0.8259486988880251,0.8050161017372703,0.8301648479370691,0.8050318880096314,0.8273111756256483,0.8238867688519432,0.7977289155496801,0.8444817826399003,0.8268278728256716,0.8277568342376872,0.8153803967066224,0.8093257540918376,0.8209201639767086,0.8304162139662028,0.8323154239641017,0.827601400171363,0.8018867768238526,0.8342304202343618,0.8260361305503325,0.8115734764103226,0.8276718312326661,0.8312492434154092,0.81371433780821,0.8307307250847807,0.8255127549051314,0.8235188272730665,0.8323312102364628,0.8065267265693586,0.8232759615444348,0.8205740803134086,0.823223745412779,0.8153852540211952,0.8405024276762719,0.833886765228348,0.8241053480077115]",0.0018325699112342123,3.442754621134846,0.006309088530454259,0.818054941836466,0.8306731188973746,True,True,68.24987613777245,55.11907564536981,144.7965818829991,87.31845452136679,118.51160280748884,153.61787005423554,186.8234795201074,214.6625258399798,68.84959238703678,115.11166473746434,174.23297912821596,242.70964676218057,312.7465133650287,18.46886213433001,3.399938070024504,-20.61510907398042,-55.88616724207316,-98.08398752504891,2026071814,2000000
k5-p1.5-N160,5,160,1.5,72938585262,20000,40,500,36,0,2441.0884,311.99492660482696,3200.0,65.10341491955859,59.997229968066016,0.9215680935047456,"[0.9122522498858957,0.9343748891069457,0.92548600343903,0.9222996050793841,0.8986299111669512,0.9355552165480947,0.9219207345427191,0.9126529783381383,0.9321623823191119,0.9186396185489062,0.9403736726041454,0.9315965051714005,0.9525631035241637,0.9172504265811339,0.9526772504166207,0.9332698500416716,0.9192710694433482,0.9025327634260604,0.9144744713028751,0.9205485431759505,0.9120628146175631,0.9212819976764176,0.9076960888167676,0.9162595344083168,0.9284149641263271,0.9004659760754061,0.9007209850904693,0.9578308611781822,0.922746478020066,0.9509796189734858,0.9134204340406141,0.9035017976833006,0.9224307525728448,0.9290245571051922,0.9169347011339126,0.9179304506213022,0.9030330668270418,0.905318433333465,0.9215127201186176,0.9126262631079883]",0.002366535177185672,3.442754621134846,0.008147399917334144,0.9134206935874114,0.9297154934220797,True,True,19.119020053659916,15.17893276880822,40.95149569918051,28.618612824523833,42.690748412273116,58.897421420636064,76.44806243457056,92.73379238443772,24.6626137035291,40.81647430529529,61.56166868544713,85.63608611701054,110.31609832894958,3.9559991209947327,1.874274106977829,-2.664247264811067,-9.188023682439976,-17.58230594451186,2026071814,2000000
k5-p1.5-N320,5,320,1.5,72938585263,20000,40,500,36,0,5302.06615,483.7601390852556,6400.0,65.10341491955859,61.37636808495142,0.9427518995860314,"[0.962779414648737,0.9098739362894593,0.9755923394398099,0.9265044635212974,0.9548144843202296,0.9210073220849988,0.9446256245446722,0.9074078647172864,0.9255530682211701,0.9523106317072575,0.9599475539088258,0.9396505483994186,0.9562759236711483,0.9051375676292555,0.9264821383608252,0.9328963286965253,0.9546805333573957,0.975202507791562,0.9526214666338336,0.935527262992186,0.9585341995189248,0.9577253417818126,0.9324635640473696,0.9545706248750707,0.929760502310183,0.9429958878301932,0.9582594283131112,0.9732104165494172,0.9345501078915124,0.9510295109601536,0.9557761835405754,0.9678729858764973,0.9509522315585194,0.925796927666329,0.9537068128967955,0.9212030965691408,0.9653639813034167,0.9282681511986104,0.9120291729350561,0.9171158748826712]",0.003095299556536961,3.442754621134846,0.010656356852064263,0.9320955427339672,0.9534082564380957,True,True,16.479862920448028,13.080997668373769,35.33546421444055,27.391832724372424,42.09397967643354,59.92662179699436,79.15680640349255,97.15715362236585,24.6626137035291,40.81647430529529,61.56166868544713,85.63608611701054,110.31609832894958,2.729219020843324,1.277505371138254,-1.63504688845277,-6.4792797135179825,-13.158944706583725,2026071814,2000000
k5-p1.5-N40,5,40,1.5,72938585260,20000,40,500,36,0,458.66965,107.9684730763403,800.0,65.10341491955859,53.9690670271227,0.8289744415681815,"[0.8303482115621861,0.8166845856693739,0.8499329039190355,0.8306153638636806,0.8468922249965685,0.8360166976684468,0.8255880432810071,0.8241794220549441,0.8152662498141655,0.847489674689002,0.8309262319963291,0.8380470551598066,0.8188218040813318,0.8210804553576053,0.8135613323991719,0.8357204014795163,0.8172577487889443,0.8415054631355202,0.8131873191770793,0.8319462680565817,0.8358126904563963,0.8384404976401898,0.8228679471203335,0.835409533346868,0.7997228431817452,0.8135127592534456,0.8297750484426155,0.8070476735572734,0.844881296763499,0.8349529457770405,0.8223044986299085,0.8229213775806327,0.8397762591476635,0.8470379444337472,0.8301442043501355,0.8494957456074986,0.8350598066976385,0.8307513686717144,0.8256463310558787,0.8083494338627386]",0.001980820049838799,3.442754621134846,0.006819477380219082,0.8221549641879624,0.8357939189484005,True,True,24.111015285084168,19.289893727027113,51.38701197773616,31.622776601683793,42.37452064625628,54.86551740392138,66.24971698052754,75.73654996103268,24.6626137035291,40.81647430529529,61.56166868544713,85.63608611701054,110.31609832894958,6.960162898154692,1.558046340960992,-6.696151281525751,-19.386369136482998,-34.5795483679169,2026071814,2000000
k5-p1.5-N80,5,80,1.5,72938585261,20000,40,500,36,0,1086.8528,190.2054663728987,1600.0,65.10341491955859,57.371601083184,0.8812379681476316,"[0.8973340653841633,0.8817923190553594,0.8524398849943737,0.8909147230883545,0.8686204743766933,0.8931541084157314,0.9068342798251514,0.8873804784535834,0.8625239882477149,0.8520380321058723,0.8750569898728655,0.8718662092453608,0.8862813936303311,0.8973890196253258,0.867205402666756,0.8726973921429454,0.8766781399871628,0.8688780723821432,0.891144843973223,0.8642344390039018,0.8661269256839393,0.8620706157581236,0.8896267330611055,0.8737071763243084,0.8907910760457387,0.864251612204265,0.9174301444493196,0.8978801731557169,0.8855910309757257,0.8968051308129731,0.8769597804731212,0.8887715076830125,0.8701145428083022,0.8859310603429196,0.8866901157989778,0.8832211293255874,0.8844885115124004,0.891574173982306,0.896623094889122,0.8763999341412769]",0.002293389756316731,3.442754621134846,0.007895578181622743,0.8733423899660088,0.8891335463292543,True,True,21.438245832579796,16.994116628998402,45.95119693762068,30.18691769624716,42.70889837024598,57.019733426244635,72.00138887549322,85.30599334161697,24.6626137035291,40.81647430529529,61.56166868544713,85.63608611701054,110.31609832894958,5.52430399271806,1.8924240649506956,-4.541935259202496,-13.634697241517316,-25.01010498733261,2026071814,2000000
k5-p2-N160,5,160,2.0,72938585266,20000,40,500,36,0,1323.41895,118.78203605554998,1600.0,23.017533084010662,21.865651891022836,0.9499563576694504,"[0.9844365376269189,0.9602223251146388,0.9435849286026556,0.9594117500574905,0.9265559831223878,0.9794975252024286,0.9351837989849191,0.9409952099878665,0.9457350132881431,0.9742081794905264,0.9615274883422513,0.9534560841714909,0.9703888597297239,0.9531469665649513,0.9384329684936598,0.9649483898546241,0.9386047004972928,0.9518898882983565,0.9528241103981208,0.9122953575406872,0.9117939000900784,0.9659581740359876,0.9386459161781645,0.9589240311671721,0.9540743193845704,0.9498359735349036,0.9235472384187342,0.9274970745022972,0.9588209919649922,0.9500970061804261,0.9419775170486485,0.9441894252554442,0.9721542647270737,0.9564785674354354,0.9670160431783681,0.9638149586306454,0.9378971646423235,0.9590408089296429,0.9531263587245151,0.916018507379455]",0.0027692044768546156,3.442754621134846,0.009533691509558531,0.9404226661598919,0.9594900491790089,True,True,5.808870843751874,4.58530260724415,12.411939816160888,10.198345454043023,15.099875827304011,21.26631726463235,27.986157292490155,34.46882649583533,9.180286751528724,14.594045643850547,21.679168965391803,30.039055817791294,38.65746141074859,1.018058702514299,0.5058301834534635,-0.4128517007594539,-2.0528985253011385,-4.1886349149132585,2026071814,2000000
k5-p2-N320,5,320,2.0,72938585267,20000,40,500,36,0,2802.86955,176.58991769846074,3200.0,23.017533084010662,22.200267053377036,0.9644937610103252,"[0.9620348669407948,0.9412795617719414,0.9578527190937598,0.9497750049594736,0.9548266121150102,0.9453839925858151,0.9294277142147205,0.9795892018062846,0.945107125655175,0.9759462158768111,0.9717203521986224,0.9915527675986755,0.9886675227425323,1.0020445670755598,0.9866517371948904,0.9679753626631227,0.9330269843130404,0.9407403998543787,0.9769322507350552,0.9703408748599945,0.9604999555358431,0.9346347554365808,0.9454422803606863,0.9317786544678739,0.9747027433462171,0.9918539211021793,0.9468897601033305,0.9554240618074441,0.9930973936327723,0.9742752996638256,0.9732261197161378,0.9618357170433172,0.9790306106304321,0.9670816167817586,0.9613597002151995,0.9502170205855828,0.9798272102203435,0.9879874987023645,0.9946468769814414,0.9450634098240212]",0.003136061630576988,3.442754621134846,0.010796690670832606,0.9536970703394927,0.9752904516811578,True,True,5.019695896074812,3.9690206600621267,10.844929690873979,10.174109297624042,15.09345884812358,21.410350884560486,28.453965013684822,35.49757914280916,9.180286751528724,14.594045643850547,21.679168965391803,30.039055817791294,38.65746141074859,0.9938225460953181,0.4994132042730328,-0.2688180808313163,-1.5850908041064713,-3.1598822679394303,2026071814,2000000
k5-p2-N40,5,40,2.0,72938585264,20000,40,500,36,0,271.35555,45.88923103816148,400.0,23.017533084010662,20.340473516982403,0.8836947661916079,"[0.8604872466846255,0.8800097408576469,0.8871125765279158,0.8744868396208032,0.8887612037627945,0.9078852796873869,0.866532213212514,0.8755584473234744,0.897911084916371,0.8727695195844712,0.8775505385656195,0.898433150207416,0.8836641978949612,0.9145622199886453,0.888184184230587,0.8740059900106303,0.8727557810241808,0.8944077520422539,0.8928552947294098,0.8909456348490085,0.8985980129309039,0.8962487191212015,0.8833207338876947,0.8683594417311709,0.8933636214601641,0.8721512843713919,0.8750226434721389,0.8866729425986146,0.8963311504829454,0.8670405399432682,0.8752287218764986,0.8855875963356531,0.8755172316426025,0.8759568655719033,0.8688952455825065,0.8869477138044279,0.8866729425986146,0.8746929180251632,0.8897641186640125,0.8925393078427247]",0.0019003838118807968,3.442754621134846,0.006542555150282467,0.8771522110413255,0.8902373213418904,True,True,7.488218159419669,6.00832755431992,15.969502183850315,11.067971810589327,15.17893276880822,20.080463142069206,25.298221281347033,29.88352388859118,9.180286751528724,14.594045643850547,21.679168965391803,30.039055817791294,38.65746141074859,1.887685059060603,0.5848871249576728,-1.5987058233225966,-4.740834536444261,-8.773937522157407,2026071814,2000000
k5-p2-N80,5,80,2.0,72938585265,20000,40,500,36,0,610.10155,75.3993261940518,800.0,23.017533084010662,21.231292151092244,0.922396508505108,"[0.9108436286598329,0.9335272877140217,0.9381223072997306,0.9414835689839915,0.9019450283627722,0.9708800367775565,0.9345764676617095,0.9006141241698712,0.9335855754888931,0.9587561796042687,0.9158175187822074,0.9223943227135505,0.9365485373781982,0.9184696125388644,0.9176535836906623,0.9332455634688085,0.9326724003492384,0.9288836949825859,0.9042376808410542,0.9361308083249519,0.9157300871198999,0.8956499486766423,0.9249589848079,0.9364708203450363,0.890287473388457,0.9228606249125232,0.8761526879821001,0.9419595858121097,0.9051411413515638,0.9344210335953858,0.923560078210982,0.9229189126873943,0.9490804089755873,0.8804271248060156,0.9379085854585348,0.9107950555141066,0.9084926884066791,0.925405857748582,0.8839341059274554,0.9393172066845978]",0.0032572144380533423,3.442754621134846,0.011213790058635285,0.9111827184464727,0.9336102985637433,True,True,6.632842851487682,5.254759747124505,14.310835055998654,10.621322893124,15.205262246998569,20.795432190748045,26.944619128872464,32.53478907262194,9.180286751528724,14.594045643850547,21.679168965391803,30.039055817791294,38.65746141074859,1.4410361415952764,0.6112166031480211,-0.8837367746437579,-3.0944366889188295,-6.122672338126648,2026071814,2000000
