split,k,N,p_bias,repetitions,mc_mean,mc_sd,mc_se,ci_low,ci_high,seed,formula_mean,signed_relative_error,absolute_relative_error,formula_inside_mc_95ci
calibration,3,10,0.3,5000,21.4394,6.563028440320954,0.09281523830542233,21.25748547570487,21.62131452429513,8263531,21.366686630532147,-0.00339157669840817,0.00339157669840817,True
calibration,3,10,0.5,5000,29.9416,11.885185777605399,0.16808190918013374,29.612165511554206,30.271034488445796,8263731,29.889001573622824,-0.0017567005897205499,0.0017567005897205499,True
calibration,3,10,0.7,5000,47.4642,24.547986456893312,0.3471609537628958,46.783777033786144,48.14462296621385,8263931,47.34976412968673,-0.002410993344736987,0.002410993344736987,True
calibration,3,10,0.85,5000,74.1422,46.8160093013638,0.6620783529017364,72.844550273369,75.43984972663101,8264081,74.20958679055053,0.0009088857701892982,0.0009088857701892982,True
calibration,3,10,1.0,5000,98.9908,68.91693133073186,0.9746325896505627,97.08055522612588,100.9010447738741,8264231,100.0,0.010194886797561057,0.010194886797561057,True
calibration,3,10,1.15,5000,77.8582,48.93887509392805,0.6921002088511592,76.50170851695907,79.21469148304092,8264381,70.97798790116444,-0.08836849681646322,0.08836849681646322,False
calibration,3,10,1.3,5000,52.4852,26.190008863550513,0.37038265733504705,51.75926333112507,53.21113666887493,8264531,49.63392809338493,-0.054325255626635094,0.054325255626635094,False
calibration,3,10,1.5,5000,36.9348,14.355032648951742,0.2030108186045613,36.53690610706307,37.33269389293694,8264731,35.3231273231314,-0.04363561402440518,0.04363561402440518,False
calibration,3,10,1.7,5000,28.359,8.761636391362682,0.12390825013246767,28.116144292352985,28.60185570764702,8264931,27.63976413284377,-0.025361820485779906,0.025361820485779906,False
calibration,3,10,1.9,5000,23.226,5.835180705580021,0.08252191692729072,23.064260014887303,23.387739985112695,8265131,22.835204404956883,-0.016825781238401616,0.016825781238401616,False
calibration,3,20,0.3,5000,42.9398,9.328235586424217,0.1319211727933247,42.681239252526794,43.1983607474732,8263701,42.251641106920026,-0.016026131772387674,0.016026131772387674,False
calibration,3,20,0.5,5000,60.031,17.39483127342735,0.24600006302072613,59.54884873628479,60.51315126371521,8263901,59.50462246300739,-0.008768428595102734,0.008768428595102734,False
calibration,3,20,0.7,5000,98.304,37.84746847774676,0.5352440322271766,97.25494097389473,99.35305902610527,8264101,99.50435239530802,0.012210616000447755,0.012210616000447755,False
calibration,3,20,0.85,5000,191.003,102.80934463009018,1.4539436951456306,188.15332272196548,193.8526772780345,8264251,188.51343025403497,-0.013034191850206614,0.013034191850206614,True
calibration,3,20,1.0,5000,393.8002,278.08748841003626,3.9327509763574415,386.0921497261747,401.50825027382535,8264401,400.0,0.015743516636101205,0.015743516636101205,True
calibration,3,20,1.15,5000,208.3162,106.74586059098809,1.5096144377496303,205.35741007146905,211.27498992853097,8264551,198.340098482923,-0.04788922569189056,0.04788922569189056,False
calibration,3,20,1.3,5000,127.761,47.36640364476543,0.6698621043526567,126.44809440086058,129.0739055991394,8264701,124.7838314741634,-0.023302639505299656,0.023302639505299656,False
calibration,3,20,1.5,5000,85.1494,24.0105306221281,0.33956018045588066,84.48387427572256,85.81492572427744,8264901,84.58628378758192,-0.006613272817167008,0.006613272817167008,True
calibration,3,20,1.7,5000,64.161,14.753122039825483,0.20864065276066618,63.752071834878166,64.56992816512184,8265101,64.46133864554447,0.004681015656621175,0.004681015656621175,True
calibration,3,20,1.9,5000,51.8262,9.645029750072103,0.13640131882043952,51.558858327668176,52.093541672331824,8265301,52.247851320070424,0.00813587181908811,0.00813587181908811,False
calibration,3,40,0.3,5000,85.567,13.238737244645598,0.18722401760071625,85.20004766846169,85.9339523315383,8264041,85.19722839679342,-0.004321427690658464,0.004321427690658464,False
calibration,3,40,0.5,5000,120.3918,24.727818054918462,0.34970415661159976,119.70639244779731,121.0772075522027,8264241,119.44410370050805,-0.007871767840433915,0.007871767840433915,False
calibration,3,40,0.7,5000,198.58,56.9792289040954,0.8058079828973278,197.00064537506637,200.15935462493366,8264441,199.7124294434266,0.005702635932251929,0.005702635932251929,True
calibration,3,40,0.85,5000,404.4084,159.35283830184818,2.253589451291205,399.99144583952983,408.8253541604701,8264591,398.3507098900153,-0.014979140171135571,0.014979140171135571,False
calibration,3,40,1.0,5000,1590.6136,1106.634580118398,15.650176317944938,1559.9398180651262,1621.2873819348736,8264741,1600.0,0.005901118914109684,0.005901118914109684,True
calibration,3,40,1.15,5000,516.4622,195.6986186998575,2.7675964070301946,511.0378107184784,521.8865892815217,8264891,497.7882977548043,-0.036157345581527035,0.036157345581527035,False
calibration,3,40,1.3,5000,291.6886,77.63510205992114,1.0979261424935989,289.5367043030276,293.8404956969724,8265041,291.3239544989936,-0.0012501191373485538,0.0012501191373485538,True
calibration,3,40,1.5,5000,188.5468,39.37772378878898,0.5568851103748703,187.45532524013862,189.63827475986136,8265241,189.65412206673847,0.005872929515316495,0.005872929515316495,False
calibration,3,40,1.7,5000,140.8088,23.555398827504163,0.33312364488963686,140.15588965361758,141.4617103463824,8265441,141.24421869723338,0.003092269071488343,0.003092269071488343,True
calibration,3,40,1.9,5000,112.0692,15.258931101347535,0.21579387310842313,111.64625178062307,112.49214821937692,8265641,112.76001821896104,0.006164211210225838,0.006164211210225838,False
calibration,3,80,0.3,5000,171.6154,18.82757494622372,0.26626211835545477,171.09353583757596,172.13726416242403,8264721,172.80892336019616,0.006954640202430359,0.006954640202430359,False
calibration,3,80,0.5,5000,240.784,34.35076911901411,0.4857932356605665,239.8318627541721,241.73613724582788,8264921,242.26571943755837,0.006153728809050362,0.006153728809050362,False
calibration,3,80,0.7,5000,399.7828,79.56520941133589,1.1252219824256662,397.57740543983294,401.9881945601671,8265121,404.5219711583092,0.011854364815868029,0.011854364815868029,False
calibration,3,80,0.85,5000,795.136,229.59920179019034,3.2470230508172415,788.7719517634268,801.5000482365731,8265271,809.1950390397607,0.017681301110452432,0.017681301110452432,False
calibration,3,80,1.0,5000,6590.6012,4694.491983671451,66.3901423175994,6460.478912129017,6720.723487870983,8265421,6400.0,-0.028920153748644366,0.028920153748644366,False
calibration,3,80,1.15,5000,1172.6552,323.0442493380219,4.568535586604663,1163.7010347881653,1181.6093652118345,8265571,1152.7476916835546,-0.016976438015578046,0.016976438015578046,False
calibration,3,80,1.3,5000,645.0996,123.37714725155865,1.7448163493005666,641.6798227957343,648.5193772042658,8265721,639.1491774748048,-0.009224036916462546,0.009224036916462546,False
calibration,3,80,1.5,5000,406.2524,60.87993074432236,0.8609722373495543,404.56492542310605,407.939874576894,8265921,404.6873701060156,-0.0038523585189513825,0.0038523585189513825,True
calibration,3,80,1.7,5000,299.3342,35.81739085217531,0.5065343991196435,298.34141082079486,300.32698917920516,8266121,297.2797182467264,-0.0068635049161558945,0.0068635049161558945,False
calibration,3,80,1.9,5000,236.4804,23.103150585004435,0.32672788890861176,235.8400251049943,237.1207748950057,8266321,235.3796676383081,-0.0046546452124231474,0.0046546452124231474,False
calibration,4,10,0.3,5000,28.318,9.188479832503658,0.12994472796718337,28.063313013203466,28.572686986796537,8264540,28.6298517024319,0.011012490374740388,0.011012490374740388,False
calibration,4,10,0.5,5000,39.3454,15.874435371995942,0.2244984179809185,38.90539118617118,39.785408813828816,8264740,39.591921032798844,0.006265561737810414,0.006265561737810414,True
calibration,4,10,0.7,5000,60.829,31.022286109297127,0.4387213775158647,59.96912190082111,61.68887809917889,8264940,60.39530980820822,-0.007129661703986302,0.007129661703986302,True
calibration,4,10,0.85,5000,87.7408,51.426130952551254,0.7272753185347279,86.31536656882703,89.16623343117296,8265090,87.58983777297648,-0.0017205476474287072,0.0017205476474287072,True
calibration,4,10,1.0,5000,107.7638,67.2498782064604,0.9510568982751512,105.89976273213233,109.62783726786768,8265240,107.0866212609374,-0.006283916668330157,0.006283916668330157,True
calibration,4,10,1.15,5000,89.621,51.50999529142849,0.7284613393891243,88.1932420106675,91.04875798933249,8265390,87.38260541555813,-0.024976228612064846,0.024976228612064846,False
calibration,4,10,1.3,5000,69.4788,33.44648986211886,0.47300479576782717,68.55172763578034,70.40587236421968,8265540,68.55197613898717,-0.013339664199911842,0.013339664199911842,True
calibration,4,10,1.5,5000,52.2898,20.67262168708854,0.29235501959688787,51.716794690890595,52.862805309109405,8265740,52.23180980799484,-0.0011090153721214629,0.0011090153721214629,True
calibration,4,10,1.7,5000,42.6248,14.095636287605839,0.19934240008210521,42.2340960752473,43.0155039247527,8265940,42.19838873715489,-0.010003830231346713,0.010003830231346713,False
calibration,4,10,1.9,5000,35.9052,10.342881996890439,0.14627043994026978,35.618515205714246,36.191884794285755,8266140,35.55874373962927,-0.00964919455596207,0.00964919455596207,False
calibration,4,20,0.3,5000,57.6996,13.646120443577805,0.19298528605084486,57.32135578979418,58.07784421020581,8264710,56.50795894992657,-0.020652501058472307,0.020652501058472307,False
calibration,4,20,0.5,5000,80.1924,23.84893155986887,0.3372748246007429,79.53135349089048,80.85344650910953,8264910,79.6419823967762,-0.006863712810987155,0.006863712810987155,True
calibration,4,20,0.7,5000,132.2372,51.470049245691136,0.7278964169926749,130.8105492382186,133.6638507617814,8265110,132.30628255991013,0.0005224139645283536,0.0005224139645283536,True
calibration,4,20,0.85,5000,243.033,122.4726100768813,1.7320242618995731,239.63829482632724,246.42770517367273,8265260,241.13121910316224,-0.007825196153764096,0.007825196153764096,True
calibration,4,20,1.0,5000,422.785,266.40440956727304,3.7675272908603423,415.400782199142,430.16921780085806,8265410,427.6647877604976,0.01154200778290987,0.01154200778290987,True
calibration,4,20,1.15,5000,275.5438,132.8528752374286,1.8788233796103224,271.8613738426519,279.22622615734804,8265560,272.2257160997352,-0.012041947234032315,0.012041947234032315,True
calibration,4,20,1.3,5000,189.147,72.69348154719162,1.0280410750015672,187.13207651836908,191.1619234816309,8265710,187.9999004444011,-0.006064592912384997,0.006064592912384997,True
calibration,4,20,1.5,5000,134.1618,40.20633943429992,0.5686035052136313,133.04735760829806,135.27624239170194,8265910,133.85509990717784,-0.0022860463471879077,0.0022860463471879077,True
calibration,4,20,1.7,5000,104.5746,26.37675456678276,0.3730236403973065,103.84348709943926,105.30571290056075,8266110,104.93062055177322,0.003404464867885824,0.003404464867885824,True
calibration,4,20,1.9,5000,86.1778,18.592485666651807,0.2629374538800636,85.66245206020842,86.69314793979159,8266310,86.80633616524949,0.007293481212672934,0.007293481212672934,False
calibration,4,40,0.3,5000,114.3248,18.717429668484904,0.26470442889935897,113.80598885280901,114.84361114719098,8265050,113.3671519556552,-0.00837655560599969,0.00837655560599969,False
calibration,4,40,0.5,5000,160.2554,33.38471324806806,0.4721311425135459,159.33003996469373,161.1807600353063,8265250,159.08463007082224,-0.007305650412889461,0.007305650412889461,False
calibration,4,40,0.7,5000,265.3294,75.21706998523295,1.063730004950827,263.24452750102176,267.4142724989783,8265450,266.292802234066,0.003630966768349061,0.003630966768349061,True
calibration,4,40,0.85,5000,532.7468,212.3435618223672,3.0029914501180146,526.861044911887,538.632555088113,8265600,528.0621710496005,-0.008793349768406946,0.008793349768406946,True
calibration,4,40,1.0,5000,1680.906,1051.131465343649,14.865243741260935,1651.770657645719,1710.041342354281,8265750,1709.2957564754865,0.01688955627232373,0.01688955627232373,True
calibration,4,40,1.15,5000,750.8156,283.8426693237396,4.014141525378141,742.9480271814122,758.6831728185879,8265900,749.4713723329189,-0.0017903566029809446,0.0017903566029809446,True
calibration,4,40,1.3,5000,471.1852,130.65104224585423,1.8476847588226724,467.563804417924,474.806595582076,8266050,471.89954640562405,0.0015160629103461692,0.0015160629103461692,True
calibration,4,40,1.5,5000,318.6982,71.03446977305586,1.0045791054903725,316.7292611336174,320.6671388663826,8266250,320.74177658310083,0.006412262708420832,0.006412262708420832,False
calibration,4,40,1.7,5000,244.1614,44.87795178204137,0.6346700806168871,242.91746949992574,245.40533050007423,8266450,244.8971276604947,0.0030132840837852233,0.0030132840837852233,True
calibration,4,40,1.9,5000,196.5938,32.00428184432943,0.45260889438261687,195.70670286792756,197.4808971320724,8266650,198.8313356924596,0.011381517079682076,0.011381517079682076,False
calibration,4,80,0.3,5000,228.6324,26.031273416395436,0.36813779911308636,227.9108631723905,229.3539368276095,8265730,229.92972906866487,0.005674301055602266,0.005674301055602266,False
calibration,4,80,0.5,5000,319.722,47.38027959160685,0.6700583398747958,318.40870978630466,321.0352902136953,8265930,322.2617514077915,0.007943624172848687,0.007943624172848687,False
calibration,4,80,0.7,5000,529.8144,104.95214787372701,1.4842475092321132,526.9053283377617,532.7234716622382,8266130,537.9504050567328,0.01535633055034531,0.01535633055034531,False
calibration,4,80,0.85,5000,1064.2998,301.9266663650835,4.269887864155977,1055.9309735682295,1072.6686264317705,8266280,1075.5685349981684,0.010587933022413782,0.010587933022413782,False
calibration,4,80,1.0,5000,6775.1752,4270.408063488863,60.392690002533755,6656.807702665541,6893.542697334458,8266430,6834.456236768939,0.00874974226038302,0.00874974226038302,True
calibration,4,80,1.15,5000,1866.3454,534.8104256062212,7.563361571908452,1851.5214837170051,1881.1693162829947,8266580,1877.4283762157831,0.005938330716159624,0.005938330716159624,True
calibration,4,80,1.3,5000,1101.86,230.01516862059145,3.252905710147748,1095.4844219630056,1108.2355780369942,8266730,1102.962631969032,0.0010007006053691194,0.0010007006053691194,True
calibration,4,80,1.5,5000,720.3106,116.65282038485287,1.6497200067733158,717.0772082021491,723.5439917978509,8266930,720.9581846038934,0.0008990352271553304,0.0008990352271553304,True
calibration,4,80,1.7,5000,541.0772,73.27772898550455,1.0363035815120059,539.0460823031865,543.1083176968134,8267130,538.8390013474981,-0.0041365606469869086,0.0041365606469869086,False
calibration,4,80,1.9,5000,432.5876,51.06595218474348,0.7221816215516021,431.17215003146214,434.0030499685379,8267330,431.49523503095,-0.002525187890383315,0.002525187890383315,True
calibration,5,10,0.3,5000,35.8134,11.958510845265277,0.169118882231599,35.4819330817204,36.144866918279604,8265549,35.830625447681065,0.0004809777256854585,0.0004809777256854585,True
calibration,5,10,0.5,5000,48.7306,19.82753262133163,0.28040365541482154,48.18101893425357,49.28018106574643,8265749,48.971702591541536,0.004947663101655503,0.004947663101655503,True
calibration,5,10,0.7,5000,71.819,35.07616151207661,0.4960518332636791,70.84675627233813,72.79124372766188,8265949,72.34242529385752,0.007288117265034515,0.007288117265034515,True
calibration,5,10,0.85,5000,99.5316,54.381710855168095,0.7690735303643088,98.02424357902288,101.03895642097712,8266099,99.32271027757731,-0.00209872766460785,0.00209872766460785,True
calibration,5,10,1.0,5000,114.5986,67.75759511950875,0.958237099717943,112.72048979590272,116.47671020409729,8266249,115.17252634941863,0.005008144509781337,0.005008144509781337,True
calibration,5,10,1.15,5000,101.0546,55.101267215643546,0.7792495940030709,99.52729886078652,102.58190113921347,8266399,99.71252197555565,-0.013280721752838048,0.013280721752838048,True
calibration,5,10,1.3,5000,83.6698,39.86556685466957,0.5637842531756503,82.56480316872491,84.77479683127508,8266549,83.91494472412825,0.002929906897449884,0.002929906897449884,True
calibration,5,10,1.5,5000,66.6358,26.791609067454022,0.37889056900991464,65.89318813065869,67.37841186934132,8266749,67.77864027609482,0.017150544843684865,0.017150544843684865,False
calibration,5,10,1.7,5000,55.9624,19.801651631150982,0.2800376429416104,55.41353630551896,56.511263694481045,8266949,56.513321409731276,0.009844492189957428,0.009844492189957428,False
calibration,5,10,1.9,5000,48.3886,15.155049493321657,0.2143247653189099,47.96853117897994,48.808668821020056,8267149,48.49566859033976,0.002212682126363742,0.002212682126363742,True
calibration,5,20,0.3,5000,70.9542,16.848895495428867,0.2382793652064245,70.48718102593634,71.42121897406366,8265719,70.85337396789758,-0.0014210016052949386,0.0014210016052949386,True
calibration,5,20,0.5,5000,100.0852,29.947275482450227,0.42351843143404383,99.25511912760038,100.91528087239962,8265919,99.83557745207422,-0.0024941005056270224,0.0024941005056270224,True
calibration,5,20,0.7,5000,164.4408,64.66163252427316,0.9144535768101233,162.64850392391833,166.23309607608167,8266119,164.5640144786616,0.0007492938410759054,0.0007492938410759054,True
calibration,5,20,0.85,5000,292.8774,145.26603324013038,2.054371943603332,288.8509049796879,296.9038950203121,8266269,289.93563396897514,-0.010044359964356701,0.010044359964356701,True
calibration,5,20,1.0,5000,459.9118,272.5333265925118,3.8542032666578625,452.357700408254,467.46589959174605,8266419,460.5140880327912,0.001309572906786026,0.001309572906786026,True
calibration,5,20,1.15,5000,329.092,159.85776814783648,2.260730237653641,324.66105015543815,333.5229498445618,8266569,332.76720834505596,0.011167723144458018,0.011167723144458018,True
calibration,5,20,1.3,5000,243.1246,93.21761088676263,1.3182960956807759,240.5407871315059,245.70841286849407,8266719,247.66735173653126,0.01868487078860499,0.01868487078860499,False
calibration,5,20,1.5,5000,182.0096,57.249644646953406,0.8096322390076176,180.42274997082254,183.59645002917748,8266919,184.02836637694676,0.011091537902103831,0.011091537902103831,False
calibration,5,20,1.7,5000,146.5138,39.6479835815192,0.5607071610173024,145.4148341585324,147.61276584146762,8267119,147.40300410913252,0.0060690809270698125,0.0060690809270698125,True
calibration,5,20,1.9,5000,123.346,29.155107409467927,0.41231548310913857,122.53787650283786,124.15412349716215,8267319,123.70599256673134,0.0029185589052854225,0.0029185589052854225,True
calibration,5,40,0.3,5000,143.0544,23.776057301835475,0.3362442269601558,142.39537342514856,143.7134265748514,8266059,141.54364688395177,-0.010560689612121131,0.010560689612121131,False
calibration,5,40,0.5,5000,200.1484,42.627645966909036,0.6028459505844153,198.96684364862875,201.32995635137127,8266259,198.7996532306491,-0.006738733706344373,0.006738733706344373,False
calibration,5,40,0.7,5000,334.5504,92.98212190974654,1.3149657786299207,331.9731144329827,337.12768556701735,8266459,333.00803401367347,-0.0046102649595593315,0.0046102649595593315,True
calibration,5,40,0.85,5000,652.8932,259.11094513767273,3.6643821277300774,645.7111430040568,660.0752569959432,8266609,655.9136470271524,0.004626249786569053,0.004626249786569053,True
calibration,5,40,1.0,5000,1833.2526,1113.5420180480087,15.747862241957996,1802.3873571722643,1864.1178428277358,8266759,1841.704317401398,0.004610230691284933,0.004610230691284933,True
calibration,5,40,1.15,5000,968.6006,372.90372124276706,5.273655000409172,958.2644261323085,978.9367738676915,8266909,984.5874426102301,0.016505092615294845,0.016505092615294845,False
calibration,5,40,1.3,5000,651.497,190.81231369807284,2.698493618996041,646.2080496942566,656.7859503057433,8267059,658.4387390019087,0.01065505904387708,0.01065505904387708,False
calibration,5,40,1.5,5000,461.8842,109.70382389030581,1.5514463558986002,458.84342101849285,464.9249789815072,8267259,463.08773651155155,0.002605710503956475,0.002605710503956475,True
calibration,5,40,1.7,5000,356.5066,72.61758615654917,1.0269677520938854,354.4937801926119,358.5194198073881,8267459,360.5976413417713,0.011475359339129491,0.011475359339129491,False
calibration,5,40,1.9,5000,295.3078,52.054773066836134,0.7361656605737337,293.8649418186203,296.75065818137966,8267659,296.77319717805415,0.004962270478646893,0.004962270478646893,False
calibration,5,80,0.3,5000,286.079,34.11376128106879,0.4824414386724565,285.1334321555523,287.0245678444477,8266739,286.8627167657767,0.002739511693541703,0.002739511693541703,True
calibration,5,80,0.5,5000,398.2752,59.80092553714382,0.8457127993709235,396.61763337196845,399.9327666280315,8266939,402.01790399817463,0.009397281071416567,0.009397281071416567,False
calibration,5,80,0.7,5000,667.877,133.727159775613,1.891187630123057,664.1703403569511,671.5836596430488,8267139,671.1309038383152,0.004872010622188361,0.004872010622188361,True
calibration,5,80,0.85,5000,1332.1,378.44825936579946,5.352066610516043,1321.610142200529,1342.5898577994708,8267289,1341.7142692304399,0.007217377997477637,0.007217377997477637,True
calibration,5,80,1.0,5000,7248.5794,4254.304440134663,60.16495037702518,7130.658264129391,7366.5005358706085,8267439,7366.113200146059,0.01621473583445324,0.01621473583445324,True
calibration,5,80,1.15,5000,2634.616,780.2764033322547,11.034774719921739,2612.9882389714403,2656.2437610285597,8267589,2623.306924029884,-0.004292494986030537,0.004292494986030537,True
calibration,5,80,1.3,5000,1616.634,352.3610814354248,4.983138202184284,1606.8672285937332,1626.4007714062668,8267739,1619.781992582511,0.001947251253228035,0.001947251253228035,True
calibration,5,80,1.5,5000,1088.4362,188.0870864253471,2.659953085299663,1083.2227877522466,1093.6496122477536,8267939,1088.3731278209875,-5.7947520500125774e-05,5.7947520500125774e-05,True
calibration,5,80,1.7,5000,826.9858,122.14164283545112,1.7273436782842555,823.60026860164,830.3713313983601,8268139,825.5791533238597,-0.0017009320790518122,0.0017009320790518122,True
calibration,5,80,1.9,5000,668.528,88.06353532110013,1.245406460016219,666.0870481922547,670.9689518077454,8268339,667.5189635105027,-0.0015093406551369005,0.0015093406551369005,True
calibration,6,10,0.3,5000,42.5734,14.629142654405985,0.20688731947751685,42.16790830496603,42.978891695033965,8266558,42.94578108226499,0.008746801577158361,0.008746801577158361,True
calibration,6,10,0.5,5000,57.65,23.08404805606961,0.3264577383536592,57.01015459035243,58.28984540964757,8266758,58.02787632121273,0.006554662987211303,0.006554662987211303,True
calibration,6,10,0.7,5000,82.3636,38.52966522123456,0.5448917510956487,81.29563179237957,83.43156820762044,8266958,83.36922801532222,0.012209617055619425,0.012209617055619425,True
calibration,6,10,0.85,5000,109.1876,57.65714244961409,0.8153951281992174,107.58945491556011,110.7857450844399,8267108,109.79901545368422,0.005599678477081797,0.005599678477081797,True
calibration,6,10,1.0,5000,121.2668,68.11542820882809,0.9632976237977559,119.37877135096339,123.15482864903662,8267258,123.13338160249961,0.015392354729403328,0.015392354729403328,True
calibration,6,10,1.15,5000,110.426,58.159352008470734,0.8224974438921021,108.81393463259523,112.03806536740477,8267408,110.05245699310782,-0.0033827450681196206,0.0033827450681196206,True
calibration,6,10,1.3,5000,95.0402,44.037943322212605,0.6227905670529074,93.81955291866502,96.26084708133497,8267558,96.61676828502708,0.016588436104165178,0.016588436104165178,False
calibration,6,10,1.5,5000,80.0024,32.5911280959422,0.46090815366320287,79.09903661863926,80.90576338136073,8267758,81.5397018218838,0.019215696302658437,0.019215696302658437,False
calibration,6,10,1.7,5000,69.2474,24.73304950845321,0.3497781405369974,68.5618474419681,69.9329525580319,8267958,69.96500582562683,0.010362928075665417,0.010362928075665417,False
calibration,6,10,1.9,5000,60.3574,19.68238665682853,0.2783509814995815,59.811842101199446,60.90295789880055,8268158,61.149735642223895,0.013127398499999946,0.013127398499999946,False
calibration,6,20,0.3,5000,86.112,21.42236307058364,0.30295796392499924,85.51821330187741,86.70578669812258,8266728,85.27412446017486,-0.009730067119857097,0.009730067119857097,False
calibration,6,20,0.5,5000,119.3798,36.98851148608702,0.5230965459561727,118.3545496094886,120.4050503905114,8266928,120.04624568160729,0.005582566578326364,0.005582566578326364,True
calibration,6,20,0.7,5000,196.1744,75.68913101331465,1.0704059560326362,194.07644287733885,198.27235712266113,8267128,196.21586291792514,0.000211357434635431,0.000211357434635431,True
calibration,6,20,0.85,5000,332.513,155.76853275986016,2.20289971619952,328.1953958946954,336.83060410530453,8267278,335.38179704709745,0.0086276237232754,0.0086276237232754,True
calibration,6,20,1.0,5000,483.9444,269.6421456040899,3.813315793006847,476.47043838402874,491.4183616159712,8267428,492.8631889634837,0.018429367017127867,0.018429367017127867,False
calibration,6,20,1.15,5000,384.2056,182.23314603151235,2.577165866316815,379.15444771983306,389.25675228016695,8267578,383.4841216643806,-0.0018778444031513199,0.0018778444031513199,True
calibration,6,20,1.3,5000,295.1016,112.09597307163078,1.585276454053095,291.9945152445166,298.20868475548343,8267728,301.98604564150406,0.02332906917991649,0.02332906917991649,False
calibration,6,20,1.5,5000,229.2332,73.79655821351584,1.0436409348200972,227.1877013549609,231.27869864503913,8267928,233.24619882619658,0.017506185082250585,0.017506185082250585,False
calibration,6,20,1.7,5000,191.0366,54.39098947792068,0.7692047499056772,189.52898639344772,192.54421360655226,8268128,190.553902346713,-0.0025267286650150016,0.0025267286650150016,True
calibration,6,20,1.9,5000,162.2652,41.46977715690656,0.5864712128388723,161.11573754486628,163.4146624551337,8268328,161.87100042322555,-0.0024293537787180505,0.0024293537787180505,True
calibration,6,40,0.3,5000,171.392,30.048755740368165,0.42495357900465053,170.55910629004947,172.22489370995052,8267068,169.75052040286627,-0.009577340815987469,0.009577340815987469,False
calibration,6,40,0.5,5000,240.6416,51.424613247058275,0.7272538549378094,239.21620863670398,242.06699136329604,8267268,238.6100059827388,-0.00844240570733073,0.00844240570733073,False
calibration,6,40,0.7,5000,399.3284,113.82946886916679,1.6097917867250169,396.1732660754106,402.4835339245894,8267468,399.8210644801453,0.0012337326374616034,0.0012337326374616034,True
calibration,6,40,0.85,5000,784.532,306.00365132286345,4.327545138364812,776.0501673873337,793.0138326126664,8267618,781.6743727336312,-0.0036424610677050885,0.0036424610677050885,True
calibration,6,40,1.0,5000,1963.7856,1087.5083378575182,15.379690405919241,1933.641960711022,1993.929239288978,8267768,1972.1120809609051,0.004240015285225231,0.004240015285225231,True
calibration,6,40,1.15,5000,1191.5828,456.93887487412826,6.462091540224948,1178.917333316358,1204.2482666836418,8267918,1198.3446500105324,0.0056746790995409625,0.0056746790995409625,True
calibration,6,40,1.3,5000,829.5678,255.2870652820077,3.6103043002024093,822.4917335983732,836.6438664016268,8268068,843.5988361342241,0.01691367014754443,0.01691367014754443,False
calibration,6,40,1.5,5000,608.7296,150.34181792263675,2.1261543789801935,604.5624139916267,612.8967860083733,8268268,611.1423856079559,0.003963641012291705,0.003963641012291705,True
calibration,6,40,1.7,5000,483.6394,99.96941004241671,1.413780955044228,480.8684402460847,486.4103597539154,8268468,483.7937582182766,0.0003191597257720739,0.0003191597257720739,True
calibration,6,40,1.9,5000,400.5532,76.71280558464886,1.0848829006550091,398.42686858727285,402.67953141272716,8268668,402.7124966017587,0.005390786047293301,0.005390786047293301,False
calibration,6,80,0.3,5000,341.9218,41.81282754454013,0.5913226779465597,340.762828847983,343.08077115201706,8267748,343.6637123810769,0.005094475933025833,0.005094475933025833,False
calibration,6,80,0.5,5000,480.9412,73.6731897662784,1.041896241507576,478.8991208910175,482.98327910898246,8267948,481.6247840023177,0.001421346314929413,0.001421346314929413,True
calibration,6,80,0.7,5000,800.627,162.83552484832825,2.3028420767664692,796.1135124674543,805.1404875325456,8268148,804.2198302434059,0.004487520709901061,0.004487520709901061,True
calibration,6,80,0.85,5000,1592.145,451.8998338868619,6.390828739169489,1579.6192058398642,1604.6707941601358,8268298,1607.6855807353736,0.009760782300213626,0.009760782300213626,False
calibration,6,80,1.0,5000,7877.1634,4364.8479198447585,61.728271259404494,7756.1782115036485,7998.148588496352,8268448,7889.766974057562,0.0016000142967151948,0.0016000142967151948,True
calibration,6,80,1.15,5000,3325.3168,1017.0022634972609,14.382583940019623,3297.1274534729373,3353.506146527063,8268598,3358.186200231744,0.009884592118183698,0.009884592118183698,False
calibration,6,80,1.3,5000,2149.2348,495.21016012345495,7.0033292467154205,2135.508526904562,2162.961073095438,8268748,2165.9814429038997,0.007791909429299932,0.007791909429299932,False
calibration,6,80,1.5,5000,1484.0774,278.2404854847557,3.934914681738158,1476.3651089415553,1491.7896910584445,8268948,1492.357041427962,0.005578982220174051,0.005578982220174051,False
calibration,6,80,1.7,5000,1147.0666,179.86930132057418,2.5437360538212883,1142.0809689483344,1152.0522310516658,8269148,1147.4634392529692,0.0003459600802334668,0.0003459600802334668,True
calibration,6,80,1.9,5000,936.2162,132.30987505914905,1.8711441974453829,932.5488247631259,939.883575236874,8269348,935.9766249236134,-0.0002558971703187643,0.0002558971703187643,True
calibration,8,10,0.3,5000,56.1422,18.911602494283247,0.2674504473362422,55.61800675557184,56.666393244428164,8268576,56.894450782400455,0.013399025731098033,0.013399025731098033,False
calibration,8,10,0.5,5000,75.3122,29.895817151177308,0.4227907007342113,74.4835454535625,76.14085454643751,8268776,75.30444455934719,-0.00010297721554827878,0.00010297721554827878,True
calibration,8,10,0.7,5000,104.5652,47.119713522478975,0.6663733791862468,103.25913217653871,105.8712678234613,8268976,103.48180287638344,-0.010360972136203668,0.010360972136203668,True
calibration,8,10,0.85,5000,127.554,64.71081348489119,0.9151491006252889,125.76034072229021,129.3476592777098,8269126,128.60701415046884,0.008255438092641863,0.008255438092641863,True
calibration,8,10,1.0,5000,139.7308,70.73358028006109,1.000323885472685,137.77020121159836,141.6913987884016,8269276,138.76076637439513,-0.006942160394164035,0.006942160394164035,True
calibration,8,10,1.15,5000,130.9906,63.95812254849251,0.9045044433199857,129.21780386723637,132.76339613276363,8269426,128.26264607814883,-0.020825570093206437,0.020825570093206437,False
calibration,8,10,1.3,5000,118.424,53.92716061253685,0.762645219185218,116.92924283741533,119.91875716258468,8269576,117.72704816150777,-0.005885224603899881,0.005885224603899881,True
calibration,8,10,1.5,5000,104.089,42.45331477973372,0.6003805352919358,102.91227577380893,105.26572422619107,8269776,104.9001983166359,0.007793314535021908,0.007793314535021908,True
calibration,8,10,1.7,5000,92.146,34.38300629997972,0.4862491382459089,91.19296920152438,93.09903079847562,8269976,93.9168185319165,0.019217530136050442,0.019217530136050442,False
calibration,8,10,1.9,5000,83.1702,28.959940738777743,0.4095554095830059,82.36748614754376,83.97291385245623,8270176,84.71192094063993,0.018536939199856845,0.018536939199856845,False
calibration,8,20,0.3,5000,114.2772,28.388651663449142,0.401476161999353,113.4903211818299,115.06407881817009,8268746,114.26843896626659,-7.666475669168457e-05,7.666475669168457e-05,True
calibration,8,20,0.5,5000,160.0724,48.7908932946887,0.6900074301764726,158.72001028778905,161.42478971221092,8268946,160.39950449677534,0.0020434784308559642,0.0020434784308559642,True
calibration,8,20,0.7,5000,256.6366,97.87915307235362,1.3842202574851468,253.92357814865835,259.3496218513416,8269146,257.80777692261285,0.004563561559858797,0.004563561559858797,True
calibration,8,20,0.85,5000,417.9432,194.16550059700208,2.7459148428924163,412.5613058033169,423.3250941966831,8269296,419.01231845261066,0.0025580472480726253,0.0025580472480726253,True
calibration,8,20,1.0,5000,560.3864,288.6238566736441,4.081757725322959,552.3863018647488,568.3864981352511,8269446,556.3840878878029,-0.007142057894690247,0.007142057894690247,True
calibration,8,20,1.15,5000,478.3656,215.6135064727502,3.0492354508458246,472.3892083359594,484.34199166404056,8269596,468.9643483228428,-0.01965285897890061,0.01965285897890061,False
calibration,8,20,1.3,5000,390.81,147.91502043624283,2.0918342797962812,386.710080149973,394.909919850027,8269746,396.848617697893,0.015451543455625539,0.015451543455625539,False
calibration,8,20,1.5,5000,322.672,108.17261704801176,1.529791821066893,319.673663126865,325.67033687313506,8269946,325.91846155182,0.010061181484045556,0.010061181484045556,False
calibration,8,20,1.7,5000,275.0634,83.64108647494568,1.1828635886448902,272.7450299676322,277.3817700323678,8270146,275.9595554360756,0.0032579959241237355,0.0032579959241237355,True
calibration,8,20,1.9,5000,240.2424,65.86537247824793,0.9314770304949382,238.4167385678036,242.0680614321964,8270346,239.68769024668418,-0.0023089585906393684,0.0023089585906393684,True
calibration,8,40,0.3,5000,228.6062,40.39240313234855,0.571234843266088,227.48660028048408,229.72579971951592,8269086,226.28176008871938,-0.010167877823438825,0.010167877823438825,False
calibration,8,40,0.5,5000,319.5366,69.55559975107214,0.9836647250696089,317.60865256600107,321.464547433999,8269286,318.50102537812785,-0.0032408638693413273,0.0032408638693413273,True
calibration,8,40,0.7,5000,533.329,152.59903948705076,2.1580763124769464,529.0992481516562,537.5587518483437,8269486,533.5615320690943,0.0004360011720613439,0.0004360011720613439,True
calibration,8,40,0.85,5000,1028.048,390.9468147694718,5.528822876135492,1017.2117062858733,1038.8842937141267,8269636,1027.3230765661933,-0.0007051455124728416,0.0007051455124728416,True
calibration,8,40,1.0,5000,2233.0392,1141.2118063447942,16.13917214073106,2201.407003863875,2264.671396136125,8269786,2228.2183963316565,-0.00215885313090053,0.00215885313090053,True
calibration,8,40,1.15,5000,1562.0922,614.6754819323589,8.692824030069604,1545.0545779771194,1579.1298220228807,8269936,1574.5322397653717,0.007963703912849507,0.007963703912849507,True
calibration,8,40,1.3,5000,1193.2602,375.5208991322547,5.310667485073736,1182.8514829953874,1203.6689170046125,8270086,1199.1500025575301,0.004935891231040954,0.004935891231040954,True
calibration,8,40,1.5,5000,907.5614,241.1558372870363,3.4104585573676607,900.877024056793,914.2457759432071,8270286,913.470308109526,0.006510753001974187,0.006510753001974187,True
calibration,8,40,1.7,5000,749.7124,176.31709738424692,2.4935003039905976,744.8252292087387,754.5995707912613,8270486,743.2423100275693,-0.008630095984047672,0.008630095984047672,False
calibration,8,40,1.9,5000,636.8088,132.74398229496924,1.877283400849595,633.1293921455599,640.4882078544401,8270686,630.1420019855681,-0.010469073314363662,0.010469073314363662,False
calibration,8,80,0.3,5000,457.224,57.25292834048501,0.8096786774468884,455.63705895315405,458.8109410468459,8269766,456.9853716184742,-0.0005219069461047843,0.0005219069461047843,True
calibration,8,80,0.5,5000,640.856,96.74889835996467,1.3682360420531812,638.1743066352261,643.5376933647739,8269966,640.5687895650005,-0.00044816688148266,0.00044816688148266,True
calibration,8,80,0.7,5000,1065.4928,215.5752529538055,3.048694464392823,1059.5174686499233,1071.4681313500766,8270166,1070.3900110225852,0.004596193444559386,0.004596193444559386,True
calibration,8,80,0.85,5000,2142.1178,623.5235384841287,8.817954445831173,2124.834926868856,2159.400673131144,8270316,2139.1384399619014,-0.0013908478973932003,0.0013908478973932003,True
calibration,8,80,1.0,5000,9076.1122,4711.021490028151,66.62390483828918,8945.53174600753,9206.69265399247,8270466,8918.237674887518,-0.017394510075854058,0.017394510075854058,False
calibration,8,80,1.15,5000,4775.789,1523.8238739167805,21.550123891610202,4733.5515333100675,4818.026466689932,8270616,4761.475417296859,-0.0029971137131772443,0.0029971137131772443,True
calibration,8,80,1.3,5000,3274.5836,815.0578252263655,11.526658305534458,3251.991764859053,3297.175435140947,8270766,3295.773343319272,0.006470973383996705,0.006470973383996705,True
calibration,8,80,1.5,5000,2356.385,480.49993299908215,6.795295219666654,2343.0664661051364,2369.703533894864,8270966,2371.5678709596727,0.006443289598122771,0.006443289598122771,False
calibration,8,80,1.7,5000,1867.7752,327.6893082196981,4.634226639289544,1858.6922826907964,1876.8581173092036,8271166,1868.0423419801023,0.00014302683754566605,0.00014302683754566605,True
calibration,8,80,1.9,5000,1547.9744,242.51056228379792,3.429617262004722,1541.252473685714,1554.6963263142861,8271366,1548.0571702425964,5.347003322298176e-05,5.347003322298176e-05,True
calibration,10,10,0.3,5000,69.9168,23.984872995004938,0.33919732681332176,69.25198545579362,70.58161454420637,8270594,70.49063141422307,0.00820734664949024,0.00820734664949024,True
calibration,10,10,0.5,5000,91.6766,35.33184513008143,0.49966774566626954,90.69726921425779,92.6559307857422,8270794,91.69689903509428,0.00022142002533124766,0.00022142002533124766,True
calibration,10,10,0.7,5000,124.893,54.38624388303297,0.76913763705916,123.38551793220981,126.4004820677902,8270994,121.86721507711462,-0.024227017710242996,0.024227017710242996,False
calibration,10,10,0.85,5000,145.6362,66.90112556362811,0.9461247911010825,143.7818294845614,147.4905705154386,8271144,145.80516047937533,0.001160154407869259,0.001160154407869259,True
calibration,10,10,1.0,5000,154.9452,73.64477515439577,1.0414943982126363,152.90390848940302,156.98649151059698,8271294,154.0633460181832,-0.005691392710563407,0.005691392710563407,True
calibration,10,10,1.15,5000,148.4348,68.70622867056252,0.971652804054167,146.53039549857647,150.33920450142352,8271444,144.99494817797637,-0.02317416011625055,0.02317416011625055,False
calibration,10,10,1.3,5000,136.9022,58.655150843758825,0.8295090982628341,135.27639204255655,138.52800795744344,8271594,136.05314269984115,-0.006201925901547582,0.006201925901547582,True
calibration,10,10,1.5,5000,124.3322,49.363245326435255,0.6981017102339503,122.96394579039564,125.70045420960436,8271794,124.86369542194491,0.004274801072810669,0.004274801072810669,True
calibration,10,10,1.7,5000,113.0498,42.00297810862938,0.5940118130128388,111.8855582401035,114.2140417598965,8271994,114.78782721393006,0.015373996362046222,0.015373996362046222,False
calibration,10,10,1.9,5000,104.1704,36.601279958205225,0.5176202651710837,103.1558829225966,105.1849170774034,8272194,105.87894784122095,0.016401471446984443,0.016401471446984443,False
calibration,10,20,0.3,5000,143.0264,36.45884189700071,0.5156058867915482,142.01583103167172,144.03696896832827,8270764,143.38782921230023,0.002527010484080122,0.002527010484080122,True
calibration,10,20,0.5,5000,200.664,61.170815571933865,0.8650859700325219,198.96846265520534,202.35953734479463,8270964,200.5734840845908,-0.00045108198485620146,0.00045108198485620146,True
calibration,10,20,0.7,5000,321.0444,119.53416629576,1.6904683914242469,317.7311428358051,324.3576571641949,8271164,317.43960357729645,-0.011228342318705897,0.011228342318705897,False
calibration,10,20,0.85,5000,492.1324,212.9658830980041,3.011792401999605,486.22939536316943,498.0354046368306,8271314,496.01356070362306,0.007886415736137345,0.007886415736137345,True
calibration,10,20,1.0,5000,626.4688,295.85192495378453,4.183978047238292,618.2683537153067,634.6692462846933,8271464,618.6057662996925,-0.01255135722690018,0.01255135722690018,True
calibration,10,20,1.15,5000,558.9798,244.0397977308933,3.4512439170981617,552.2154862206246,565.7441137793753,8271614,543.773564727956,-0.027203550597076954,0.027203550597076954,False
calibration,10,20,1.3,5000,470.6838,183.39098087946851,2.593540123766493,465.60055476495813,475.7670452350419,8271764,479.3387046083264,0.01838793816215127,0.01838793816215127,False
calibration,10,20,1.5,5000,409.1688,138.6142816970101,1.9603019711451637,405.3266787377326,413.01092126226735,8271964,410.52962437502754,0.0033258263460644163,0.0033258263460644163,True
calibration,10,20,1.7,5000,357.219,109.91290555872715,1.5544032172098508,354.1724256768155,360.26557432318447,8272164,357.7989782691165,0.00162359300349788,0.00162359300349788,True
calibration,10,20,1.9,5000,320.1908,92.056133210625,1.3018703208609017,317.63918105857107,322.742418941429,8272364,316.98921567492613,-0.00999898911859396,0.00999898911859396,False
calibration,10,40,0.3,5000,286.565,51.638771166028995,0.7302825052727893,285.1336725911257,287.9963274088743,8271104,282.9749545661256,-0.012527857323380114,0.012527857323380114,False
calibration,10,40,0.5,5000,399.3172,87.12786487185042,1.2321740816238123,396.9021831773336,401.73221682266643,8271304,398.70205148900556,-0.0015405009125438593,0.0015405009125438593,True
calibration,10,40,0.7,5000,667.337,189.87684238488592,2.685264056812842,662.0739791596669,672.6000208403331,8271504,667.2719176447586,-9.752547100105264e-05,9.752547100105264e-05,True
calibration,10,40,0.85,5000,1278.0456,488.8618707839478,6.913550877897424,1264.4952892740357,1291.5959107259641,8271654,1266.1964793157056,-0.00927128162273267,0.00927128162273267,True
calibration,10,40,1.0,5000,2479.2922,1198.5492677769312,16.950046296624784,2446.0707197223287,2512.513680277671,8271804,2479.127829652689,-6.629728731086159e-05,6.629728731086159e-05,True
calibration,10,40,1.15,5000,1916.4212,734.4847596533182,10.387183084580656,1896.0626952533983,1936.7797047466017,8271954,1905.3168077468545,-0.005794338036515946,0.005794338036515946,True
calibration,10,40,1.3,5000,1518.6004,499.21353221841855,7.059945477834655,1504.7631611306276,1532.4376388693724,8272104,1531.6658920419247,0.008603640590325604,0.008603640590325604,True
calibration,10,40,1.5,5000,1213.7284,333.4104802538586,4.715136230123338,1204.4869028067583,1222.9698971932416,8272304,1214.883423289393,0.0009516324157802166,0.0009516324157802166,True
calibration,10,40,1.7,5000,1018.1962,251.87282761309913,3.562019688037054,1011.2147696992248,1025.1776303007753,8272504,1011.5169482351623,-0.006559886753493736,0.006559886753493736,True
calibration,10,40,1.9,5000,884.2882,198.80603488994424,2.8115419082297786,878.7776791188446,889.7987208811553,8272704,870.607113416449,-0.015471298365794037,0.015471298365794037,False
calibration,10,80,0.3,5000,571.9208,72.03253337578033,1.0186938563212116,569.9241967303382,573.9174032696618,8271784,570.0538281412187,-0.003264388808347786,0.003264388808347786,True
calibration,10,80,0.5,5000,799.6134,123.58352688794577,1.7477349981083294,796.1879023491874,803.0388976508125,8271984,799.3218482044624,-0.0003646159450773881,0.0003646159450773881,True
calibration,10,80,0.7,5000,1334.1668,263.3548483187401,3.724399982090715,1326.8671101710806,1341.4664898289193,8272184,1336.7441872493353,0.0019318328482880013,0.0019318328482880013,True
calibration,10,80,0.85,5000,2647.0764,747.1672147065785,10.566540083985736,2626.366361994189,2667.786438005811,8272334,2669.8502566542193,0.00860339983168576,0.00860339983168576,False
calibration,10,80,1.0,5000,9913.7354,4797.425113551109,67.84583660053264,9780.760003761967,10046.710796238032,8272484,9925.920847518595,0.0012291479474624205,0.0012291479474624205,True
calibration,10,80,1.15,5000,6093.3134,2001.6140693342838,28.30709763489345,6037.83250812875,6148.79429187125,8272634,6076.004201579323,-0.002840687370631009,0.002840687370631009,True
calibration,10,80,1.3,5000,4453.7696,1158.0887530875368,16.37784821048141,4421.669607363192,4485.869592636807,8272784,4435.992778017299,-0.003991410328612489,0.003991410328612489,True
calibration,10,80,1.5,5000,3327.3118,712.8037281129514,10.0805669960744,3307.554251743951,3347.0693482560487,8272984,3307.17573354793,-0.006051752183871024,0.006051752183871024,False
calibration,10,80,1.7,5000,2666.2486,496.3209643949967,7.019038391374983,2652.491537546801,2680.005662453199,8273184,2659.1049102075485,-0.002679303720009968,0.002679303720009968,True
calibration,10,80,1.9,5000,2237.5232,374.0738072953262,5.290202516055899,2227.1545935976073,2247.891806402393,8273384,2234.2270225576485,-0.0014731366550083428,0.0014731366550083428,True
calibration,12,10,0.3,5000,82.7316,28.102937861784,0.39743555866663277,81.95264061883785,83.51055938116215,8272612,83.78465532327645,0.012728574369121995,0.012728574369121995,False
calibration,12,10,0.5,5000,107.8022,40.54882386189909,0.5734469664377547,106.67826459873825,108.92613540126175,8272812,107.4227900223755,-0.0035195012497379902,0.0035195012497379902,True
calibration,12,10,0.7,5000,139.2508,58.37813889445394,0.8255915577063704,137.63267028095518,140.86892971904481,8273012,139.12724074848072,-0.0008873144823532938,0.0008873144823532938,True
calibration,12,10,0.85,5000,163.0314,74.80967659054754,1.0579685923109736,160.95781966229595,165.10498033770403,8273162,162.07363470375438,-0.005874729016898655,0.005874729016898655,True
calibration,12,10,1.0,5000,169.1912,77.17672377017814,1.0914436945530794,167.05200966752264,171.33039033247738,8273312,169.08324473040727,-0.0006380666937331028,0.0006380666937331028,True
calibration,12,10,1.15,5000,164.5452,74.50783744364149,1.053699942158877,162.47998606285665,166.61041393714333,8273462,160.95630166689932,-0.02181101808561218,0.02181101808561218,False
calibration,12,10,1.3,5000,154.13,64.63746514506951,0.9141117984557552,152.33837379718358,155.9216262028164,8273612,153.01280866443096,-0.007248370437741077,0.007248370437741077,True
calibration,12,10,1.5,5000,143.5032,55.753920845963286,0.788479510158373,141.9578085575418,145.0485914424582,8273812,142.95776007206763,-0.0038008903490121745,0.0038008903490121745,True
calibration,12,10,1.7,5000,133.4282,49.33312879069455,0.6976757981009883,132.06078056283684,134.79561943716317,8274012,133.67089057246326,0.0018188851566854714,0.0018188851566854714,True
calibration,12,10,1.9,5000,124.7054,44.01132593096964,0.6224141402959995,123.48549070155138,125.92530929844861,8274212,125.20652385652977,0.0040184615624485635,0.0040184615624485635,True
calibration,12,20,0.3,5000,172.7584,43.95437210113871,0.6216086915102396,171.54006935216285,173.97673064783714,8272782,172.57715633291775,-0.0010491163791875946,0.0010491163791875946,True
calibration,12,20,0.5,5000,238.7218,71.59852843889267,1.0125560996423775,236.7372265123746,240.7063734876254,8272982,240.53559695260736,0.007597952732458292,0.007597952732458292,True
calibration,12,20,0.7,5000,378.368,139.09990198611396,1.9671696791353057,374.5124182774156,382.2235817225844,8273182,375.48545184348103,-0.00761837194614493,0.00761837194614493,True
calibration,12,20,0.85,5000,567.1894,234.09118749848932,3.310549321923867,560.7008425599857,573.6779574400142,8273332,568.5876056060808,0.0024651476316039484,0.0024651476316039484,True
calibration,12,20,1.0,5000,684.7934,305.565895380561,4.321354334458676,676.3237011400249,693.2630988599751,8273482,679.6967209853261,-0.007442652068016274,0.007442652068016274,True
calibration,12,20,1.15,5000,622.424,263.21851268686294,3.7224719050943613,615.1280891325529,629.7199108674471,8273632,613.1335836205545,-0.014926185975228216,0.014926185975228216,False
calibration,12,20,1.3,5000,552.8836,210.68008180749808,2.9794662901403695,547.0439533781737,558.7232466218263,8273782,554.4255061093506,0.0027888439978155156,0.0027888439978155156,True
calibration,12,20,1.5,5000,486.2808,167.81305132616797,2.3732349312867904,481.6293450078255,490.9322549921745,8273982,488.6844684025381,0.004942963823655126,0.004942963823655126,True
calibration,12,20,1.7,5000,433.2384,134.92314855740406,1.9081014656796071,429.4985898484199,436.97821015158013,8274182,435.45356753251326,0.005113045225246074,0.005113045225246074,True
calibration,12,20,1.9,5000,396.0648,115.23959490473212,1.6297339803665356,392.8705800941005,399.2590199058995,8274382,392.2598173936949,-0.009606969885496234,0.009606969885496234,False
calibration,12,40,0.3,5000,342.477,61.55165629191838,0.8704718711455821,340.77090648299946,344.1830935170005,8273122,339.8195706302226,-0.0077594389397751965,0.0077594389397751965,False
calibration,12,40,0.5,5000,481.329,106.26551854240499,1.5028213753527875,478.3835242291116,484.27447577088844,8273322,479.15662600160357,-0.0045132830109892354,0.0045132830109892354,True
calibration,12,40,0.7,5000,800.804,229.08827353536515,3.2397974341435076,794.4541137118734,807.1538862881265,8273522,800.8408340192781,4.59962978183218e-05,4.59962978183218e-05,True
calibration,12,40,0.85,5000,1517.2834,549.3191412905959,7.768545796843031,1502.0573300259377,1532.5094699740623,8273672,1499.5134033323577,-0.011711718896840443,0.011711718896840443,False
calibration,12,40,1.0,5000,2716.9208,1262.5616696705567,17.855318365805207,2681.925019070525,2751.9165809294745,8273822,2725.514368068698,0.0031629807054729033,0.0031629807054729033,True
calibration,12,40,1.15,5000,2222.72,839.0993509377473,11.866656822746235,2199.4617800105207,2245.978219989479,8273972,2208.4276082536553,-0.006430135935405491,0.006430135935405491,True
calibration,12,40,1.3,5000,1826.4186,598.817475235793,8.468557948644735,1809.820531419666,1843.016668580334,8274122,1844.0015198948602,0.009626993447646776,0.009626993447646776,False
calibration,12,40,1.5,5000,1521.3142,440.60125439158054,6.2310426955917135,1509.1015807305089,1533.5268192694912,8274322,1510.3986210294372,-0.007175098326540842,0.007175098326540842,True
calibration,12,40,1.7,5000,1293.176,325.9241818866279,4.6092639832942455,1284.1420085975055,1302.2099914024943,8274522,1282.6696834635854,-0.008124428953533385,0.008124428953533385,False
calibration,12,40,1.9,5000,1135.536,266.1880717122846,3.764467811574549,1128.1577786683536,1142.9142213316466,8274722,1118.5939397341197,-0.01491987948059806,0.01491987948059806,False
calibration,12,80,0.3,5000,685.369,87.60579543659664,1.2389330404891796,682.9407358613845,687.7972641386156,8273802,682.9568173328695,-0.0035195386239099476,0.0035195386239099476,True
calibration,12,80,0.5,5000,959.081,149.5726179238918,2.1152762482761687,954.9351347360257,963.2268652639743,8274002,957.9943847974909,-0.0011329754238788643,0.0011329754238788643,True
calibration,12,80,0.7,5000,1597.8648,325.24714181928226,4.599689190839144,1588.8495748458772,1606.880025154123,8274202,1603.368098491153,0.003444157785535371,0.003444157785535371,True
calibration,12,80,0.85,5000,3175.2724,904.8732433415981,12.79684012962218,3150.1910542300234,3200.3537457699763,8274352,3199.741791650047,0.007706233849432045,0.007706233849432045,True
calibration,12,80,1.0,5000,10919.0608,4841.472584168995,68.46876190389308,10784.86449260232,11053.257107397678,8274502,10915.51244052958,-0.0003249692931850063,0.0003249692931850063,True
calibration,12,80,1.15,5000,7352.3752,2434.258889373326,34.42561935679025,7284.902225915206,7419.848174084795,8274652,7317.6942235806355,-0.00471697587187402,0.00471697587187402,True
calibration,12,80,1.3,5000,5529.2532,1496.5338266102099,21.164184341422647,5487.7721609286455,5570.734239071355,8274802,5567.301996770731,0.006881362707486667,0.006881362707486667,True
calibration,12,80,1.5,5000,4271.375,965.1012529577879,13.648592809961707,4244.624249652823,4298.125750347177,8275002,4273.422652541614,0.0004793895505813228,0.0004793895505813228,True
calibration,12,80,1.7,5000,3519.3988,689.5095120678224,9.751137033515695,3500.2869226059943,3538.5106773940056,8275202,3496.6261149608545,-0.006470617947345289,0.006470617947345289,False
calibration,12,80,1.9,5000,2978.6556,534.1720566876081,7.554333672083451,2963.8493780755184,2993.4618219244817,8275402,2973.395434715743,-0.0017659528292754809,0.0017659528292754809,True
calibration,15,10,0.3,5000,103.527,35.76774996260566,0.505832370926867,102.53558677076883,104.51841322923117,8275639,103.26124462672524,-0.0025670151098240775,0.0025670151098240775,True
calibration,15,10,0.5,5000,131.0462,48.667452879249296,0.6882617190798789,129.6972318186658,132.39516818133418,8275839,130.07782238860602,-0.007389589407353863,0.007389589407353863,True
calibration,15,10,0.7,5000,165.9632,67.19127606524418,0.9502281388462305,164.10078707076485,167.82561292923515,8276039,163.59649180735195,-0.014260439619433993,0.014260439619433993,False
calibration,15,10,0.85,5000,184.3294,76.27858008639123,1.0787420247673676,182.21510448284613,186.44369551715386,8276189,185.3579167657305,0.005579776019075096,0.005579776019075096,True
calibration,15,10,1.0,5000,190.8676,81.8731770097065,1.1578615732170001,188.59823301741181,193.1369669825882,8276339,191.1296056410111,0.0013727088359212682,0.0013727088359212682,True
calibration,15,10,1.15,5000,186.0438,78.9806879646808,1.1169556008520907,183.85460724999962,188.2329927500004,8276489,183.96219374139767,-0.011188796716699695,0.011188796716699695,True
calibration,15,10,1.3,5000,180.6946,73.31125042398162,1.0367776462412512,178.66255315339095,182.72664684660907,8276639,176.9879838252529,-0.0205131540994977,0.0205131540994977,False
calibration,15,10,1.5,5000,169.0302,65.03166852805109,0.9196866761612141,167.22764723766267,170.83275276233735,8276839,168.0837323797329,-0.005599399517169713,0.005599399517169713,True
calibration,15,10,1.7,5000,161.052,58.49324737093676,0.8272194373922315,159.43067969539973,162.67332030460025,8277039,159.69761939154571,-0.008409585776359673,0.008409585776359673,True
calibration,15,10,1.9,5000,151.065,53.0354874361075,0.7500350561921111,149.59495830272098,152.535041697279,8277239,151.86107801361808,0.005269771380651282,0.005269771380651282,True
calibration,15,20,0.3,5000,214.6186,54.36973006691784,0.7689040964319945,213.11157566342797,216.125624336572,8275809,216.4303841875071,0.00844187869787195,0.00844187869787195,False
calibration,15,20,0.5,5000,297.864,88.79956856131304,1.255815541922884,295.40264676660547,300.3253532333945,8276009,300.0871974794636,0.0074638005246140384,0.0074638005246140384,True
calibration,15,20,0.7,5000,465.0672,167.34491790451747,2.3666145249478077,460.42872076581295,469.7056792341871,8276209,460.2017353276072,-0.010461852980371047,0.010461852980371047,False
calibration,15,20,0.85,5000,664.2308,264.6026742994282,3.7420469063444215,656.8965228351054,671.5650771648947,8276359,671.7510637721033,0.01132176311622895,0.01132176311622895,False
calibration,15,20,1.0,5000,781.0592,330.5936425986823,4.675300129973803,771.8957801283359,790.2226198716642,8276509,769.3992043828471,-0.014928440273353105,0.014928440273353105,False
calibration,15,20,1.15,5000,722.759,291.55634573705976,4.12322938337289,714.6776189085919,730.8403810914082,8276659,711.1790071803723,-0.01602192822175539,0.01602192822175539,False
calibration,15,20,1.3,5000,662.4854,248.8681169912509,3.5195266629128112,655.5872544980625,669.3835455019375,8276809,658.6412522904943,-0.005802614985184134,0.005802614985184134,True
calibration,15,20,1.5,5000,596.96,204.4123677354593,2.89082742768283,591.2940823562211,602.625917643779,8277009,597.3242727656655,0.0006102130220876085,0.0006102130220876085,True
calibration,15,20,1.7,5000,547.846,176.79744271665874,2.5002934128277916,542.9455149600748,552.7464850399252,8277209,545.06392654398,-0.005078203465974094,0.005078203465974094,True
calibration,15,20,1.9,5000,503.4262,153.71912720144334,2.173916744844361,499.1654014747165,507.6869985252835,8277409,500.56618890470804,-0.005681093068441714,0.005681093068441714,True
calibration,15,40,0.3,5000,428.9094,79.62601617643837,1.126081919944586,426.7023199932669,431.1164800067331,8276149,425.3399116363274,-0.008322243260867291,0.008322243260867291,False
calibration,15,40,0.5,5000,598.867,131.89241082263425,1.8652403615945332,595.2111960687643,602.5228039312357,8276349,600.2225577982837,0.0022635373100934135,0.0022635373100934135,True
calibration,15,40,0.7,5000,992.1596,275.9534833859478,3.902571587885059,984.510700240656,999.8084997593439,8276549,1000.8363405992812,0.008745307306688651,0.008745307306688651,False
calibration,15,40,0.85,5000,1862.8326,676.8010299224292,9.571411955443782,1844.0729772861341,1881.5922227138658,8276699,1841.123670569848,-0.01165371994786435,0.01165371994786435,False
calibration,15,40,1.0,5000,3095.9064,1322.1441197742895,18.69794145596638,3059.2591081612672,3132.5536918387324,8276849,3087.358381168993,-0.0027610714687648923,0.0027610714687648923,True
calibration,15,40,1.15,5000,2656.095,991.9881890871774,14.028831507210125,2628.598995500687,2683.5910044993125,8276999,2630.627281352191,-0.00958840653207391,0.00958840653207391,True
calibration,15,40,1.3,5000,2282.909,748.5515173946538,10.586117080344792,2262.1605917864,2303.6574082136003,8277149,2283.3487200891577,0.0001926139364983964,0.0001926139364983964,True
calibration,15,40,1.5,5000,1953.5372,573.8377758345601,8.115291651872468,1937.6315206382915,1969.4428793617085,8277349,1939.5602657577895,-0.0071546803624781335,0.0071546803624781335,True
calibration,15,40,1.7,5000,1703.8176,451.5038022729525,6.385228006374296,1691.30278307443,1716.3324169255702,8277549,1687.8568201593291,-0.009367657571251152,0.009367657571251152,False
calibration,15,40,1.9,5000,1520.8178,374.53176555779936,5.296679023913803,1510.4364998754602,1531.1991001245399,8277749,1497.217710357547,-0.015518025658598278,0.015518025658598278,False
calibration,15,80,0.3,5000,858.4824,111.86815001079337,1.5820545494285188,855.3816300615423,861.5831699384577,8276829,852.1102656375926,-0.007422556784399234,0.007422556784399234,False
calibration,15,80,0.5,5000,1193.8282,188.3340102707021,2.663445115809407,1188.6079434982144,1199.0484565017855,8277029,1195.9727957359958,0.0017964023098095989,0.0017964023098095989,True
calibration,15,80,0.7,5000,1996.9358,401.2202906417926,5.6741117652489805,1985.814745295857,2008.056854704143,8277229,2003.8475184162564,0.003461162054511949,0.003461162054511949,True
calibration,15,80,0.85,5000,4004.2532,1143.8612823312114,16.17664138946279,3972.5475654858333,4035.958834514167,8277379,3992.9949876280707,-0.0028115635574517124,0.0028115635574517124,True
calibration,15,80,1.0,5000,12244.0594,5221.718283921393,73.84624816013198,12099.323413212735,12388.795386787266,8277529,12368.956651951185,0.010200640806363978,0.010200640806363978,True
calibration,15,80,1.15,5000,9171.415,3020.3753043903125,42.71455718925545,9087.696006293483,9255.133993706519,8277679,9075.316707612345,-0.010478022463017574,0.010478022463017574,False
calibration,15,80,1.3,5000,7228.3994,2034.069369692141,28.766084894263187,7172.018909631022,7284.779890368978,8277829,7233.483835454583,0.0007033971385950933,0.0007033971385950933,True
calibration,15,80,1.5,5000,5799.226,1368.4967978117904,19.353467315295852,5761.293901086046,5837.158098913953,8278029,5751.294662938024,-0.008265126598269439,0.008265126598269439,False
calibration,15,80,1.7,5000,4815.6118,1021.5320303537073,14.446644517247371,4787.296897048742,4843.9267029512575,8278229,4809.572006000384,-0.0012542111470894603,0.0012542111470894603,True
calibration,15,80,1.9,5000,4176.333,801.1026436107423,11.329302234472518,4154.127975650465,4198.538024349535,8278429,4152.733560043559,-0.005650756287020365,0.005650756287020365,False
calibration,20,10,0.3,5000,134.298,45.12929565886591,0.6382246198111341,133.0471027311234,135.5488972688766,8280684,134.7550766730372,0.0034034510792207845,0.0034034510792207845,True
calibration,20,10,0.5,5000,168.8676,60.89818870966216,0.8612304439716031,167.17961934742624,170.55558065257378,8280884,166.04180465023657,-0.016733792330579925,0.016733792330579925,False
calibration,20,10,0.7,5000,204.6458,77.74385868911303,1.0994641934936102,202.49088977846117,206.80071022153885,8281084,201.85716702194446,-0.013626631858828989,0.013626631858828989,False
calibration,20,10,0.85,5000,221.0912,86.25177074212002,1.2197842396220104,218.70046682143126,223.4819331785687,8281234,222.14967269417264,0.004787493550953861,0.004787493550953861,True
calibration,20,10,1.0,5000,226.8636,91.32682581182033,1.2915563567156154,224.33219605683362,229.39500394316636,8281384,226.67307202102634,-0.0008398349447582083,0.0008398349447582083,True
calibration,20,10,1.15,5000,222.51,88.84228098252564,1.2564195867764905,220.04746286044738,224.9725371395526,8281534,220.52078361985306,-0.008939896544635874,0.008939896544635874,True
calibration,20,10,1.3,5000,219.1214,84.44723636203754,1.1942642696811987,216.7806850434018,221.46211495659819,8281684,214.53052999255323,-0.02095126266739245,0.02095126266739245,False
calibration,20,10,1.5,5000,207.212,77.42174811650976,1.0949088620900174,205.06601806394983,209.35798193605015,8281884,206.81962728626283,-0.0018935810365092755,0.0018935810365092755,True
calibration,20,10,1.7,5000,198.5616,71.43692079149572,1.010270622375058,196.581505965506,200.541694034494,8282084,199.44291964555552,0.004438520064078459,0.004438520064078459,True
calibration,20,10,1.9,5000,192.3332,67.53143176784661,0.9550386669256196,190.46135860898264,194.20504139101737,8282284,192.41028711930383,0.00040079985828669234,0.00040079985828669234,True
calibration,20,20,0.3,5000,286.014,73.61613458375963,1.041089359378359,283.9735023509306,288.05449764906945,8280854,289.59232945136154,0.012511029010333501,0.012511029010333501,False
calibration,20,20,0.5,5000,395.646,117.68728539408447,1.6643495512318731,392.38393482190014,398.9080651780999,8281054,398.39428054190046,0.0069463119604405,0.0069463119604405,True
calibration,20,20,0.7,5000,606.0606,210.9937539371251,2.983902283938939,600.2122589900929,611.9089410099072,8281254,596.6259475440665,-0.015567176707961998,0.015567176707961998,False
calibration,20,20,0.85,5000,825.8264,306.5623198539423,4.335445904500039,817.3290821702583,834.3237178297418,8281404,833.4229587167049,0.009198735614052617,0.009198735614052617,True
calibration,20,20,1.0,5000,907.4426,352.31689960146525,4.982513376696322,897.6770532291861,917.2081467708139,8281554,914.101469494751,0.007338061376830889,0.007338061376830889,True
calibration,20,20,1.15,5000,873.834,326.21849877925246,4.613426252706097,864.7918506993644,882.8761493006355,8281704,864.5945289638809,-0.01057348539438736,0.01057348539438736,False
calibration,20,20,1.3,5000,812.8592,286.45715022520045,4.051115868872255,804.9191587998117,820.7992412001882,8281854,818.8435737082175,0.007362128285215329,0.007362128285215329,True
calibration,20,20,1.5,5000,763.1774,257.7141719970588,3.6446287725399307,756.0340588688033,770.3207411311968,8282054,763.4536920064916,0.00036202854865923786,0.00036202854865923786,True
calibration,20,20,1.7,5000,717.9918,227.23110290535826,3.21353307521754,711.6933909094454,724.2902090905546,8282254,714.0105710575775,-0.005544950433169975,0.005544950433169975,True
calibration,20,20,1.9,5000,672.7784,207.07788183016712,2.9285234895171546,667.0385994326668,678.5182005673332,8282454,669.920602445725,-0.004247754616193187,0.004247754616193187,True
calibration,20,40,0.3,5000,571.0836,105.03769416013898,1.4854573164166578,568.1721571592519,573.9950428407482,8281194,568.4551989331507,-0.0046024803843944945,0.0046024803843944945,True
calibration,20,40,0.5,5000,802.3106,178.03226231479783,2.5177563990555156,797.375888136006,807.2453118639941,8281394,802.7993266113093,0.0006091488898554864,0.0006091488898554864,True
calibration,20,40,0.7,5000,1333.6328,377.54165585341826,5.339245300686997,1323.1680715060288,1344.0975284939714,8281594,1333.1180056840499,-0.0003860090393324249,0.0003860090393324249,True
calibration,20,40,0.85,5000,2404.6318,850.3089726085099,12.025184812704872,2381.0628708596605,2428.2007291403397,8281744,2393.2335369733305,-0.004740128208680269,0.004740128208680269,True
calibration,20,40,1.0,5000,3681.441,1436.4540229854315,20.314527610313906,3641.62525752084,3721.2567424791596,8281894,3671.2242408002953,-0.0027752065562654635,0.0027752065562654635,True
calibration,20,40,1.15,5000,3322.8664,1196.475623543826,16.920720538644844,3289.702397151789,3356.030402848211,8282044,3280.531973227733,-0.012740333698720735,0.012740333698720735,False
calibration,20,40,1.3,5000,2982.1786,979.3000096006334,13.84939355209318,2955.0342874301764,3009.322912569824,8282194,2960.6752839387495,-0.007210606387307132,0.007210606387307132,True
calibration,20,40,1.5,5000,2617.9174,790.2368385676828,11.17563654589255,2596.013554865741,2639.821245134259,8282394,2618.2135154136245,0.00011311106057992807,0.00011311106057992807,True
calibration,20,40,1.7,5000,2360.6554,643.4210291675234,9.099347457647664,2342.8210067001946,2378.4897932998056,8282594,2347.5052864168397,-0.005570535023095882,0.005570535023095882,True
calibration,20,40,1.9,5000,2150.986,554.4722612554215,7.84142191827095,2135.617095452606,2166.3549045473937,8282794,2129.5453654325365,-0.009967816883728369,0.009967816883728369,False
calibration,20,80,0.3,5000,1142.588,149.48483334131197,2.114034786803652,1138.4445679558,1146.7314320442,8281874,1133.725370849211,-0.00775662719264421,0.00775662719264421,False
calibration,20,80,0.5,5000,1603.299,255.57130382198127,3.6143240401842074,1596.2150550527817,1610.3829449472182,8282074,1592.740270615934,-0.006585627125112693,0.006585627125112693,False
calibration,20,80,0.7,5000,2648.7326,537.9533510062112,7.607809249170379,2633.821567870375,2663.6436321296246,8282274,2672.7108427331473,0.009052723077122793,0.009052723077122793,False
calibration,20,80,0.85,5000,5343.2926,1539.8350635668216,21.77655630713836,5300.6113339307,5385.973866069299,8282424,5310.937540696889,-0.006055266242224966,0.006055266242224966,True
calibration,20,80,1.0,5000,14637.3888,5835.048864292766,82.52005240992554,14475.65246927419,14799.125130725812,8282574,14714.533688843763,0.005270399652413591,0.005270399652413591,True
calibration,20,80,1.15,5000,11850.972,3892.741466221533,55.05167776342619,11743.07269429518,11958.871305704819,8282724,11800.851804693402,-0.004229205444633356,0.004229205444633356,True
calibration,20,80,1.3,5000,10002.21,2823.3766799836353,39.92857592520779,9923.951429232618,10080.46857076738,8282874,9914.505431583244,-0.008768518998976741,0.008768518998976741,False
calibration,20,80,1.5,5000,8251.0128,2052.253541245738,29.023247914579343,8194.128279373048,8307.897320626953,8283074,8233.294230738577,-0.002147441737264534,0.002147441737264534,True
calibration,20,80,1.7,5000,7088.2952,1579.95222645007,22.34389866547256,7044.50196334146,7132.088436658539,8283274,7082.3018471684245,-0.0008455281083066443,0.0008455281083066443,True
calibration,20,80,1.9,5000,6271.552,1267.378398307664,17.923437195453886,6236.422708617744,6306.681291382255,8283474,6239.908562118263,-0.00504555138532482,0.00504555138532482,True
calibration,25,10,0.3,5000,164.4438,55.50020987545222,0.7848914952041771,162.90544093762804,165.98215906237198,8285729,165.2997394874606,0.005205057821946481,0.005205057821946481,True
calibration,25,10,0.5,5000,203.362,72.17647293023488,1.0207294690219273,201.3614070027583,205.36259299724168,8285929,200.3552059888195,-0.014785427027569008,0.014785427027569008,False
calibration,25,10,0.7,5000,239.4446,87.81590321468818,1.241904413182551,237.01051207792085,241.87868792207917,8286129,237.90615327504108,-0.006425063354775721,0.006425063354775721,True
calibration,25,10,0.85,5000,256.6416,94.7888207203081,1.3405163582401156,254.01423621716256,259.2689637828374,8286279,257.0492808915791,0.0015885222488447113,0.0015885222488447113,True
calibration,25,10,1.0,5000,262.0654,97.5498863090254,1.379563722261772,259.36150478998894,264.7692952100111,8286429,260.7883155997882,-0.004873151511843356,0.004873151511843356,True
calibration,25,10,1.15,5000,257.3882,96.51468550258834,1.3649237720593435,254.71299856512113,260.06340143487887,8286579,255.30307150664635,-0.008101103676678404,0.008101103676678404,True
calibration,25,10,1.3,5000,251.4172,91.4483357080967,1.2932747661483814,248.88242803623473,253.9519719637653,8286729,249.9467822216593,-0.00584851703996665,0.00584851703996665,True
calibration,25,10,1.5,5000,241.6952,87.53858176609627,1.2379824956451946,239.2687988950444,244.1216011049556,8286929,243.0128996086577,0.0054519064038413044,0.0054519064038413044,True
calibration,25,10,1.7,5000,234.8558,81.73174304959112,1.155861394971247,232.5903532947361,237.12124670526387,8287129,236.32204424740522,0.006243168137236672,0.006243168137236672,True
calibration,25,10,1.9,5000,232.5886,78.40437487308886,1.1088053029490657,230.41538154035283,234.7618184596472,8287329,229.8767743949397,-0.011659322963637565,0.011659322963637565,False
calibration,25,20,0.3,5000,356.2382,91.29694675758577,1.2911338030783215,353.7076242467443,358.76877575325574,8285899,362.75753208255156,0.018300485693425232,0.018300485693425232,False
calibration,25,20,0.5,5000,492.6644,145.74943963003938,2.0612083423308034,488.6245058843981,496.7042941156019,8286099,495.651172860322,0.006062489719821427,0.006062489719821427,True
calibration,25,20,0.7,5000,732.7338,243.5569463899294,3.44441536794815,725.9828699310253,739.4847300689746,8286299,728.4592913870842,-0.005833644650916505,0.005833644650916505,True
calibration,25,20,0.85,5000,963.7984,346.59173060386854,4.90154726026353,954.1915439013625,973.4052560986376,8286449,986.0127080161604,0.02304870812833932,0.02304870812833932,False
calibration,25,20,1.0,5000,1048.339,394.9069059561688,5.584827022780103,1037.392940175465,1059.285059824535,8286599,1053.0908434016412,0.004532735500292636,0.004532735500292636,True
calibration,25,20,1.15,5000,1015.895,370.75132216025435,5.243215480667883,1005.618486494708,1026.1715135052918,8286749,1009.2495257603396,-0.006541497142579121,0.006541497142579121,True
calibration,25,20,1.3,5000,974.8082,339.91842185951606,4.807172422941868,965.3863151835599,984.2300848164402,8286899,968.1067126839264,-0.006874672695688923,0.006874672695688923,True
calibration,25,20,1.5,5000,920.9436,307.02280407077893,4.341958134747131,912.4335184335149,929.453681566485,8287099,917.253095989059,-0.0040073072997531154,0.0040073072997531154,True
calibration,25,20,1.7,5000,871.5346,277.6436910982876,3.926474734585245,863.8388509340064,879.2303490659936,8287299,870.6844489187931,-0.0009754645210951256,0.0009754645210951256,True
calibration,25,20,1.9,5000,830.8264,250.24215410313678,3.538958482101141,823.8901688322993,837.7626311677008,8287499,828.0600131639728,-0.0033296809490252223,0.0033296809490252223,True
calibration,25,40,0.3,5000,713.7108,131.28947615353536,1.8567135777318875,710.0717082580389,717.349891741961,8286239,712.1934281733703,-0.0021260317577226546,0.0021260317577226546,True
calibration,25,40,0.5,5000,998.455,220.78838981616656,3.1224193529254047,992.3351705236354,1004.5748294763647,8286439,1006.1540423733737,0.007710955800084817,0.007710955800084817,False
calibration,25,40,0.7,5000,1658.0384,465.3599760474695,6.5811838951195,1645.1395165899307,1670.937283410069,8286639,1664.065600227631,0.0036351391063265217,0.0036351391063265217,True
calibration,25,40,0.85,5000,2973.9056,995.4926331245053,14.078391830071793,2946.3124590528164,3001.4987409471837,8286789,2928.500047168093,-0.01526798726627612,0.01526798726627612,False
calibration,25,40,1.0,5000,4221.8122,1555.5390583600197,21.99864433133813,4178.695649401871,4264.928750598129,8286939,4232.238535611542,0.002469635103982507,0.002469635103982507,True
calibration,25,40,1.15,5000,3897.9628,1340.8496862036245,18.962478113328743,3860.7970258402465,3935.128574159753,8287089,3885.9329791936575,-0.0030861815321434794,0.0030861815321434794,True
calibration,25,40,1.3,5000,3582.529,1157.2120284091152,16.3654494511745,3550.453308484887,3614.604691515113,8287239,3589.683241963169,0.001996980893432871,0.001996980893432871,True
calibration,25,40,1.5,5000,3259.4724,969.4619246380461,13.710262020274481,3232.600780221655,3286.3440197783452,8287439,3257.23952070508,-0.0006850431667775948,0.0006850431667775948,True
calibration,25,40,1.7,5000,2966.1368,809.4771825984902,11.447736100623471,2943.699649538259,2988.5739504617413,8287639,2981.4563581564453,0.005164818479189852,0.005164818479189852,True
calibration,25,40,1.9,5000,2760.2964,727.7996794597565,10.292641773827789,2740.1231928175253,2780.469607182475,8287839,2750.0023525144798,-0.0037293268525512052,0.0037293268525512052,True
calibration,25,80,0.3,5000,1432.0812,191.52505469487582,2.708573298837422,1426.7724938847919,1437.3899061152083,8286919,1415.1629710742536,-0.011813735789385727,0.011813735789385727,False
calibration,25,80,0.5,5000,2004.1768,315.04426628603153,4.455398741295866,1995.444378930295,2012.909221069705,8287119,1989.8484734639228,-0.007149232810237678,0.007149232810237678,False
calibration,25,80,0.7,5000,3329.3516,683.6431214902642,9.668173742346092,3310.402327668726,3348.300872331274,8287319,3343.1730379866685,0.004151390314759358,0.004151390314759358,True
calibration,25,80,0.85,5000,6662.8314,1865.911398551252,26.387972060177297,6611.111925137004,6714.550874862996,8287469,6623.8250908740665,-0.005854314297362156,0.005854314297362156,True
calibration,25,80,1.0,5000,16983.7222,6414.855659518275,90.7197587435655,16805.91474017645,17161.52965982355,8287619,16968.70446645612,-0.0008842427688718566,0.0008842427688718566,True
calibration,25,80,1.15,5000,14367.6516,4574.5380149505245,64.69373702334327,14240.854205408941,14494.448994591057,8287769,14339.548436440267,-0.001956002577326688,0.001956002577326688,True
calibration,25,80,1.3,5000,12519.8134,3608.3562509191283,51.02986347923566,12419.796705444702,12619.830094555296,8287919,12474.33611159924,-0.003632425416241411,0.003632425416241411,True
calibration,25,80,1.5,5000,10715.9144,2729.1577170697865,38.59611857335286,10640.267397653191,10791.561402346808,8288119,10689.322267391597,-0.0024815551539309243,0.0024815551539309243,True
calibration,25,80,1.7,5000,9354.8828,2178.9147259451775,30.814507566861256,9294.487474967615,9415.278125032384,8288319,9395.667537867992,0.004359727293215538,0.004359727293215538,True
calibration,25,80,1.9,5000,8398.0876,1792.7940577860488,25.353936710629245,8348.39479718086,8447.780402819142,8288519,8410.900937894326,0.0015257447295888816,0.0015257447295888816,True
calibration,30,10,0.3,5000,195.4904,63.49243234932118,0.8979185893646624,193.73051190379624,197.25028809620375,8290774,195.04770784816338,-0.0022645211828131204,0.0022645211828131204,True
calibration,30,10,0.5,5000,235.464,79.685659091539,1.1269253981389336,233.2552668063842,237.67273319361578,8290974,233.34634080563583,-0.008993558227007804,0.008993558227007804,True
calibration,30,10,0.7,5000,271.748,94.7585243214895,1.3400879024591124,269.1214759750623,274.37452402493767,8291174,272.21588720572737,0.0017217687185457826,0.0017217687185457826,True
calibration,30,10,0.85,5000,288.4226,102.67985897890583,1.4521124915052543,285.576511815149,291.268688184851,8291324,290.341993864915,0.006654797040575312,0.006654797040575312,True
calibration,30,10,1.0,5000,293.3226,106.82121270392275,1.510680077550287,290.3617214558393,296.28347854416074,8291474,293.51746057383997,0.0006643217189536247,0.0006643217189536247,True
calibration,30,10,1.15,5000,291.4404,105.09814447379348,1.4863122129508568,288.5272815928343,294.3535184071657,8291624,288.5236238813687,-0.010008139292395059,0.010008139292395059,False
calibration,30,10,1.3,5000,284.9738,101.0891176907935,1.4296160124665014,282.1718041038439,287.77579589615607,8291774,283.6329030027542,-0.004705334305279316,0.004705334305279316,True
calibration,30,10,1.5,5000,278.8994,96.85708615619062,1.3697660485402412,276.2147078776154,281.5840921223846,8291974,277.2745124635023,-0.005826070391322957,0.005826070391322957,True
calibration,30,10,1.7,5000,271.8862,92.6965791208939,1.3109275937835883,269.3168291298444,274.45557087015555,8292174,271.1032722889758,-0.0028796154825959245,0.0028796154825959245,True
calibration,30,10,1.9,5000,263.9862,88.13917467495641,1.2464761620169458,261.5431516148591,266.4292483851409,8292374,265.11930562318145,0.004292291124238502,0.004292291124238502,True
calibration,30,20,0.3,5000,427.3874,111.724460134021,1.5800224677034467,424.29061286853715,430.4841871314629,8290944,435.86501671396053,0.019835906987338687,0.019835906987338687,False
calibration,30,20,0.5,5000,591.188,173.4687284093222,2.4532182836407848,586.3797805178489,595.9962194821511,8291144,591.9329138282673,0.0012600286681517083,0.0012600286681517083,True
calibration,30,20,0.7,5000,866.9694,290.9233172830047,4.114277009121962,858.9055652396997,875.0332347603002,8291344,856.4937993643232,-0.012083010814080355,0.012083010814080355,False
calibration,30,20,0.85,5000,1102.3058,385.48734815227994,5.451614358801933,1091.620832199147,1112.9907678008533,8291494,1131.4524522105057,0.026441530299945473,0.026441530299945473,False
calibration,30,20,1.0,5000,1196.8208,432.4611894996413,6.115924793903939,1184.8338076717928,1208.8077923282071,8291644,1186.5358228896916,-0.008593581520565417,0.008593581520565417,True
calibration,30,20,1.15,5000,1154.7374,399.6624261201076,5.6520802338999125,1143.6595263038255,1165.8152736961745,8291794,1146.8393980928506,-0.006839651947836248,0.006839651947836248,True
calibration,30,20,1.3,5000,1123.3338,375.2087460310322,5.30625297358088,1112.933735278923,1133.7338647210772,8291944,1109.181266329873,-0.012598689427957221,0.012598689427957221,False
calibration,30,20,1.5,5000,1067.664,350.65195516741744,4.958967506704042,1057.9446022863556,1077.3833977136444,8292144,1061.9956289404859,-0.005309133828165162,0.005309133828165162,True
calibration,30,20,1.7,5000,1020.0096,320.3964773345326,4.5310904358306,1011.1288259350781,1028.8903740649218,8292344,1018.0716584772646,-0.001899924787703371,0.001899924787703371,True
calibration,30,20,1.9,5000,981.489,301.9084682874012,4.2696305044733025,973.1206779839388,989.8573220160613,8292544,977.190049022496,-0.004380029707417992,0.004380029707417992,True
calibration,30,40,0.3,5000,858.3204,157.63275218288916,2.2292637601123895,853.9511233181394,862.6896766818605,8291284,856.4810284349087,-0.002142989453694979,0.002142989453694979,True
calibration,30,40,0.5,5000,1199.0578,265.92225440575226,3.7607085871744337,1191.6869466127876,1206.4286533872125,8291484,1210.127826104445,0.009232270624856348,0.009232270624856348,False
calibration,30,40,0.7,5000,1980.5018,555.3193390387391,7.853401407166478,1965.1094160858174,1995.8941839141826,8291684,1993.6283643786696,0.006627898231988291,0.006627898231988291,True
calibration,30,40,0.85,5000,3507.1416,1125.2757309404521,15.913802001052852,3475.951121220835,3538.332078779165,8291834,3449.6874125992363,-0.016382055232889273,0.016382055232889273,False
calibration,30,40,1.0,5000,4769.5806,1670.7126578980278,23.62744499627792,4723.271658760595,4815.889541239406,8291984,4771.075252747431,0.00031337194457523927,0.00031337194457523927,True
calibration,30,40,1.15,5000,4505.6288,1486.3626038650843,21.020341529901902,4464.429687658661,4546.8279123413395,8292134,4457.845207075436,-0.010605310611598718,0.010605310611598718,False
calibration,30,40,1.3,5000,4174.1216,1312.9682559535354,18.568175145348388,4137.7286454564855,4210.514554543515,8292284,4181.9449557036505,0.0018742519872085475,0.0018742519872085475,True
calibration,30,40,1.5,5000,3853.6604,1119.6739503189508,15.834580859769192,3822.6251918045655,3884.695608195435,8292484,3862.4577739170613,0.002282861748030813,0.002282861748030813,True
calibration,30,40,1.7,5000,3570.6798,998.8319666147386,14.125617137183538,3542.9940991517183,3598.3655008482815,8292684,3588.545562121618,0.005003462399965965,0.005003462399965965,True
calibration,30,40,1.9,5000,3338.7616,884.7304167640613,12.51197754431736,3314.238574637764,3363.2846253622356,8292884,3351.803985028949,0.003906354089177544,0.003906354089177544,True
calibration,30,80,0.3,5000,1716.5546,227.8388657112428,3.222128139245419,1710.2393448935059,1722.869855106494,8291964,1696.5631468707118,-0.011646266963653923,0.011646266963653923,False
calibration,30,80,0.5,5000,2399.0986,374.57818014487725,5.297335425299178,2388.7160133523853,2409.4811866476143,8292164,2387.4012847985523,-0.004875712570315997,0.004875712570315997,False
calibration,30,80,0.7,5000,3999.9224,807.9567221028601,11.426233542083745,3977.5273937785723,4022.3174062214275,8292364,4015.0823314361733,0.0037900563861372255,0.0037900563861372255,True
calibration,30,80,0.85,5000,7952.203,2290.4048287250203,32.391215721077494,7888.717383771221,8015.68861622878,8292514,7931.587041044759,-0.002592483989058339,0.002592483989058339,True
calibration,30,80,1.0,5000,19056.9898,6559.460190144702,92.76477562749038,18875.17418073618,19238.80541926382,8292664,19134.164933367047,0.004049702192055917,0.004049702192055917,True
calibration,30,80,1.15,5000,16673.011,5253.819613898642,74.30022952237238,16527.38522609309,16818.636773906906,8292814,16731.927876954473,0.003533667491401163,0.003533667491401163,True
calibration,30,80,1.3,5000,14836.037,4231.478841287979,59.842147662442486,14718.748545824084,14953.325454175916,8292964,14917.976825733642,0.005523026515345139,0.005523026515345139,True
calibration,30,80,1.5,5000,13022.9738,3311.5542839984873,46.832449809653845,12931.183885065298,13114.763714934701,8293164,13089.103032163837,0.005077890286766723,0.005077890286766723,True
calibration,30,80,1.7,5000,11637.6258,2765.2149323513318,39.10604460207854,11560.97936100211,11714.27223899789,8293364,11703.567101056988,0.00566621596107583,0.00566621596107583,True
calibration,30,80,1.9,5000,10609.6134,2320.095432542304,32.811104267011984,10545.304817343667,10673.921982656333,8293564,10614.062283569838,0.00041932570039145465,0.00041932570039145465,True
calibration,40,10,0.3,5000,254.0974,79.6312434929158,1.126155845363158,251.89017510210894,256.304624897891,8300864,252.37866717568804,-0.0067640708811343864,0.0067640708811343864,True
calibration,40,10,0.5,5000,296.6728,97.50271942986639,1.3788966818597572,293.9702121651531,299.3753878348469,8301064,295.88047780944817,-0.0026706937425737343,0.0026706937425737343,True
calibration,40,10,0.7,5000,337.5942,111.4054835396918,1.5755114574456475,334.50625428617633,340.6821457138237,8301264,336.3424641948598,-0.003707811938535039,0.003707811938535039,True
calibration,40,10,0.85,5000,349.8758,118.73415487662703,1.679154521434335,346.58471761351115,353.1668823864889,8301414,352.5235339726257,0.007567639638482288,0.007567639638482288,True
calibration,40,10,1.0,5000,351.7872,120.01922862278295,1.697328208638968,348.4604978411237,355.1139021588763,8301564,354.89827847974834,0.008843637516510997,0.008843637516510997,True
calibration,40,10,1.15,5000,350.7856,120.9791669024253,1.7109037859800813,347.4322901984658,354.13890980153417,8301714,350.6179324391489,-0.0004779773196251513,0.0004779773196251513,True
calibration,40,10,1.3,5000,342.984,116.84624578064374,1.652455454953664,339.74524682223404,346.2227531777659,8301864,346.40632033572996,0.0099780757578487,0.0099780757578487,False
calibration,40,10,1.5,5000,336.066,111.53808763377019,1.577386762528366,332.9743787557541,339.15762124424583,8302064,340.89758604673165,0.014376896343967176,0.014376896343967176,False
calibration,40,10,1.7,5000,334.8884,109.26213245291176,1.545199895687133,331.85986385553815,337.91693614446183,8302264,335.51034749953357,0.0018571783899758124,0.0018571783899758124,True
calibration,40,10,1.9,5000,326.4682,106.73498330019085,1.509460609627957,323.50971156904734,329.4266884309527,8302464,330.2437602806839,0.011564863838756307,0.011564863838756307,False
calibration,40,20,0.3,5000,569.9178,147.62799683071515,2.0877751530396966,565.8258358922246,574.0097641077755,8301034,581.7077246785807,0.020687061675526947,0.020687061675526947,False
calibration,40,20,0.5,5000,777.4228,228.69313446212158,3.234209323779462,771.0838662069286,783.7617337930715,8301234,781.5683361183152,0.005332408720602399,0.005332408720602399,True
calibration,40,20,0.7,5000,1114.8986,349.7443233797902,4.946131654867009,1105.2043600936672,1124.5928399063328,8301434,1102.3935299602613,-0.011216329484796835,0.011216329484796835,False
calibration,40,20,0.85,5000,1356.85,435.5559009915693,6.1596906235391025,1344.7772282219541,1368.9227717780457,8301584,1403.912466755937,0.03468509176101785,0.03468509176101785,False
calibration,40,20,1.0,5000,1433.7894,472.921426436524,6.688118952033622,1420.6809277296943,1446.8978722703055,8301734,1437.1158936970114,0.002320071341726706,0.002320071341726706,True
calibration,40,20,1.15,5000,1414.7376,458.45100350065997,6.483476268341886,1402.0302200194296,1427.4449799805702,8301884,1403.388962482291,-0.008021726090908303,0.008021726090908303,True
calibration,40,20,1.3,5000,1378.2686,435.5742690320545,6.159950386858786,1366.1953190952033,1390.3418809047969,8302034,1370.9375136906274,-0.005319054870271819,0.005319054870271819,True
calibration,40,20,1.5,5000,1329.8562,414.18740753826967,5.857494491047732,1318.3757217579046,1341.3366782420953,8302234,1329.57378668705,-0.00021236379764216927,0.00021236379764216927,True
calibration,40,20,1.7,5000,1292.9538,388.95287135177,5.500624257896308,1282.1727745620358,1303.7348254379642,8302434,1290.2874145351268,-0.002062243418808314,0.002062243418808314,True
calibration,40,20,1.9,5000,1250.2808,373.9151086183208,5.287958177842382,1239.9165924196748,1260.6450075803252,8302634,1252.9708533099526,0.002151559321676095,0.002151559321676095,True
calibration,40,40,0.3,5000,1147.014,214.46055317883975,3.0329302289955153,1141.0695659835458,1152.958434016454,8301374,1146.5430777289102,-0.0004105636645146863,0.0004105636645146863,True
calibration,40,40,0.5,5000,1608.021,355.3799239364365,5.025831082260274,1598.170552086388,1617.871447913612,8301574,1619.5204069339838,0.007151279077812971,0.007151279077812971,False
calibration,40,40,0.7,5000,2656.5942,743.4263460981017,10.513636212774099,2635.9878516764065,2677.2005483235935,8301774,2648.1203171978536,-0.0031897543110447064,0.0031897543110447064,True
calibration,40,40,0.85,5000,4450.6648,1391.150031205414,19.67383241426451,4412.104797030164,4489.224802969835,8301924,4454.143686766401,0.0007816555329893743,0.0007816555329893743,True
calibration,40,40,1.0,5000,5818.1766,1943.0759860257483,27.479244121590877,5764.318271199298,5872.034928800702,8302074,5783.50913434408,-0.0059584760036193885,0.0059584760036193885,True
calibration,40,40,1.15,5000,5504.0112,1758.4983294702072,24.868921869471983,5455.269008801494,5552.753391198506,8302224,5518.558439884362,0.002643025123997235,0.002643025123997235,True
calibration,40,40,1.3,5000,5283.8914,1573.3981427309332,22.251209924627243,5240.279829935291,5327.50297006471,8302374,5276.52499113817,-0.0013941257123170014,0.0013941257123170014,True
calibration,40,40,1.5,5000,4955.791,1441.1799338178866,20.38136208225215,4915.844264362916,4995.737735637084,8302574,4984.964651927056,0.00588678011785731,0.00588678011785731,True
calibration,40,40,1.7,5000,4716.706,1296.8281325623225,18.339919331366104,4680.760418631153,4752.6515813688475,8302774,4724.259819519189,0.0016015031505437136,0.0016015031505437136,True
calibration,40,40,1.9,5000,4452.659,1168.9872388319345,16.531976073971983,4420.256922301736,4485.061077698263,8302974,4490.083242601359,0.008404919981826537,0.008404919981826537,False
calibration,40,80,0.3,5000,2290.5178,302.5066586686445,4.278090193973656,2282.132897297198,2298.9027027028023,8302054,2259.601172122461,-0.013497658860166559,0.013497658860166559,False
calibration,40,80,0.5,5000,3192.0746,499.94285033947745,7.070259593615515,3178.2171458351645,3205.9320541648353,8302254,3184.101816509065,-0.002497680815772584,0.002497680815772584,True
calibration,40,80,0.7,5000,5313.857,1087.8441345722395,15.384439288600833,5283.704053072,5344.009946928,8302454,5362.785539553758,0.009207726055435465,0.009207726055435465,False
calibration,40,80,0.85,5000,10521.812,2905.466935326998,41.089507449660324,10441.278045256175,10602.345954743825,8302604,10530.299377652884,0.0008066460085852017,0.0008066460085852017,True
calibration,40,80,1.0,5000,23048.3674,7515.540848885561,106.28579797062963,22840.051063909465,23256.683736090534,8302754,23204.12765648839,0.006757973516527211,0.006757973516527211,True
calibration,40,80,1.15,5000,21221.124,6495.189109774891,91.8558452922168,21041.08985145777,21401.15814854223,8302904,21153.419210089236,-0.0031904431598799286,0.0031904431598799286,True
calibration,40,80,1.3,5000,19291.8166,5448.6508620215045,77.05555945706666,19140.790478655563,19442.842721344434,8303054,19477.234365179018,0.009611213346234052,0.009611213346234052,False
calibration,40,80,1.5,5000,17501.4106,4602.7983558861915,65.09339859762835,17373.829883117338,17628.99131688266,8303254,17663.193004053748,0.009243963686775563,0.009243963686775563,False
calibration,40,80,1.7,5000,15963.3502,3854.3748564802067,54.5090919650416,15856.514342918537,16070.186057081464,8303454,16198.321358253103,0.014719413864208889,0.014719413864208889,False
calibration,40,80,1.9,5000,14814.2818,3425.959809120869,48.45038826203873,14719.320783969422,14909.242816030579,8303654,14987.84708507436,0.011716078269441252,0.011716078269441252,False
calibration,50,10,0.3,5000,306.7322,95.647721250828,1.3526630460300224,304.0810291465629,309.38337085343704,8310954,306.87465104243034,0.0004644150253229567,0.0004644150253229567,True
calibration,50,10,0.5,5000,359.432,114.40748922477997,1.6179662289873755,356.2608444629827,362.60315553701736,8311154,354.08932062496103,-0.014864228491172136,0.014864228491172136,False
calibration,50,10,0.7,5000,395.3636,125.78878470957473,1.7789220533070997,391.8769768442141,398.85022315578595,8311354,394.9239841771109,-0.0011119279136700883,0.0011119279136700883,True
calibration,50,10,0.85,5000,407.1366,133.36752423189068,1.8861016154886219,403.4399087624595,410.8332912375405,8311504,409.1012169162193,0.0048254490414748104,0.0048254490414748104,True
calibration,50,10,1.0,5000,409.7566,131.850713606623,1.8646506739105702,406.10195183538696,413.411248164613,8311654,410.9100961803105,0.002815076512033061,0.002815076512033061,True
calibration,50,10,1.15,5000,408.3172,132.1886960160773,1.8694304669835082,404.65318361311046,411.98121638688957,8311804,407.15618565430526,-0.002843412782255444,0.002843412782255444,True
calibration,50,10,1.3,5000,403.943,130.06344394521534,1.8393748639627634,400.3378915125647,407.5481084874353,8311954,403.4503658878655,-0.0012195634337877135,0.0012195634337877135,True
calibration,50,10,1.5,5000,402.491,126.70833958214405,1.7919265230284378,398.9788885519222,406.0031114480778,8312154,398.5836724176114,-0.009707863237658917,0.009707863237658917,False
calibration,50,10,1.7,5000,391.7638,125.79338776279526,1.7789871503100279,388.2770492564328,395.2505507435672,8312354,393.8014121828711,0.005201124205123344,0.005201124205123344,True
calibration,50,10,1.9,5000,388.2852,123.55466730205875,1.7473268619306705,384.86050228139646,391.7098977186035,8312554,389.10285043631916,0.0021057986148305006,0.0021057986148305006,True
calibration,50,20,0.3,5000,712.3852,181.83298454299637,2.5715067282748283,707.345139426579,717.4252605734212,8311124,726.7132870798241,0.020112836538187566,0.020112836538187566,False
calibration,50,20,0.5,5000,972.4526,277.5740406141118,3.9254897279917724,964.7587815114541,980.1464184885458,8311324,966.9662032211174,-0.005641814088298517,0.005641814088298517,True
calibration,50,20,0.7,5000,1351.2818,417.5919508278856,5.905642003986345,1339.7069543665998,1362.8566456334001,8311524,1335.2106059503571,-0.011893295720879854,0.011893295720879854,False
calibration,50,20,0.85,5000,1591.217,490.130780861057,6.931495976302222,1577.6315175274635,1604.8024824725367,8311674,1653.6989797590327,0.03926678747086826,0.03926678747086826,False
calibration,50,20,1.0,5000,1677.8368,533.5934067719635,7.546150326497744,1663.0466171381393,1692.6269828618608,8311824,1666.2199636829455,-0.006923698608264254,0.006923698608264254,True
calibration,50,20,1.15,5000,1645.0302,511.4599131276148,7.233135457552378,1630.8535150078976,1659.2068849921022,8311974,1636.8514324556247,-0.00497180388808376,0.00497180388808376,True
calibration,50,20,1.3,5000,1613.6344,502.82068142049684,7.1109582710654795,1599.6971778931443,1627.5716221068556,8312124,1608.3436946709282,-0.0032787509544117744,0.0032787509544117744,True
calibration,50,20,1.5,5000,1588.2508,477.6001845546307,6.754286583890519,1575.0126415543125,1601.4889584456876,8312324,1571.6274283195455,-0.010466465170648434,0.010466465170648434,False
calibration,50,20,1.7,5000,1556.7588,451.5948970180715,6.386516280614378,1544.2414581033172,1569.276141896683,8312524,1536.3344593220997,-0.013119784951850164,0.013119784951850164,False
calibration,50,20,1.9,5000,1508.5588,438.15823382670106,6.196493167431624,1496.4138965613854,1520.7037034386146,8312724,1502.405382376673,-0.004079004161672027,0.004079004161672027,True
calibration,50,40,0.3,5000,1426.8224,263.09663704868075,3.72074832328996,1419.5298672908139,1434.1149327091862,8311464,1438.4370954594356,0.008140253096275718,0.008140253096275718,False
calibration,50,40,0.5,5000,1999.2974,446.48415579224616,6.3142394850609636,1986.9217180195196,2011.6730819804802,8311664,2030.3084740707325,0.0155109860447638,0.0155109860447638,False
calibration,50,40,0.7,5000,3297.6876,939.3653501478814,13.28463218202485,3271.6501993753695,3323.725000624631,8311864,3295.2090350056787,-0.0007516069728137557,0.0007516069728137557,True
calibration,50,40,0.85,5000,5392.1,1656.3207530207962,23.423912725620276,5346.189974680775,5438.010025319226,8312014,5409.632965149285,0.0032516023718560097,0.0032516023718560097,True
calibration,50,40,1.0,5000,6757.8876,2104.9905418320723,29.769061729260063,6699.541311157101,6816.233888842899,8312164,6710.03901265519,-0.007080405916311756,0.007080405916311756,True
calibration,50,40,1.15,5000,6555.326,2012.9652602943327,28.467627716941326,6499.530474949501,6611.121525050499,8312314,6480.574207920073,-0.011403215046807334,0.011403215046807334,False
calibration,50,40,1.3,5000,6298.0038,1866.7570903018952,26.399931947610767,6246.260884188375,6349.746715811626,8312464,6266.352552132033,-0.005025599995345661,0.005025599995345661,True
calibration,50,40,1.5,5000,6017.531,1687.952233443671,23.87124941173996,5970.744210887016,6064.3177891129835,8312664,6002.070613811993,-0.0025692241864656534,0.0025692241864656534,True
calibration,50,40,1.7,5000,5732.494,1551.520130487214,21.94180810829892,5689.488846352045,5775.499153647955,8312864,5759.602028887089,0.0047288368530501645,0.0047288368530501645,True
calibration,50,40,1.9,5000,5543.236,1452.034895645292,20.534874424605736,5502.98838570072,5583.48361429928,8313064,5536.507655293159,-0.0012137936589460018,0.0012137936589460018,True
calibration,50,80,0.3,5000,2860.1134,369.1680635594992,5.220824822808566,2849.880771377703,2870.3460286222976,8312144,2823.3798031920614,-0.012843405722283157,0.012843405722283157,False
calibration,50,80,0.5,5000,3995.2194,627.3818372072717,8.872519029650729,3977.8295822497385,4012.6092177502615,8312344,3983.2757245174485,-0.0029894917617168905,0.0029894917617168905,True
calibration,50,80,0.7,5000,6675.4768,1376.5559158638125,19.467440455795206,6637.321317835464,6713.632282164537,8312544,6715.057790624712,0.0059293128881387725,0.0059293128881387725,False
calibration,50,80,0.85,5000,13176.665,3793.5435803156593,53.64880780735794,13071.515268884068,13281.814731115934,8312694,13102.623238307353,-0.005619157935080532,0.005619157935080532,True
calibration,50,80,1.0,5000,26823.1552,8363.693506395768,118.2804878827668,26591.32970367595,27054.98069632405,8312844,26930.474366467573,0.00400098965492219,0.00400098965492219,True
calibration,50,80,1.15,5000,25292.8002,7430.232664928531,105.07935806329513,25086.848442677354,25498.75195732265,8312994,25150.301901995757,-0.005633947086817383,0.005633947086817383,True
calibration,50,80,1.3,5000,23426.5708,6429.128457289637,90.92160658537817,23248.36772567614,23604.773874323862,8313144,23623.878901202992,0.008422406458353291,0.008422406458353291,False
calibration,50,80,1.5,5000,21793.8466,5618.808784564567,79.46195587512297,21638.10402834365,21949.589171656353,8313344,21894.887666736427,0.004636219965704756,0.004636219965704756,True
calibration,50,80,1.7,5000,20181.9566,4973.9072822728585,70.34167136576579,20044.08945751075,20319.823742489254,8313544,20436.961708936426,0.012635301620677561,0.012635301620677561,False
calibration,50,80,1.9,5000,18905.2652,4439.8305721694915,62.78868609800793,18782.201636611317,19028.328763388687,8313744,19188.661392051996,0.014990331479295732,0.014990331479295732,False
