split,k,N,p_bias,repetitions,mc_mean,mc_sd,mc_se,ci_low,ci_high,seed
development,7,15,0.4,7000,87.11157142857142,27.31056762976178,0.3264237176825308,86.47179269821399,87.75135015892886,10067806
development,7,15,0.6,7000,129.26114285714286,49.28944262504241,0.5891215196359683,128.10648589613885,130.41579981814687,10068006
development,7,15,0.8,7000,211.1742857142857,97.9512107495475,1.1707408940680175,208.87967572668416,213.46889570188725,10068206
development,7,15,0.925,7000,279.2547142857143,144.2718947107618,1.724378960811819,275.8749936268245,282.63443494460404,10068331
development,7,15,1.075,7000,282.079,148.7943984573595,1.7784332194493744,278.5933349409696,285.5646650590304,10068481
development,7,15,1.2,7000,238.88185714285714,108.44050550488917,1.2961119459012733,236.34152440895852,241.42218987675577,10068606
development,7,15,1.4,7000,194.36042857142857,75.2741502171564,0.8996981788288009,192.59705254396783,196.1238045988893,10068806
development,7,15,1.6,7000,164.312,55.42375765076115,0.662440607810057,163.01364026679548,165.61035973320455,10069006
development,7,15,1.8,7000,142.20928571428573,43.873394592006925,0.5243873640498354,141.18150536680017,143.2370660617713,10069206
development,7,30,0.4,7000,174.685,39.0992129505247,0.46732497920924954,173.76905987167393,175.60094012832607,10068061
development,7,30,0.6,7000,260.20842857142856,72.34931268876892,0.8647396839129647,258.5135699349566,261.9032872079005,10068261
development,7,30,0.8,7000,511.68857142857144,199.32209840378832,2.3823547448477305,507.0192419302718,516.3579009268711,10068461
development,7,30,0.925,7000,967.6945714285714,469.98963989422487,5.6174506369234685,956.6845704952698,978.704572361873,10068586
development,7,30,1.075,7000,1029.5605714285714,501.47507751362616,5.993773595124686,1017.8129910506399,1041.308151806503,10068736
development,7,30,1.2,7000,776.3938571428571,304.786690762742,3.64289772543984,769.2539088016321,783.5338054840821,10068861
development,7,30,1.4,7000,567.429,177.32759022589292,2.119470090623132,563.2749149560688,571.5830850439312,10069061
development,7,30,1.6,7000,454.41814285714287,120.60598237877322,1.4415172059598949,451.5928210503667,457.24346466391904,10069261
development,7,30,1.8,7000,380.5482857142857,91.3083933727022,1.0913440403141261,378.4092907005276,382.68728072804385,10069461
development,7,60,0.4,7000,349.5062857142857,54.13980162709554,0.6470943980839333,348.23800399944355,350.77456742912784,10068571
development,7,60,0.6,7000,526.89,105.94668605367092,1.2663051023551668,524.4080876059445,529.3719123940555,10068771
development,7,60,0.8,7000,1047.2675714285715,298.66125062670204,3.5696847124862385,1040.2711179559353,1054.2640249012077,10068971
development,7,60,0.925,7000,2616.349714285714,1102.861993858118,13.181722072067949,2590.514013770244,2642.185414801184,10069096
development,7,60,1.075,7000,3405.4505714285715,1421.73366942941,16.99296756555998,3372.1449670096167,3438.7561758475263,10069246
development,7,60,1.2,7000,2271.4511428571427,707.2258113461046,8.452965229805928,2254.8836354441537,2288.0186502701317,10069371
development,7,60,1.4,7000,1522.6642857142858,364.55430066032267,4.357257298051098,1514.1242183387315,1531.2043530898402,10069571
development,7,60,1.6,7000,1161.5107142857144,238.19691582720202,2.846997684518883,1155.9307013599885,1167.0907272114403,10069771
development,7,60,1.8,7000,939.6357142857142,170.23451591505736,2.034691637178677,935.6477919571992,943.6236366142293,10069971
development,9,15,0.4,7000,112.30357142857143,35.06460453262422,0.41910218512388925,111.48214623988657,113.12499661725629,10069824
development,9,15,0.6,7000,162.81942857142857,61.4631823364864,0.734625539493049,161.3795889718989,164.25926817095825,10070024
development,9,15,0.8,7000,255.067,113.19105580017806,1.3528918821313858,252.41538063604588,257.71861936395413,10070224
development,9,15,0.925,7000,316.681,153.05413526000726,1.8293468123969665,313.09554613246877,320.2664538675312,10070349
development,9,15,1.075,7000,322.262,153.79369669098082,1.8381862622035654,318.6592211292047,325.8647788707953,10070499
development,9,15,1.2,7000,288.765,127.4100308570511,1.5228411399652535,285.7802862114922,291.7497137885078,10070624
development,9,15,1.4,7000,245.18114285714285,94.3346484874554,1.1275147072371017,242.9712546389189,247.39103107536678,10070824
development,9,15,1.6,7000,213.19542857142858,74.32794830788171,0.8883889029070815,211.45421831746566,214.9366388253915,10071024
development,9,15,1.8,7000,189.20985714285715,59.8814358380854,0.7157200528170153,187.8070716163227,190.6126426693916,10071224
development,9,30,0.4,7000,225.14785714285713,50.64832703609793,0.605363294884689,223.96136688732065,226.33434739839362,10070079
development,9,30,0.6,7000,338.8104285714286,96.60074026759727,1.1545996845071325,336.5474547732333,341.07340236962386,10070279
development,9,30,0.8,7000,646.3955714285714,245.97409588310015,2.9399527655464257,640.6333698918515,652.1577729652913,10070479
development,9,30,0.925,7000,1134.6454285714285,518.656612886435,6.199132221423406,1122.4953526820368,1146.7955044608202,10070604
development,9,30,1.075,7000,1212.0438571428572,557.6393518577855,6.665065070311136,1198.9805696504313,1225.107144635283,10070754
development,9,30,1.2,7000,986.54,383.9012959091365,4.588498120311487,977.5467089410597,995.5332910589402,10070879
development,9,30,1.4,7000,766.4642857142857,249.81618419416014,2.9858745042361075,760.6120792236266,772.3164922049448,10071079
development,9,30,1.6,7000,629.6462857142857,177.2495865880225,2.1185377688269833,625.4940279874969,633.7985434410745,10071279
development,9,30,1.8,7000,542.7191428571429,135.34199289730472,1.617646219551909,539.5486145270937,545.889671187192,10071479
development,9,60,0.4,7000,450.01514285714285,71.0877544846557,0.8496611793339983,448.3498375465864,451.6804481676993,10070589
development,9,60,0.6,7000,676.3121428571428,135.07787542233646,1.6144894119288367,673.1478017563411,679.4764839579445,10070789
development,9,60,0.8,7000,1348.5792857142858,380.90951682527225,4.552739520773059,1339.6560802225783,1357.5024912059932,10070989
development,9,60,0.925,7000,3265.7964285714284,1330.343008799491,15.900640243451484,3234.6317463631353,3296.9611107797214,10071114
development,9,60,1.075,7000,4255.6792857142855,1730.5639705290346,20.684195678596243,4215.139007135058,4296.219564293513,10071264
development,9,60,1.2,7000,3047.676,975.6448831491635,11.661186768905917,3024.8204939159496,3070.5315060840503,10071389
development,9,60,1.4,7000,2169.1765714285716,552.2278232404856,6.600384932074848,2156.240054677604,2182.1130881795393,10071589
development,9,60,1.6,7000,1708.8742857142856,370.6770105048224,4.430437677779093,1700.1907874300894,1717.557783998482,10071789
development,9,60,1.8,7000,1408.299142857143,275.3845815433414,3.291475304301819,1401.8479698047083,1414.7503159095775,10071989
development,11,15,0.4,7000,136.9442857142857,43.05367064156134,0.5145897888765437,135.9357082612756,137.95286316729582,10071842
development,11,15,0.6,7000,196.78714285714287,73.09962907725746,0.8737076800487044,195.07470727123138,198.49957844305436,10072042
development,11,15,0.8,7000,296.49942857142855,124.30942547356568,1.4857818173592734,293.5873497205199,299.4115074223372,10072242
development,11,15,0.925,7000,356.024,164.36810032902446,1.9645745597519597,352.1735046179425,359.8744953820575,10072367
development,11,15,1.075,7000,355.5357142857143,159.07944526526654,1.901363041380913,351.8091112030721,359.26231736835643,10072517
development,11,15,1.2,7000,330.8662857142857,138.39170965504806,1.6540973067441227,327.6243145661425,334.1082568624289,10072642
development,11,15,1.4,7000,289.20457142857146,110.04658319105876,1.315308245894508,286.62661463804966,291.78252821909325,10072842
development,11,15,1.6,7000,258.53114285714287,90.63827676781449,1.0833346149366079,256.40784602866154,260.6544396856242,10073042
development,11,15,1.8,7000,234.31814285714285,77.20992337047655,0.9228350933690977,232.50941931046975,236.12686640381594,10073242
development,11,30,0.4,7000,274.79285714285714,61.72481047252626,0.7377525938250658,273.346888629459,276.2388256562553,10072097
development,11,30,0.6,7000,412.4962857142857,116.91671725891234,1.397422053773123,409.75738881768837,415.23518261088304,10072297
development,11,30,0.8,7000,785.686,292.71911849082755,3.4986626491938138,778.8287472135247,792.5432527864754,10072497
development,11,30,0.925,7000,1298.951,559.2793255044435,6.684666504521536,1285.8492944024765,1312.0527055975235,10072622
development,11,30,1.075,7000,1357.941,594.8965903639084,7.110374243984267,1344.0049225651896,1371.8770774348104,10072772
development,11,30,1.2,7000,1157.0194285714285,439.9179649456729,5.258025374632331,1146.7138882073514,1167.3249689355057,10072897
development,11,30,1.4,7000,947.9564285714285,308.37798297615655,3.685821877419369,940.7323504382567,955.1805067046004,10073097
development,11,30,1.6,7000,804.843,232.12587129681089,2.774434823406217,799.4052076686701,810.2807923313298,10073297
development,11,30,1.8,7000,705.2847142857142,189.06325263479016,2.2597380852291735,700.8557090241716,709.7137195472569,10073497
development,11,60,0.4,7000,550.057,87.96840236033928,1.0514235121851672,547.9962477836185,552.1177522163815,10072607
development,11,60,0.6,7000,824.2451428571428,164.14587902422903,1.9619185071410088,820.3998532425438,828.0904324717418,10072807
development,11,60,0.8,7000,1649.462857142857,478.15303925951963,5.715021921631694,1638.261620005602,1660.664094280112,10073007
development,11,60,0.925,7000,3869.7318571428573,1538.825251976881,18.39247965928975,3833.6832594242637,3905.780454861451,10073132
development,11,60,1.075,7000,4942.194571428571,1973.8517197747935,23.592040460587278,4895.9550218040085,4988.434121053134,10073282
development,11,60,1.2,7000,3777.0174285714284,1241.7513265102987,14.841767111240427,3747.9280995664662,3806.1067575763905,10073407
development,11,60,1.4,7000,2795.087285714286,745.7953938521821,8.913959914419399,2777.61624532239,2812.5583261061815,10073607
development,11,60,1.6,7000,2281.923142857143,518.3665107803766,6.1956648380555155,2269.779862914273,2294.066422800013,10073807
development,11,60,1.8,7000,1922.4765714285713,394.80910222263697,4.718871342021228,1913.2277535505316,1931.725389306611,10074007
development,14,15,0.4,7000,172.838,53.99504707061851,0.6453642502116048,171.57310931267554,174.10289068732445,10074869
development,14,15,0.6,7000,246.27357142857142,89.6142956011965,1.0710956990789935,244.17426243438084,248.372880422762,10075069
development,14,15,0.8,7000,355.63971428571426,144.18936652533787,1.7233925603288676,352.2619269362454,359.0175016351831,10075269
development,14,15,0.925,7000,408.94314285714285,175.97360600826667,2.1032868838881904,404.8207763155665,413.0655093987192,10075394
development,14,15,1.075,7000,408.684,175.15590059695552,2.0935134348721243,404.5807890664999,412.78721093350015,10075544
development,14,15,1.2,7000,389.1341428571429,157.40848972951875,1.8813913027683986,385.44668366288994,392.8216020513958,10075669
development,14,15,1.4,7000,352.3121428571429,133.19454823438667,1.5919793465710879,349.19192067373194,355.4323650405538,10075869
development,14,15,1.6,7000,322.559,114.29920255983903,1.3661367692362656,319.88142113434105,325.236578865659,10076069
development,14,15,1.8,7000,300.5657142857143,99.45011247303808,1.1886561962929834,298.23599095097967,302.89543762044894,10076269
development,14,30,0.4,7000,351.0735714285714,80.30225006817349,0.9597954667540571,349.1924068812087,352.95473597593417,10075124
development,14,30,0.6,7000,523.2164285714285,148.63502350240617,1.7765283243916583,519.7344970381056,526.6983601047515,10075324
development,14,30,0.8,7000,977.7595714285715,349.96782501850134,4.182915568086457,969.5612075647501,985.9579352923928,10075524
development,14,30,0.925,7000,1531.2737142857143,629.1916673362593,7.520278815551056,1516.5342386535347,1546.013189917894,10075649
development,14,30,1.075,7000,1578.9978571428571,655.0887266194886,7.829807877080501,1563.6517156979114,1594.3439985878028,10075799
development,14,30,1.2,7000,1417.4875714285715,530.5280435463336,6.341022957007809,1405.0593948076946,1429.9157480494484,10075924
development,14,30,1.4,7000,1201.6881428571428,400.0762465221721,4.781825757584198,1192.3159365919319,1211.0603491223537,10076124
development,14,30,1.6,7000,1050.2467142857142,312.12361426547716,3.7305907341895095,1042.934890805644,1057.5585377657844,10076324
development,14,30,1.8,7000,937.6247142857143,260.9121193753246,3.118496295994585,931.5125738596433,943.7368547117852,10076524
development,14,60,0.4,7000,702.3894285714285,112.97291287027087,1.3502845754238948,699.7429194347177,705.0359377081394,10075634
development,14,60,0.6,7000,1050.6761428571428,210.92656773417386,2.521054682245934,1045.7349664768847,1055.617319237401,10075834
development,14,60,0.8,7000,2094.0468571428573,600.284192426808,7.174768405197132,2079.984569471255,2108.10914481446,10076034
development,14,60,0.925,7000,4770.485142857143,1820.9922245514053,21.7650200415932,4727.826487452828,4813.143798261458,10076159
development,14,60,1.075,7000,5941.1302857142855,2305.794363797045,27.559513908522252,5887.114631022151,5995.14594040642,10076309
development,14,60,1.2,7000,4829.340857142857,1589.8887542828654,19.002805247779005,4792.096043251981,4866.585671033733,10076434
development,14,60,1.4,7000,3769.2208571428573,1036.2636002763634,12.385719018621696,3744.945293943726,3793.4964203419886,10076634
development,14,60,1.6,7000,3134.375,760.2255858405608,9.086433697446381,3116.565917205094,3152.184082794906,10076834
development,14,60,1.8,7000,2677.9164285714287,586.3097997879913,7.007742466397276,2664.181505724358,2691.6513514184994,10077034
development,18,15,0.4,7000,220.84442857142858,70.01080232482133,0.8367891390108132,219.2043519963131,222.48450514654405,10078905
development,18,15,0.6,7000,310.10785714285714,110.66856509361443,1.322742351538736,307.5153297730154,312.70038451269886,10079105
development,18,15,0.8,7000,423.55642857142857,162.76781845554424,1.945447532970132,419.7434214729948,427.36943566986236,10079305
development,18,15,0.925,7000,477.34,188.82151828257838,2.256848807092949,472.9166576195456,481.76334238045433,10079430
development,18,15,1.075,7000,478.44014285714286,193.3892242203722,2.311443335251727,473.90979716774433,482.9704885465414,10079580
development,18,15,1.2,7000,453.26971428571426,172.78747321093093,2.0652053131630477,449.22198625123394,457.3174423201946,10079705
development,18,15,1.4,7000,430.1777142857143,157.66822770500278,1.8844957653606897,426.4841704565891,433.87125811483946,10079905
development,18,15,1.6,7000,398.6697142857143,135.8335152852845,1.6235210357543268,395.48767152749264,401.85175704393595,10080105
development,18,15,1.8,7000,377.5174285714286,124.54541078490314,1.4886023813142055,374.5998215167522,380.435035626105,10080305
development,18,30,0.4,7000,449.0722857142857,103.17059215169068,1.2331244338167116,446.65540623554864,451.4891651930228,10079160
development,18,30,0.6,7000,672.895,190.79366343438988,2.2804204501650016,668.425458048068,677.364541951932,10079360
development,18,30,0.8,7000,1231.8157142857142,432.8833066491648,5.173945126103551,1221.6749681805647,1241.9564603908636,10079560
development,18,30,0.925,7000,1810.7902857142858,714.4194737511312,8.53894594092974,1794.054259204129,1827.5263122244426,10079685
development,18,30,1.075,7000,1876.347142857143,736.493668614699,8.802783033219324,1859.0940051483128,1893.600280565973,10079835
development,18,30,1.2,7000,1716.153142857143,623.1394662313029,7.447941176450165,1701.5554463923277,1730.7508393219582,10079960
development,18,30,1.4,7000,1522.0521428571428,501.0324111906934,5.988482720589105,1510.3149324027477,1533.789353311538,10080160
development,18,30,1.6,7000,1368.0318571428572,418.22227271516283,4.998712254100136,1358.2345611557419,1377.8291531299726,10080360
development,18,30,1.8,7000,1250.6862857142858,354.0844646794958,4.23211882305787,1242.3914852427984,1258.9810861857732,10080560
development,18,60,0.4,7000,900.3018571428571,147.89073710295042,1.7676324004099784,896.8373613001474,903.7663529855668,10079670
development,18,60,0.6,7000,1354.6111428571428,275.6540649578186,3.2946962471690613,1348.1536568726922,1361.0686288415934,10079870
development,18,60,0.8,7000,2687.2701428571427,755.9595046724736,9.035444274827976,2669.5609974941613,2704.979288220124,10080070
development,18,60,0.925,7000,5905.754428571428,2189.7588178526184,26.172623866397107,5854.4570284123765,5957.05182873048,10080195
development,18,60,1.075,7000,7132.221571428571,2674.0163075300275,31.960607925866046,7069.579930969869,7194.863211887274,10080345
development,18,60,1.2,7000,6096.213714285715,2008.4699907423185,24.005807939248037,6049.163195305003,6143.264233266426,10080470
development,18,60,1.4,7000,4983.847571428571,1413.3269560783312,16.892488122483154,4950.7389030992335,5016.956239757909,10080670
development,18,60,1.6,7000,4291.279,1080.4755965795673,12.914153447195455,4265.967724352674,4316.590275647327,10080870
development,18,60,1.8,7000,3758.219285714286,857.243289225356,10.246017044420636,3738.137461322238,3778.301110106334,10081070
development,22,15,0.4,7000,268.2387142857143,84.32343899770096,1.0078578672751568,266.26334916431966,270.21407940710895,10082941
development,22,15,0.6,7000,368.82814285714284,125.93645577192011,1.5052285489677444,365.87794911266457,371.7783366016211,10083141
development,22,15,0.8,7000,488.23028571428574,180.4416510235977,2.1566902361893665,484.0032505255454,492.4573209030261,10083341
development,22,15,0.925,7000,537.9761428571428,205.99296940821714,2.4620869035844564,533.1505411993095,542.8017445149761,10083466
development,22,15,1.075,7000,544.7017142857143,208.53480146106787,2.4924676074813603,539.816567542418,549.5868610290105,10083616
development,22,15,1.2,7000,524.9897142857143,197.77920368533586,2.3639136257608775,520.3565287166595,529.6228998547691,10083741
development,22,15,1.4,7000,497.20185714285714,175.45085872023816,2.0970388587471542,493.09173650553174,501.31197778018253,10083941
development,22,15,1.6,7000,470.8237142857143,160.88650699508716,1.9229615601640622,467.05477888413776,474.5926496872908,10084141
development,22,15,1.8,7000,450.53171428571426,148.09403904461186,1.770062323380048,447.06245588149807,454.00097268993045,10084341
development,22,30,0.4,7000,547.6418571428571,125.86769006225701,1.504406641532439,544.6932743073507,550.5904399783635,10083196
development,22,30,0.6,7000,820.2367142857142,228.8686390606673,2.7355034518473667,814.8752260405084,825.59820253092,10083396
development,22,30,0.8,7000,1487.768857142857,521.6635517912348,6.23507201547878,1475.5483405515051,1499.989373734209,10083596
development,22,30,0.925,7000,2079.3241428571428,775.7054443220616,9.271453394701755,2061.1524281191855,2097.4958575951,10083721
development,22,30,1.075,7000,2123.814142857143,787.5844624533345,9.413434817914748,2105.3641496432147,2142.2641360710713,10083871
development,22,30,1.2,7000,2008.7122857142858,709.606391074223,8.481418599784414,1992.0890107209002,2025.3355607076714,10083996
development,22,30,1.4,7000,1819.5171428571427,594.9895166504773,7.11148492554693,1805.5788885264712,1833.4553971878142,10084196
development,22,30,1.6,7000,1659.3314285714287,503.1788835670645,6.014137972522952,1647.5439347472288,1671.1189223956285,10084396
development,22,30,1.8,7000,1547.9781428571428,442.7424476295107,5.291784399735256,1537.6064360197108,1558.3498496945747,10084596
development,22,60,0.4,7000,1097.6762857142858,176.35395948507917,2.1078329774596516,1093.5450089930391,1101.8075624355324,10083706
development,22,60,0.6,7000,1658.7744285714286,334.3343523826533,3.996059830510338,1650.9422952235611,1666.6065619192962,10083906
development,22,60,0.8,7000,3287.0685714285714,934.4717744405843,11.169073994268627,3265.177588659142,3308.9595541980007,10084106
development,22,60,0.925,7000,6980.6531428571425,2487.4145146200763,29.730289911475392,6922.382845380716,7038.923440333569,10084231
development,22,60,1.075,7000,8164.781285714285,2927.6610591154135,34.992242562889736,8096.197750552732,8233.364820875839,10084381
development,22,60,1.2,7000,7232.165285714285,2354.775224702935,28.14494717116773,7177.002202912014,7287.328368516557,10084506
development,22,60,1.4,7000,6163.320285714286,1747.9634232871683,20.892158915829082,6122.372406679973,6204.268164748599,10084706
development,22,60,1.6,7000,5359.253857142857,1379.855440820493,16.492426996143745,5326.929294212759,5391.578420072955,10084906
development,22,60,1.8,7000,4805.924714285714,1143.3151783251956,13.665230106205277,4779.141355437099,4832.7080731343285,10085106
development,28,15,0.4,7000,339.4725714285714,105.2166168776053,1.2575791066948987,337.0077616717394,341.93738118540347,10088995
development,28,15,0.6,7000,458.21257142857144,151.7532540219816,1.8137983076666204,454.65759207032517,461.7675507868177,10089195
development,28,15,0.8,7000,584.6661428571429,205.17900379893268,2.4523581537521455,579.8596091985955,589.4726765156902,10089395
development,28,15,0.925,7000,629.7697142857143,228.2218475804195,2.7277728150327074,624.4233778102428,635.1160507611858,10089520
development,28,15,1.075,7000,634.7268571428572,229.97262606033112,2.7486986203106807,629.3395068426933,640.1142074430211,10089670
development,28,15,1.2,7000,622.1045714285714,219.76571889983134,2.626702745800187,616.9563286487105,627.2528142084323,10089795
development,28,15,1.4,7000,587.4687142857143,198.24719457520902,2.3695071867657203,582.8245655385447,592.112863032884,10089995
development,28,15,1.6,7000,573.863,190.73149942931164,2.2796774481915985,569.3949143051764,578.3310856948237,10090195
development,28,15,1.8,7000,556.0577142857143,180.12118949130266,2.1528599882734647,551.838186244941,560.2772423264876,10090395
development,28,30,0.4,7000,703.0865714285715,162.2634907348185,1.9394196637672139,699.2853787366789,706.887764120464,10089250
development,28,30,0.6,7000,1042.6054285714285,292.8437803123467,3.500152642949528,1035.7452554508548,1049.4656016920023,10089450
development,28,30,0.8,7000,1842.3947142857144,614.7391122117822,7.347537741923482,1827.9938049364955,1856.7956236349332,10089650
development,28,30,0.925,7000,2461.847,871.6106617949778,10.417739991782417,2441.428604815804,2482.265395184196,10089775
development,28,30,1.075,7000,2512.087285714286,888.2965510644566,10.617174514053087,2491.278006049165,2532.8965653794066,10089925
development,28,30,1.2,7000,2403.3444285714286,828.7337939190207,9.90526340014247,2383.9304690497665,2422.7583880930906,10090050
development,28,30,1.4,7000,2226.3588571428572,709.1601623134096,8.476085145972094,2209.746035526857,2242.9716787588573,10090250
development,28,30,1.6,7000,2081.242714285714,629.2579248793718,7.521070744662178,2066.5016865009984,2095.98374207043,10090450
development,28,30,1.8,7000,1949.8425714285713,558.7998583438055,6.678935775845227,1936.7520978528587,1962.933045004284,10090650
development,28,60,0.4,7000,1398.4641428571429,231.19481953057777,2.7633066263284856,1393.0481613912982,1403.8801243229875,10089760
development,28,60,0.6,7000,2094.728285714286,429.9299835006595,5.13864616290652,2084.6567243056943,2104.7998471228775,10089960
development,28,60,0.8,7000,4165.346,1171.5218472096449,14.002364282452437,4137.901870307983,4192.790129692016,10090160
development,28,60,0.925,7000,8449.796142857143,2899.003409175107,34.64971813204029,8381.88394324388,8517.708342470407,10090285
development,28,60,1.075,7000,9763.368857142857,3308.765697098049,39.54731422755846,9685.857545571555,9840.88016871416,10090435
development,28,60,1.2,7000,8878.525,2813.212095653552,33.6243158085069,8812.622552010525,8944.427447989474,10090560
development,28,60,1.4,7000,7826.349142857143,2226.5522138003807,26.612389061110445,7774.1898187547995,7878.508466959487,10090760
development,28,60,1.6,7000,7027.978571428572,1866.2196278835693,22.30559090547828,6984.26041659995,7071.696726257193,10090960
development,28,60,1.8,7000,6391.117428571429,1585.6500270273084,18.952142766948935,6353.971911318347,6428.26294582451,10091160
development,35,15,0.4,7000,421.6985714285714,128.15145435937941,1.5317028457814106,418.69648901582235,424.7006538413205,10096058
development,35,15,0.6,7000,555.4522857142857,178.32117913887774,2.131345749570301,551.2749248065254,559.629646622046,10096258
development,35,15,0.8,7000,693.3851428571429,236.49320578922155,2.826634454724838,687.8450411284222,698.9252445858637,10096458
development,35,15,0.925,7000,728.3791428571428,250.01058521807153,2.9881980408907354,722.5223823183238,734.2359033959618,10096583
development,35,15,1.075,7000,732.2604285714285,251.0219598427418,3.0002862797523426,726.3799755198042,738.1408816230528,10096733
development,35,15,1.2,7000,720.2461428571429,245.9070884913439,2.939151874029786,714.4855110389511,726.0067746753347,10096858
development,35,15,1.4,7000,695.3537142857143,228.61191932839483,2.7324350641614394,689.9982399698636,700.7091886015651,10097058
development,35,15,1.6,7000,676.197,219.90896924856236,2.628414914951191,671.0454014302677,681.3485985697323,10097258
development,35,15,1.8,7000,662.2711428571429,207.87694168623003,2.4846046792431955,657.4014071700066,667.1408785442792,10097458
development,35,30,0.4,7000,867.318,202.38113628085932,2.4189172407248587,862.5770093265962,872.0589906734037,10096313
development,35,30,0.6,7000,1309.727,371.27896969612993,4.437632466250118,1301.0294001895243,1318.424599810476,10096513
development,35,30,0.8,7000,2233.2231428571426,715.7832073081827,8.55524567455871,2216.4551694561155,2249.9911162581698,10096713
development,35,30,0.925,7000,2859.165285714286,967.9607976027398,11.569344380089332,2836.48978740457,2881.8407840240016,10096838
development,35,30,1.075,7000,2913.024142857143,967.4040951804421,11.562690513469171,2890.3616858863606,2935.6865998279254,10096988
development,35,30,1.2,7000,2811.303,918.2965158245048,10.975742675655418,2789.790939652136,2832.815060347864,10097113
development,35,30,1.4,7000,2649.3417142857143,827.5495067457159,9.891108461030454,2629.955497934915,2668.7279306365135,10097313
development,35,30,1.6,7000,2512.0235714285714,752.4041316329194,8.992949439090662,2494.397714413164,2529.6494284439786,10097513
development,35,30,1.8,7000,2418.0344285714286,696.0974685845247,8.319956093374731,2401.7276142754595,2434.341242867398,10097713
development,35,60,0.4,7000,1751.1481428571428,285.53835457349925,3.412836104485145,1744.459107007214,1757.8371787070716,10096823
development,35,60,0.6,7000,2621.3432857142857,533.170273341427,6.372603643443123,2608.8532120853883,2633.833359343183,10097023
development,35,60,0.8,7000,5235.446,1479.478516923641,17.683150503227548,5200.787661880473,5270.104338119527,10097223
development,35,60,0.925,7000,10162.800428571429,3262.885157992911,38.998936898057,10086.363916815886,10239.236940326971,10097348
development,35,60,1.075,7000,11454.412571428571,3762.9837021558988,44.976257772757826,11366.260726034576,11542.564416822566,10097498
development,35,60,1.2,7000,10641.116142857143,3295.715085867516,39.391329588438126,10563.910555560657,10718.32173015363,10097623
development,35,60,1.4,7000,9604.986,2746.4809797890293,32.82672642036604,9540.646798485734,9669.325201514268,10097823
development,35,60,1.6,7000,8873.490714285714,2292.1167221109404,27.396034822007678,8819.795472715374,8927.185955856054,10098023
development,35,60,1.8,7000,8191.854857142857,2024.9545275096687,24.20283583880765,8144.418170575059,8239.291543710655,10098223
development,45,15,0.4,7000,533.166,158.81674159024985,1.8982231318993408,529.4455510268565,536.8864489731436,10106148
development,45,15,0.6,7000,690.5051428571428,216.0747913274159,2.582587723504866,685.4433639321579,695.5669217821277,10106348
development,45,15,0.8,7000,835.1787142857142,270.3536827782188,3.2313445629544226,828.8453953206842,841.5120332507443,10106548
development,45,15,0.925,7000,867.0388571428572,282.7433074132144,3.3794289011810315,860.4152982082286,873.6624160774858,10106673
development,45,15,1.075,7000,872.6075714285714,280.22479979400566,3.3493269775879826,866.0430111800506,879.1721316770922,10106823
development,45,15,1.2,7000,860.9695714285714,273.83911866579774,3.273003489842774,854.5546024672057,867.3845403899371,10106948
development,45,15,1.4,7000,838.3025714285715,265.94547887851274,3.178656448787341,832.0725192697223,844.5326235874206,10107148
development,45,15,1.6,7000,818.3851428571429,254.08733257552905,3.0369244916373512,812.432880229766,824.3374054845198,10107348
development,45,15,1.8,7000,806.9384285714285,244.40350638607225,2.921180630542747,801.2130197432288,812.6638373996283,10107548
development,45,30,0.4,7000,1122.7075714285713,261.6552289498397,3.1273781542278924,1116.5780228802473,1128.8371199768953,10106403
development,45,30,0.6,7000,1669.9284285714286,461.37684438385816,5.514508040920097,1659.1201914187686,1680.7366657240887,10106603
development,45,30,0.8,7000,2771.0064285714284,854.1210945891302,10.20869968088936,2750.9977448678997,2791.015112274957,10106803
development,45,30,0.925,7000,3436.779285714286,1105.6568847227143,13.215127407281276,3410.8781119449063,3462.6804594836653,10106928
development,45,30,1.075,7000,3462.466,1079.2703395200301,12.899747870003845,3437.182958765145,3487.7490412348548,10107078
development,45,30,1.2,7000,3399.244142857143,1056.6782942502548,12.629721281505711,3374.4903440106127,3423.997941703673,10107203
development,45,30,1.4,7000,3261.187142857143,982.513070852877,11.743277313283487,3238.170742262641,3284.203543451645,10107403
development,45,30,1.6,7000,3117.0337142857143,904.2985412458123,10.80843487876353,3095.8495711940914,3138.217857377337,10107603
development,45,30,1.8,7000,3010.121142857143,855.3500731127937,10.223388783806762,2990.083669040931,3030.1586166733546,10107803
development,45,60,0.4,7000,2251.4125714285715,371.57962998050266,4.441226043985847,2242.7079283351577,2260.1172145219853,10106913
development,45,60,0.6,7000,3374.982285714286,693.0204409616769,8.283178578909332,3358.74755402211,3391.2170174064618,10107113
development,45,60,0.8,7000,6643.1441428571425,1850.3784256925132,22.11625232482827,6599.797084827479,6686.491200886806,10107313
development,45,60,0.925,7000,12452.472571428572,3889.380799446778,46.486992040946646,12361.359741278717,12543.585401578428,10107438
development,45,60,1.075,7000,13695.586142857142,4247.862758377439,50.77167097338827,13596.075496314385,13795.0967893999,10107588
development,45,60,1.2,7000,13045.085142857142,3906.0382632565347,46.68608681399038,12953.58209412261,13136.588191591674,10107713
development,45,60,1.4,7000,12040.58,3378.654323548653,40.382643085566926,11961.431473951754,12119.728526048246,10107913
development,45,60,1.6,7000,11280.612285714285,2965.3628634296833,35.44286531428916,11211.145546189375,11350.079025239196,10108113
development,45,60,1.8,7000,10570.044857142857,2653.728957020188,31.7181277084965,10507.878469177162,10632.211245108552,10108313
development,48,15,0.4,7000,566.912,168.52993126687903,2.0143179537933276,562.9640093571527,570.8599906428474,10109175
development,48,15,0.6,7000,735.0947142857143,226.32535789119837,2.7051054276940594,729.7928050730501,740.3966234983785,10109375
development,48,15,0.8,7000,874.0377142857143,275.3294287466672,3.2908161022971205,867.5878332454674,880.4875953259611,10109575
development,48,15,0.925,7000,906.0667142857143,288.7075826389794,3.4507156250188182,899.3034359397877,912.8299926316408,10109700
development,48,15,1.075,7000,908.5561428571428,292.2469157103775,3.4930187464678024,901.7099519167427,915.402333797543,10109850
development,48,15,1.2,7000,895.254,283.42261296151725,3.387548155439143,888.6145276194442,901.8934723805559,10109975
development,48,15,1.4,7000,877.8347142857143,279.184242188742,3.3368899353932666,871.2945301919693,884.3748983794593,10110175
development,48,15,1.6,7000,867.692,265.4028486831963,3.172170777450032,861.4746595233876,873.9093404766124,10110375
development,48,15,1.8,7000,846.7728571428571,256.2301874575787,3.062536506244128,840.7703958892795,852.7753183964347,10110575
development,48,30,0.4,7000,1199.8162857142856,281.3789945155271,3.3631222431070342,1193.2246872421904,1206.407884186381,10109430
development,48,30,0.6,7000,1773.8514285714286,495.77231059510535,5.925612493390868,1762.237441498042,1785.4654156448153,10109630
development,48,30,0.8,7000,2949.1174285714287,902.3038357200394,10.784593587647517,2927.980013551738,2970.2548435911194,10109830
development,48,30,0.925,7000,3591.0407142857143,1128.4787621087173,13.487901014986,3564.6049140693003,3617.4765145021283,10109955
development,48,30,1.075,7000,3644.386,1149.3479047849098,13.737334978774667,3617.4613181980394,3671.3106818019605,10110105
development,48,30,1.2,7000,3551.0122857142856,1097.3925913886621,13.11635020899337,3525.3047116960443,3576.719859732527,10110230
development,48,30,1.4,7000,3409.441,1012.2451734298459,12.098643909440067,3385.7280936757224,3433.153906324277,10110430
development,48,30,1.6,7000,3300.5952857142856,960.3940265128228,11.478904167219799,3278.097046964548,3323.093524464023,10110630
development,48,30,1.8,7000,3186.485142857143,895.8315143371339,10.707234550790963,3165.4993487635697,3207.470936950716,10110830
development,48,60,0.4,7000,2395.3844285714285,401.4001381901772,4.797649289556789,2385.981208753443,2404.7876483894142,10109940
development,48,60,0.6,7000,3605.258428571429,731.0443396098478,8.737651093936586,3588.132947117836,3622.3839100250216,10110140
development,48,60,0.8,7000,7088.655285714286,1951.5696573832215,23.325718876133468,7042.937716803558,7134.372854625014,10110340
development,48,60,0.925,7000,13075.380857142856,3978.2922996872594,47.549687728809296,12982.185181718263,13168.57653256745,10110465
development,48,60,1.075,7000,14375.874142857143,4402.603123256915,52.6211720846162,14272.73854074701,14479.009744967276,10110615
development,48,60,1.2,7000,13725.355,4073.4493218226607,48.687031681162274,13629.93017139076,13820.779828609238,10110740
development,48,60,1.4,7000,12795.194,3578.4877615553037,42.771109507638926,12711.364165786208,12879.02383421379,10110940
development,48,60,1.6,7000,11996.907714285715,3225.8758244017545,38.55659075485149,11921.338185039556,12072.477243531874,10111140
development,48,60,1.8,7000,11238.859285714285,2869.493765329789,34.29701042628836,11171.638380501365,11306.080190927205,10111340
