experiment_id,stage,regime,alpha,scale,seed,block,block_size,mean_tau,normalized_mean
network-phase-closure-20260728,replication,zero,,25,202608280025,0,200,619.4,0.9910399999999999
network-phase-closure-20260728,replication,zero,,25,202608280025,1,200,653.4,1.04544
network-phase-closure-20260728,replication,zero,,25,202608280025,2,200,617.58,0.9881280000000001
network-phase-closure-20260728,replication,zero,,25,202608280025,3,200,629.85,1.00776
network-phase-closure-20260728,replication,zero,,25,202608280025,4,200,657.33,1.051728
network-phase-closure-20260728,replication,zero,,25,202608280025,5,200,576.995,0.923192
network-phase-closure-20260728,replication,zero,,25,202608280025,6,200,657.23,1.051568
network-phase-closure-20260728,replication,zero,,25,202608280025,7,200,564.575,0.9033200000000001
network-phase-closure-20260728,replication,zero,,25,202608280025,8,200,628.21,1.005136
network-phase-closure-20260728,replication,zero,,25,202608280025,9,200,580.705,0.9291280000000001
network-phase-closure-20260728,replication,zero,,25,202608280025,10,200,609.375,0.975
network-phase-closure-20260728,replication,zero,,25,202608280025,11,200,598.96,0.9583360000000001
network-phase-closure-20260728,replication,zero,,25,202608280025,12,200,640.985,1.025576
network-phase-closure-20260728,replication,zero,,25,202608280025,13,200,600.24,0.960384
network-phase-closure-20260728,replication,zero,,25,202608280025,14,200,624.835,0.9997360000000001
network-phase-closure-20260728,replication,zero,,25,202608280025,15,200,587.13,0.939408
network-phase-closure-20260728,replication,zero,,25,202608280025,16,200,571.81,0.9148959999999999
network-phase-closure-20260728,replication,zero,,25,202608280025,17,200,605.47,0.9687520000000001
network-phase-closure-20260728,replication,zero,,25,202608280025,18,200,594.11,0.950576
network-phase-closure-20260728,replication,zero,,25,202608280025,19,200,595.175,0.9522799999999999
network-phase-closure-20260728,replication,zero,,25,202608280025,20,200,581.365,0.930184
network-phase-closure-20260728,replication,zero,,25,202608280025,21,200,592.15,0.94744
network-phase-closure-20260728,replication,zero,,25,202608280025,22,200,595.315,0.9525040000000001
network-phase-closure-20260728,replication,zero,,25,202608280025,23,200,573.825,0.91812
network-phase-closure-20260728,replication,zero,,25,202608280025,24,200,639.99,1.023984
network-phase-closure-20260728,replication,zero,,25,202608280025,25,200,595.71,0.9531360000000001
network-phase-closure-20260728,replication,zero,,25,202608280025,26,200,573.775,0.91804
network-phase-closure-20260728,replication,zero,,25,202608280025,27,200,580.24,0.928384
network-phase-closure-20260728,replication,zero,,25,202608280025,28,200,568.025,0.90884
network-phase-closure-20260728,replication,zero,,25,202608280025,29,200,625.22,1.0003520000000001
network-phase-closure-20260728,replication,zero,,25,202608280025,30,200,604.165,0.966664
network-phase-closure-20260728,replication,zero,,25,202608280025,31,200,599.23,0.9587680000000001
network-phase-closure-20260728,replication,zero,,25,202608280025,32,200,577.485,0.923976
network-phase-closure-20260728,replication,zero,,25,202608280025,33,200,575.665,0.921064
network-phase-closure-20260728,replication,zero,,25,202608280025,34,200,593.785,0.9500559999999999
network-phase-closure-20260728,replication,zero,,25,202608280025,35,200,598.295,0.9572719999999999
network-phase-closure-20260728,replication,zero,,25,202608280025,36,200,591.965,0.9471440000000001
network-phase-closure-20260728,replication,zero,,25,202608280025,37,200,582.63,0.932208
network-phase-closure-20260728,replication,zero,,25,202608280025,38,200,569.97,0.9119520000000001
network-phase-closure-20260728,replication,zero,,25,202608280025,39,200,623.375,0.9974
network-phase-closure-20260728,replication,zero,,50,202608280050,0,200,2459.17,0.983668
network-phase-closure-20260728,replication,zero,,50,202608280050,1,200,2248.165,0.899266
network-phase-closure-20260728,replication,zero,,50,202608280050,2,200,2441.0,0.9764
network-phase-closure-20260728,replication,zero,,50,202608280050,3,200,2373.545,0.949418
network-phase-closure-20260728,replication,zero,,50,202608280050,4,200,2515.515,1.006206
network-phase-closure-20260728,replication,zero,,50,202608280050,5,200,2408.255,0.963302
network-phase-closure-20260728,replication,zero,,50,202608280050,6,200,2552.095,1.020838
network-phase-closure-20260728,replication,zero,,50,202608280050,7,200,2312.07,0.9248280000000001
network-phase-closure-20260728,replication,zero,,50,202608280050,8,200,2477.815,0.9911260000000001
network-phase-closure-20260728,replication,zero,,50,202608280050,9,200,2283.29,0.913316
network-phase-closure-20260728,replication,zero,,50,202608280050,10,200,2415.575,0.9662299999999999
network-phase-closure-20260728,replication,zero,,50,202608280050,11,200,2341.465,0.936586
network-phase-closure-20260728,replication,zero,,50,202608280050,12,200,2301.925,0.9207700000000001
network-phase-closure-20260728,replication,zero,,50,202608280050,13,200,2438.005,0.975202
network-phase-closure-20260728,replication,zero,,50,202608280050,14,200,2491.605,0.996642
network-phase-closure-20260728,replication,zero,,50,202608280050,15,200,2392.225,0.95689
network-phase-closure-20260728,replication,zero,,50,202608280050,16,200,2582.705,1.033082
network-phase-closure-20260728,replication,zero,,50,202608280050,17,200,2412.705,0.965082
network-phase-closure-20260728,replication,zero,,50,202608280050,18,200,2393.665,0.957466
network-phase-closure-20260728,replication,zero,,50,202608280050,19,200,2272.675,0.90907
network-phase-closure-20260728,replication,zero,,50,202608280050,20,200,2312.58,0.925032
network-phase-closure-20260728,replication,zero,,50,202608280050,21,200,2441.59,0.9766360000000001
network-phase-closure-20260728,replication,zero,,50,202608280050,22,200,2390.875,0.95635
network-phase-closure-20260728,replication,zero,,50,202608280050,23,200,2442.895,0.977158
network-phase-closure-20260728,replication,zero,,50,202608280050,24,200,2396.575,0.95863
network-phase-closure-20260728,replication,zero,,50,202608280050,25,200,2292.98,0.917192
network-phase-closure-20260728,replication,zero,,50,202608280050,26,200,2392.24,0.9568959999999999
network-phase-closure-20260728,replication,zero,,50,202608280050,27,200,2470.77,0.988308
network-phase-closure-20260728,replication,zero,,50,202608280050,28,200,2547.115,1.018846
network-phase-closure-20260728,replication,zero,,50,202608280050,29,200,2367.74,0.9470959999999999
network-phase-closure-20260728,replication,zero,,50,202608280050,30,200,2364.32,0.945728
network-phase-closure-20260728,replication,zero,,50,202608280050,31,200,2483.13,0.993252
network-phase-closure-20260728,replication,zero,,50,202608280050,32,200,2408.93,0.963572
network-phase-closure-20260728,replication,zero,,50,202608280050,33,200,2534.7,1.01388
network-phase-closure-20260728,replication,zero,,50,202608280050,34,200,2333.195,0.933278
network-phase-closure-20260728,replication,zero,,50,202608280050,35,200,2474.86,0.989944
network-phase-closure-20260728,replication,zero,,50,202608280050,36,200,2420.015,0.9680059999999999
network-phase-closure-20260728,replication,zero,,50,202608280050,37,200,2519.875,1.00795
network-phase-closure-20260728,replication,zero,,50,202608280050,38,200,2465.92,0.986368
network-phase-closure-20260728,replication,zero,,50,202608280050,39,200,2274.585,0.909834
network-phase-closure-20260728,replication,zero,,100,202608280100,0,200,9337.13,0.9337129999999999
network-phase-closure-20260728,replication,zero,,100,202608280100,1,200,10467.565,1.0467565
network-phase-closure-20260728,replication,zero,,100,202608280100,2,200,9769.86,0.976986
network-phase-closure-20260728,replication,zero,,100,202608280100,3,200,9276.22,0.927622
network-phase-closure-20260728,replication,zero,,100,202608280100,4,200,9711.29,0.9711290000000001
network-phase-closure-20260728,replication,zero,,100,202608280100,5,200,10258.79,1.025879
network-phase-closure-20260728,replication,zero,,100,202608280100,6,200,9964.61,0.996461
network-phase-closure-20260728,replication,zero,,100,202608280100,7,200,9548.815,0.9548815
network-phase-closure-20260728,replication,zero,,100,202608280100,8,200,9297.72,0.9297719999999999
network-phase-closure-20260728,replication,zero,,100,202608280100,9,200,9290.715,0.9290715
network-phase-closure-20260728,replication,zero,,100,202608280100,10,200,9584.65,0.958465
network-phase-closure-20260728,replication,zero,,100,202608280100,11,200,9037.7,0.9037700000000001
network-phase-closure-20260728,replication,zero,,100,202608280100,12,200,9690.355,0.9690354999999999
network-phase-closure-20260728,replication,zero,,100,202608280100,13,200,10200.83,1.020083
network-phase-closure-20260728,replication,zero,,100,202608280100,14,200,9349.575,0.9349575000000001
network-phase-closure-20260728,replication,zero,,100,202608280100,15,200,9519.275,0.9519274999999999
network-phase-closure-20260728,replication,zero,,100,202608280100,16,200,10299.44,1.029944
network-phase-closure-20260728,replication,zero,,100,202608280100,17,200,9628.64,0.9628639999999999
network-phase-closure-20260728,replication,zero,,100,202608280100,18,200,9415.825,0.9415825000000001
network-phase-closure-20260728,replication,zero,,100,202608280100,19,200,10098.31,1.009831
network-phase-closure-20260728,replication,zero,,100,202608280100,20,200,10278.005,1.0278005
network-phase-closure-20260728,replication,zero,,100,202608280100,21,200,9657.795,0.9657795
network-phase-closure-20260728,replication,zero,,100,202608280100,22,200,10090.675,1.0090675
network-phase-closure-20260728,replication,zero,,100,202608280100,23,200,10244.98,1.024498
network-phase-closure-20260728,replication,zero,,100,202608280100,24,200,10165.505,1.0165505
network-phase-closure-20260728,replication,zero,,100,202608280100,25,200,10093.515,1.0093515
network-phase-closure-20260728,replication,zero,,100,202608280100,26,200,10016.055,1.0016055
network-phase-closure-20260728,replication,zero,,100,202608280100,27,200,9390.56,0.939056
network-phase-closure-20260728,replication,zero,,100,202608280100,28,200,9715.955,0.9715955
network-phase-closure-20260728,replication,zero,,100,202608280100,29,200,10145.965,1.0145965000000001
network-phase-closure-20260728,replication,zero,,100,202608280100,30,200,9500.4,0.95004
network-phase-closure-20260728,replication,zero,,100,202608280100,31,200,9774.73,0.9774729999999999
network-phase-closure-20260728,replication,zero,,100,202608280100,32,200,9940.655,0.9940655
network-phase-closure-20260728,replication,zero,,100,202608280100,33,200,9164.945,0.9164945
network-phase-closure-20260728,replication,zero,,100,202608280100,34,200,9566.485,0.9566485
network-phase-closure-20260728,replication,zero,,100,202608280100,35,200,8849.8,0.8849799999999999
network-phase-closure-20260728,replication,zero,,100,202608280100,36,200,10238.06,1.023806
network-phase-closure-20260728,replication,zero,,100,202608280100,37,200,10077.59,1.007759
network-phase-closure-20260728,replication,zero,,100,202608280100,38,200,10283.405,1.0283405
network-phase-closure-20260728,replication,zero,,100,202608280100,39,200,9323.005,0.9323004999999999
network-phase-closure-20260728,replication,zero,,200,202608280200,0,200,38840.1,0.9710025
network-phase-closure-20260728,replication,zero,,200,202608280200,1,200,38461.9,0.9615475
network-phase-closure-20260728,replication,zero,,200,202608280200,2,200,34962.615,0.8740653749999999
network-phase-closure-20260728,replication,zero,,200,202608280200,3,200,39235.25,0.98088125
network-phase-closure-20260728,replication,zero,,200,202608280200,4,200,36744.425,0.9186106250000001
network-phase-closure-20260728,replication,zero,,200,202608280200,5,200,39654.535,0.991363375
network-phase-closure-20260728,replication,zero,,200,202608280200,6,200,39297.32,0.982433
network-phase-closure-20260728,replication,zero,,200,202608280200,7,200,37418.145,0.935453625
network-phase-closure-20260728,replication,zero,,200,202608280200,8,200,37224.965,0.9306241249999999
network-phase-closure-20260728,replication,zero,,200,202608280200,9,200,37862.4,0.9465600000000001
network-phase-closure-20260728,replication,zero,,200,202608280200,10,200,39711.995,0.9927998750000001
network-phase-closure-20260728,replication,zero,,200,202608280200,11,200,37665.23,0.9416307500000001
network-phase-closure-20260728,replication,zero,,200,202608280200,12,200,41153.505,1.028837625
network-phase-closure-20260728,replication,zero,,200,202608280200,13,200,37966.135,0.9491533750000001
network-phase-closure-20260728,replication,zero,,200,202608280200,14,200,41085.885,1.0271471250000002
network-phase-closure-20260728,replication,zero,,200,202608280200,15,200,38310.085,0.957752125
network-phase-closure-20260728,replication,zero,,200,202608280200,16,200,39110.135,0.977753375
network-phase-closure-20260728,replication,zero,,200,202608280200,17,200,40512.205,1.012805125
network-phase-closure-20260728,replication,zero,,200,202608280200,18,200,37524.695,0.938117375
network-phase-closure-20260728,replication,zero,,200,202608280200,19,200,37456.13,0.9364032499999999
network-phase-closure-20260728,replication,zero,,200,202608280200,20,200,40093.03,1.00232575
network-phase-closure-20260728,replication,zero,,200,202608280200,21,200,39258.24,0.981456
network-phase-closure-20260728,replication,zero,,200,202608280200,22,200,36455.61,0.9113902500000001
network-phase-closure-20260728,replication,zero,,200,202608280200,23,200,38632.21,0.96580525
network-phase-closure-20260728,replication,zero,,200,202608280200,24,200,40935.935,1.023398375
network-phase-closure-20260728,replication,zero,,200,202608280200,25,200,38878.46,0.9719614999999999
network-phase-closure-20260728,replication,zero,,200,202608280200,26,200,38546.67,0.9636667499999999
network-phase-closure-20260728,replication,zero,,200,202608280200,27,200,38078.83,0.9519707500000001
network-phase-closure-20260728,replication,zero,,200,202608280200,28,200,41893.41,1.0473352500000002
network-phase-closure-20260728,replication,zero,,200,202608280200,29,200,37783.56,0.9445889999999999
network-phase-closure-20260728,replication,zero,,200,202608280200,30,200,36556.16,0.913904
network-phase-closure-20260728,replication,zero,,200,202608280200,31,200,39825.705,0.995642625
network-phase-closure-20260728,replication,zero,,200,202608280200,32,200,37452.655,0.936316375
network-phase-closure-20260728,replication,zero,,200,202608280200,33,200,37318.87,0.9329717500000001
network-phase-closure-20260728,replication,zero,,200,202608280200,34,200,37636.695,0.940917375
network-phase-closure-20260728,replication,zero,,200,202608280200,35,200,36082.49,0.90206225
network-phase-closure-20260728,replication,zero,,200,202608280200,36,200,40359.115,1.008977875
network-phase-closure-20260728,replication,zero,,200,202608280200,37,200,35698.785,0.892469625
network-phase-closure-20260728,replication,zero,,200,202608280200,38,200,40816.985,1.020424625
network-phase-closure-20260728,replication,zero,,200,202608280200,39,200,38946.15,0.97365375
network-phase-closure-20260728,replication,zero,,400,202608280400,0,200,142768.255,0.8923015937500001
network-phase-closure-20260728,replication,zero,,400,202608280400,1,200,150954.595,0.94346621875
network-phase-closure-20260728,replication,zero,,400,202608280400,2,200,159412.005,0.99632503125
network-phase-closure-20260728,replication,zero,,400,202608280400,3,200,151503.865,0.94689915625
network-phase-closure-20260728,replication,zero,,400,202608280400,4,200,156529.055,0.97830659375
network-phase-closure-20260728,replication,zero,,400,202608280400,5,200,156110.09,0.9756880625
network-phase-closure-20260728,replication,zero,,400,202608280400,6,200,150794.025,0.9424626562499999
network-phase-closure-20260728,replication,zero,,400,202608280400,7,200,150733.27,0.9420829374999999
network-phase-closure-20260728,replication,zero,,400,202608280400,8,200,162792.0,1.01745
network-phase-closure-20260728,replication,zero,,400,202608280400,9,200,156819.175,0.9801198437499999
network-phase-closure-20260728,replication,zero,,400,202608280400,10,200,151776.215,0.9486013437499999
network-phase-closure-20260728,replication,zero,,400,202608280400,11,200,148999.28,0.9312455
network-phase-closure-20260728,replication,zero,,400,202608280400,12,200,154314.555,0.9644659687499999
network-phase-closure-20260728,replication,zero,,400,202608280400,13,200,160338.765,1.00211728125
network-phase-closure-20260728,replication,zero,,400,202608280400,14,200,145257.28,0.9078579999999999
network-phase-closure-20260728,replication,zero,,400,202608280400,15,200,152192.92,0.9512057500000001
network-phase-closure-20260728,replication,zero,,400,202608280400,16,200,155405.935,0.97128709375
network-phase-closure-20260728,replication,zero,,400,202608280400,17,200,155245.785,0.97028615625
network-phase-closure-20260728,replication,zero,,400,202608280400,18,200,155754.045,0.9734627812500001
network-phase-closure-20260728,replication,zero,,400,202608280400,19,200,157314.975,0.9832185937500001
network-phase-closure-20260728,replication,zero,,400,202608280400,20,200,143576.015,0.8973500937500001
network-phase-closure-20260728,replication,zero,,400,202608280400,21,200,154432.87,0.9652054375
network-phase-closure-20260728,replication,zero,,400,202608280400,22,200,152517.4,0.95323375
network-phase-closure-20260728,replication,zero,,400,202608280400,23,200,143325.955,0.8957872187499999
network-phase-closure-20260728,replication,zero,,400,202608280400,24,200,150856.07,0.9428504375000001
network-phase-closure-20260728,replication,zero,,400,202608280400,25,200,148991.235,0.9311952187499999
network-phase-closure-20260728,replication,zero,,400,202608280400,26,200,157002.835,0.98126771875
network-phase-closure-20260728,replication,zero,,400,202608280400,27,200,150398.225,0.9399889062500001
network-phase-closure-20260728,replication,zero,,400,202608280400,28,200,160425.215,1.00265759375
network-phase-closure-20260728,replication,zero,,400,202608280400,29,200,161443.245,1.00902028125
network-phase-closure-20260728,replication,zero,,400,202608280400,30,200,169664.385,1.0604024062500002
network-phase-closure-20260728,replication,zero,,400,202608280400,31,200,160431.97,1.0026998125
network-phase-closure-20260728,replication,zero,,400,202608280400,32,200,154225.76,0.9639110000000001
network-phase-closure-20260728,replication,zero,,400,202608280400,33,200,155519.19,0.9719949375
network-phase-closure-20260728,replication,zero,,400,202608280400,34,200,155926.635,0.97454146875
network-phase-closure-20260728,replication,zero,,400,202608280400,35,200,154585.92,0.9661620000000001
network-phase-closure-20260728,replication,zero,,400,202608280400,36,200,160085.37,1.0005335625
network-phase-closure-20260728,replication,zero,,400,202608280400,37,200,163516.115,1.02197571875
network-phase-closure-20260728,replication,zero,,400,202608280400,38,200,148075.675,0.92547296875
network-phase-closure-20260728,replication,zero,,400,202608280400,39,200,170817.68,1.0676105
network-phase-closure-20260728,replication,drift,0.5,100,202608290100,0,200,1085.52,0.868416
network-phase-closure-20260728,replication,drift,0.5,100,202608290100,1,200,1151.13,0.9209040000000001
network-phase-closure-20260728,replication,drift,0.5,100,202608290100,2,200,1129.69,0.903752
network-phase-closure-20260728,replication,drift,0.5,100,202608290100,3,200,1095.325,0.87626
network-phase-closure-20260728,replication,drift,0.5,100,202608290100,4,200,1105.65,0.8845200000000001
network-phase-closure-20260728,replication,drift,0.5,100,202608290100,5,200,1117.66,0.894128
network-phase-closure-20260728,replication,drift,0.5,100,202608290100,6,200,1116.77,0.893416
network-phase-closure-20260728,replication,drift,0.5,100,202608290100,7,200,1161.12,0.9288959999999999
network-phase-closure-20260728,replication,drift,0.5,100,202608290100,8,200,1116.325,0.8930600000000001
network-phase-closure-20260728,replication,drift,0.5,100,202608290100,9,200,1109.93,0.8879440000000001
network-phase-closure-20260728,replication,drift,0.5,100,202608290100,10,200,1109.34,0.8874719999999999
network-phase-closure-20260728,replication,drift,0.5,100,202608290100,11,200,1136.375,0.9091
network-phase-closure-20260728,replication,drift,0.5,100,202608290100,12,200,1091.7,0.87336
network-phase-closure-20260728,replication,drift,0.5,100,202608290100,13,200,1126.18,0.9009440000000001
network-phase-closure-20260728,replication,drift,0.5,100,202608290100,14,200,1178.74,0.942992
network-phase-closure-20260728,replication,drift,0.5,100,202608290100,15,200,1100.23,0.880184
network-phase-closure-20260728,replication,drift,0.5,100,202608290100,16,200,1106.155,0.8849239999999999
network-phase-closure-20260728,replication,drift,0.5,100,202608290100,17,200,1149.505,0.9196040000000001
network-phase-closure-20260728,replication,drift,0.5,100,202608290100,18,200,1116.165,0.892932
network-phase-closure-20260728,replication,drift,0.5,100,202608290100,19,200,1119.965,0.8959719999999999
network-phase-closure-20260728,replication,drift,0.5,100,202608290100,20,200,1083.285,0.8666280000000001
network-phase-closure-20260728,replication,drift,0.5,100,202608290100,21,200,1107.995,0.886396
network-phase-closure-20260728,replication,drift,0.5,100,202608290100,22,200,1124.115,0.899292
network-phase-closure-20260728,replication,drift,0.5,100,202608290100,23,200,1105.725,0.8845799999999999
network-phase-closure-20260728,replication,drift,0.5,100,202608290100,24,200,1142.315,0.913852
network-phase-closure-20260728,replication,drift,0.5,100,202608290100,25,200,1111.71,0.889368
network-phase-closure-20260728,replication,drift,0.5,100,202608290100,26,200,1130.85,0.9046799999999999
network-phase-closure-20260728,replication,drift,0.5,100,202608290100,27,200,1104.91,0.883928
network-phase-closure-20260728,replication,drift,0.5,100,202608290100,28,200,1133.235,0.906588
network-phase-closure-20260728,replication,drift,0.5,100,202608290100,29,200,1107.645,0.886116
network-phase-closure-20260728,replication,drift,0.5,100,202608290100,30,200,1108.115,0.8864920000000001
network-phase-closure-20260728,replication,drift,0.5,100,202608290100,31,200,1096.29,0.8770319999999999
network-phase-closure-20260728,replication,drift,0.5,100,202608290100,32,200,1128.365,0.902692
network-phase-closure-20260728,replication,drift,0.5,100,202608290100,33,200,1114.86,0.8918879999999999
network-phase-closure-20260728,replication,drift,0.5,100,202608290100,34,200,1129.38,0.9035040000000001
network-phase-closure-20260728,replication,drift,0.5,100,202608290100,35,200,1115.415,0.892332
network-phase-closure-20260728,replication,drift,0.5,100,202608290100,36,200,1106.165,0.8849319999999999
network-phase-closure-20260728,replication,drift,0.5,100,202608290100,37,200,1121.37,0.8970959999999999
network-phase-closure-20260728,replication,drift,0.5,100,202608290100,38,200,1133.745,0.9069959999999999
network-phase-closure-20260728,replication,drift,0.5,100,202608290100,39,200,1114.24,0.891392
network-phase-closure-20260728,replication,drift,0.5,200,202608290200,0,200,3238.735,0.9160525923864852
network-phase-closure-20260728,replication,drift,0.5,200,202608290200,1,200,3227.545,0.9128875824338941
network-phase-closure-20260728,replication,drift,0.5,200,202608290200,2,200,3188.605,0.9018736872101325
network-phase-closure-20260728,replication,drift,0.5,200,202608290200,3,200,3077.1,0.87033531055565
network-phase-closure-20260728,replication,drift,0.5,200,202608290200,4,200,3261.96,0.9226216143837082
network-phase-closure-20260728,replication,drift,0.5,200,202608290200,5,200,3247.345,0.9184878681408916
network-phase-closure-20260728,replication,drift,0.5,200,202608290200,6,200,3257.98,0.9214959003880592
network-phase-closure-20260728,replication,drift,0.5,200,202608290200,7,200,3266.1,0.923792583213353
network-phase-closure-20260728,replication,drift,0.5,200,202608290200,8,200,3166.035,0.8954899271895803
network-phase-closure-20260728,replication,drift,0.5,200,202608290200,9,200,3204.9,0.9064826092099064
network-phase-closure-20260728,replication,drift,0.5,200,202608290200,10,200,3242.36,0.9170778972192056
network-phase-closure-20260728,replication,drift,0.5,200,202608290200,11,200,3194.54,0.9035523587086693
network-phase-closure-20260728,replication,drift,0.5,200,202608290200,12,200,3237.415,0.9156792400060186
network-phase-closure-20260728,replication,drift,0.5,200,202608290200,13,200,3249.79,0.919179418572892
network-phase-closure-20260728,replication,drift,0.5,200,202608290200,14,200,3251.68,0.919713991299469
network-phase-closure-20260728,replication,drift,0.5,200,202608290200,15,200,3314.4,0.9374538862258772
network-phase-closure-20260728,replication,drift,0.5,200,202608290200,16,200,3231.525,0.9140132964295431
network-phase-closure-20260728,replication,drift,0.5,200,202608290200,17,200,3168.385,0.8961546075638958
network-phase-closure-20260728,replication,drift,0.5,200,202608290200,18,200,3224.27,0.9119612725505397
network-phase-closure-20260728,replication,drift,0.5,200,202608290200,19,200,3145.315,0.8896294261871062
network-phase-closure-20260728,replication,drift,0.5,200,202608290200,20,200,3222.145,0.9113602317865311
network-phase-closure-20260728,replication,drift,0.5,200,202608290200,21,200,3144.4,0.8893706251051919
network-phase-closure-20260728,replication,drift,0.5,200,202608290200,22,200,3231.35,0.91396379895486
network-phase-closure-20260728,replication,drift,0.5,200,202608290200,23,200,3270.835,0.9251318434569203
network-phase-closure-20260728,replication,drift,0.5,200,202608290200,24,200,3187.965,0.9016926678741487
network-phase-closure-20260728,replication,drift,0.5,200,202608290200,25,200,3127.485,0.8845863406236838
network-phase-closure-20260728,replication,drift,0.5,200,202608290200,26,200,3220.845,0.9109925362603141
network-phase-closure-20260728,replication,drift,0.5,200,202608290200,27,200,3193.36,0.9032186043079493
network-phase-closure-20260728,replication,drift,0.5,200,202608290200,28,200,3278.92,0.9274186267872777
network-phase-closure-20260728,replication,drift,0.5,200,202608290200,29,200,3199.465,0.9049453590676069
network-phase-closure-20260728,replication,drift,0.5,200,202608290200,30,200,3198.025,0.9045380655616434
network-phase-closure-20260728,replication,drift,0.5,200,202608290200,31,200,3298.97,0.9330896231723937
network-phase-closure-20260728,replication,drift,0.5,200,202608290200,32,200,3211.335,0.9083027020646806
network-phase-closure-20260728,replication,drift,0.5,200,202608290200,33,200,3243.305,0.9173451835824941
network-phase-closure-20260728,replication,drift,0.5,200,202608290200,34,200,3220.865,0.9109981931145636
network-phase-closure-20260728,replication,drift,0.5,200,202608290200,35,200,3216.875,0.9098696506917899
network-phase-closure-20260728,replication,drift,0.5,200,202608290200,36,200,3251.53,0.9196715648925979
network-phase-closure-20260728,replication,drift,0.5,200,202608290200,37,200,3237.01,0.9155646887074664
network-phase-closure-20260728,replication,drift,0.5,200,202608290200,38,200,3237.3,0.9156467130940841
network-phase-closure-20260728,replication,drift,0.5,200,202608290200,39,200,3163.79,0.8948549453000748
network-phase-closure-20260728,replication,drift,0.5,400,202608290400,0,200,9317.65,0.931765
network-phase-closure-20260728,replication,drift,0.5,400,202608290400,1,200,9187.335,0.9187334999999999
network-phase-closure-20260728,replication,drift,0.5,400,202608290400,2,200,9308.695,0.9308695
network-phase-closure-20260728,replication,drift,0.5,400,202608290400,3,200,9187.985,0.9187985000000001
network-phase-closure-20260728,replication,drift,0.5,400,202608290400,4,200,9191.435,0.9191435
network-phase-closure-20260728,replication,drift,0.5,400,202608290400,5,200,9205.25,0.920525
network-phase-closure-20260728,replication,drift,0.5,400,202608290400,6,200,9184.045,0.9184045
network-phase-closure-20260728,replication,drift,0.5,400,202608290400,7,200,9357.895,0.9357895
network-phase-closure-20260728,replication,drift,0.5,400,202608290400,8,200,9174.015,0.9174015
network-phase-closure-20260728,replication,drift,0.5,400,202608290400,9,200,9160.585,0.9160584999999999
network-phase-closure-20260728,replication,drift,0.5,400,202608290400,10,200,9166.315,0.9166315
network-phase-closure-20260728,replication,drift,0.5,400,202608290400,11,200,9320.205,0.9320205
network-phase-closure-20260728,replication,drift,0.5,400,202608290400,12,200,9315.375,0.9315375
network-phase-closure-20260728,replication,drift,0.5,400,202608290400,13,200,9271.07,0.927107
network-phase-closure-20260728,replication,drift,0.5,400,202608290400,14,200,9304.24,0.930424
network-phase-closure-20260728,replication,drift,0.5,400,202608290400,15,200,9112.785,0.9112785
network-phase-closure-20260728,replication,drift,0.5,400,202608290400,16,200,9327.65,0.932765
network-phase-closure-20260728,replication,drift,0.5,400,202608290400,17,200,9175.8,0.91758
network-phase-closure-20260728,replication,drift,0.5,400,202608290400,18,200,9149.17,0.914917
network-phase-closure-20260728,replication,drift,0.5,400,202608290400,19,200,9180.7,0.91807
network-phase-closure-20260728,replication,drift,0.5,400,202608290400,20,200,9117.395,0.9117395
network-phase-closure-20260728,replication,drift,0.5,400,202608290400,21,200,9245.865,0.9245865
network-phase-closure-20260728,replication,drift,0.5,400,202608290400,22,200,9184.495,0.9184495
network-phase-closure-20260728,replication,drift,0.5,400,202608290400,23,200,9244.52,0.924452
network-phase-closure-20260728,replication,drift,0.5,400,202608290400,24,200,9146.645,0.9146645
network-phase-closure-20260728,replication,drift,0.5,400,202608290400,25,200,9296.09,0.929609
network-phase-closure-20260728,replication,drift,0.5,400,202608290400,26,200,9286.365,0.9286365
network-phase-closure-20260728,replication,drift,0.5,400,202608290400,27,200,9440.785,0.9440784999999999
network-phase-closure-20260728,replication,drift,0.5,400,202608290400,28,200,9365.475,0.9365475000000001
network-phase-closure-20260728,replication,drift,0.5,400,202608290400,29,200,9310.96,0.9310959999999999
network-phase-closure-20260728,replication,drift,0.5,400,202608290400,30,200,9275.06,0.9275059999999999
network-phase-closure-20260728,replication,drift,0.5,400,202608290400,31,200,9271.86,0.9271860000000001
network-phase-closure-20260728,replication,drift,0.5,400,202608290400,32,200,9180.145,0.9180145000000001
network-phase-closure-20260728,replication,drift,0.5,400,202608290400,33,200,9222.47,0.9222469999999999
network-phase-closure-20260728,replication,drift,0.5,400,202608290400,34,200,9273.73,0.927373
network-phase-closure-20260728,replication,drift,0.5,400,202608290400,35,200,9248.82,0.924882
network-phase-closure-20260728,replication,drift,0.5,400,202608290400,36,200,9168.81,0.916881
network-phase-closure-20260728,replication,drift,0.5,400,202608290400,37,200,9371.56,0.937156
network-phase-closure-20260728,replication,drift,0.5,400,202608290400,38,200,9211.575,0.9211575000000001
network-phase-closure-20260728,replication,drift,0.5,400,202608290400,39,200,9353.775,0.9353775
network-phase-closure-20260728,replication,drift,0.5,800,202608290800,0,200,26544.075,0.9384747716412153
network-phase-closure-20260728,replication,drift,0.5,800,202608290800,1,200,26867.43,0.949907097302744
network-phase-closure-20260728,replication,drift,0.5,800,202608290800,2,200,26156.455,0.9247703351150388
network-phase-closure-20260728,replication,drift,0.5,800,202608290800,3,200,26706.19,0.9442064024328181
network-phase-closure-20260728,replication,drift,0.5,800,202608290800,4,200,26432.54,0.9345314138992332
network-phase-closure-20260728,replication,drift,0.5,800,202608290800,5,200,26370.65,0.9323432719648514
network-phase-closure-20260728,replication,drift,0.5,800,202608290800,6,200,26851.975,0.949360680537582
network-phase-closure-20260728,replication,drift,0.5,800,202608290800,7,200,26708.73,0.9442962049940288
network-phase-closure-20260728,replication,drift,0.5,800,202608290800,8,200,26350.73,0.9316389936107896
network-phase-closure-20260728,replication,drift,0.5,800,202608290800,9,200,26469.64,0.9358430969783341
network-phase-closure-20260728,replication,drift,0.5,800,202608290800,10,200,26545.635,0.9385299259701477
network-phase-closure-20260728,replication,drift,0.5,800,202608290800,11,200,26460.765,0.9355293183441826
network-phase-closure-20260728,replication,drift,0.5,800,202608290800,12,200,26256.435,0.9283051619141903
network-phase-closure-20260728,replication,drift,0.5,800,202608290800,13,200,26493.94,0.9367022317174758
network-phase-closure-20260728,replication,drift,0.5,800,202608290800,14,200,26573.115,0.9395014906874981
network-phase-closure-20260728,replication,drift,0.5,800,202608290800,15,200,26400.115,0.9333850170302345
network-phase-closure-20260728,replication,drift,0.5,800,202608290800,16,200,26566.92,0.9392824643620254
network-phase-closure-20260728,replication,drift,0.5,800,202608290800,17,200,26316.05,0.9304128704522121
network-phase-closure-20260728,replication,drift,0.5,800,202608290800,18,200,25771.53,0.9111611812276271
network-phase-closure-20260728,replication,drift,0.5,800,202608290800,19,200,26515.765,0.9374738619924456
network-phase-closure-20260728,replication,drift,0.5,800,202608290800,20,200,26590.44,0.9401140219367009
network-phase-closure-20260728,replication,drift,0.5,800,202608290800,21,200,26480.285,0.9362194545626207
network-phase-closure-20260728,replication,drift,0.5,800,202608290800,22,200,26397.48,0.9332918557118132
network-phase-closure-20260728,replication,drift,0.5,800,202608290800,23,200,26069.375,0.9216915921897525
network-phase-closure-20260728,replication,drift,0.5,800,202608290800,24,200,25917.46,0.9163205858565547
network-phase-closure-20260728,replication,drift,0.5,800,202608290800,25,200,26814.315,0.9480291984686078
network-phase-closure-20260728,replication,drift,0.5,800,202608290800,26,200,26376.39,0.9325462116110519
network-phase-closure-20260728,replication,drift,0.5,800,202608290800,27,200,26768.875,0.946422651861752
network-phase-closure-20260728,replication,drift,0.5,800,202608290800,28,200,25789.765,0.911805885835374
network-phase-closure-20260728,replication,drift,0.5,800,202608290800,29,200,26272.93,0.928888348231974
network-phase-closure-20260728,replication,drift,0.5,800,202608290800,30,200,26636.25,0.9417336500190088
network-phase-closure-20260728,replication,drift,0.5,800,202608290800,31,200,26700.915,0.9440199030192802
network-phase-closure-20260728,replication,drift,0.5,800,202608290800,32,200,26385.41,0.932865116769367
network-phase-closure-20260728,replication,drift,0.5,800,202608290800,33,200,26191.945,0.9260250960982542
network-phase-closure-20260728,replication,drift,0.5,800,202608290800,34,200,26500.245,0.9369251471302449
network-phase-closure-20260728,replication,drift,0.5,800,202608290800,35,200,26778.975,0.9467797407862512
network-phase-closure-20260728,replication,drift,0.5,800,202608290800,36,200,26300.55,0.9298648626967925
network-phase-closure-20260728,replication,drift,0.5,800,202608290800,37,200,26599.795,0.9404447711336009
network-phase-closure-20260728,replication,drift,0.5,800,202608290800,38,200,26693.645,0.9437628697043189
network-phase-closure-20260728,replication,drift,0.5,800,202608290800,39,200,26392.835,0.9331276301618825
network-phase-closure-20260728,replication,drift,0.5,1600,202608291600,0,200,77638.05,0.9704756250000001
network-phase-closure-20260728,replication,drift,0.5,1600,202608291600,1,200,75771.67,0.947145875
network-phase-closure-20260728,replication,drift,0.5,1600,202608291600,2,200,74902.57,0.9362821250000001
network-phase-closure-20260728,replication,drift,0.5,1600,202608291600,3,200,75510.885,0.9438860625
network-phase-closure-20260728,replication,drift,0.5,1600,202608291600,4,200,75306.255,0.9413281875
network-phase-closure-20260728,replication,drift,0.5,1600,202608291600,5,200,75861.97,0.948274625
network-phase-closure-20260728,replication,drift,0.5,1600,202608291600,6,200,75685.4,0.9460675
network-phase-closure-20260728,replication,drift,0.5,1600,202608291600,7,200,75835.655,0.9479456875
network-phase-closure-20260728,replication,drift,0.5,1600,202608291600,8,200,75990.67,0.949883375
network-phase-closure-20260728,replication,drift,0.5,1600,202608291600,9,200,75744.88,0.9468110000000001
network-phase-closure-20260728,replication,drift,0.5,1600,202608291600,10,200,76388.43,0.954855375
network-phase-closure-20260728,replication,drift,0.5,1600,202608291600,11,200,76989.2,0.9623649999999999
network-phase-closure-20260728,replication,drift,0.5,1600,202608291600,12,200,77421.525,0.9677690624999999
network-phase-closure-20260728,replication,drift,0.5,1600,202608291600,13,200,76381.315,0.9547664375
network-phase-closure-20260728,replication,drift,0.5,1600,202608291600,14,200,74720.55,0.934006875
network-phase-closure-20260728,replication,drift,0.5,1600,202608291600,15,200,74442.76,0.9305344999999999
network-phase-closure-20260728,replication,drift,0.5,1600,202608291600,16,200,76545.225,0.9568153125000001
network-phase-closure-20260728,replication,drift,0.5,1600,202608291600,17,200,76662.74,0.9582842500000001
network-phase-closure-20260728,replication,drift,0.5,1600,202608291600,18,200,75928.06,0.9491007499999999
network-phase-closure-20260728,replication,drift,0.5,1600,202608291600,19,200,75981.38,0.9497672500000001
network-phase-closure-20260728,replication,drift,0.5,1600,202608291600,20,200,75375.41,0.942192625
network-phase-closure-20260728,replication,drift,0.5,1600,202608291600,21,200,76059.335,0.9507416875000001
network-phase-closure-20260728,replication,drift,0.5,1600,202608291600,22,200,75136.42,0.93920525
network-phase-closure-20260728,replication,drift,0.5,1600,202608291600,23,200,76290.995,0.9536374375
network-phase-closure-20260728,replication,drift,0.5,1600,202608291600,24,200,75023.18,0.9377897499999999
network-phase-closure-20260728,replication,drift,0.5,1600,202608291600,25,200,75716.25,0.946453125
network-phase-closure-20260728,replication,drift,0.5,1600,202608291600,26,200,75520.62,0.9440077499999999
network-phase-closure-20260728,replication,drift,0.5,1600,202608291600,27,200,74914.79,0.9364348749999999
network-phase-closure-20260728,replication,drift,0.5,1600,202608291600,28,200,75468.645,0.9433580625000001
network-phase-closure-20260728,replication,drift,0.5,1600,202608291600,29,200,75712.795,0.9464099375
network-phase-closure-20260728,replication,drift,0.5,1600,202608291600,30,200,75845.87,0.948073375
network-phase-closure-20260728,replication,drift,0.5,1600,202608291600,31,200,76139.365,0.9517420625
network-phase-closure-20260728,replication,drift,0.5,1600,202608291600,32,200,76669.59,0.9583698749999999
network-phase-closure-20260728,replication,drift,0.5,1600,202608291600,33,200,77356.36,0.9669545
network-phase-closure-20260728,replication,drift,0.5,1600,202608291600,34,200,76570.51,0.9571313749999999
network-phase-closure-20260728,replication,drift,0.5,1600,202608291600,35,200,75952.285,0.9494035625
network-phase-closure-20260728,replication,drift,0.5,1600,202608291600,36,200,75375.91,0.942198875
network-phase-closure-20260728,replication,drift,0.5,1600,202608291600,37,200,75105.105,0.9388138125
network-phase-closure-20260728,replication,drift,0.5,1600,202608291600,38,200,75572.805,0.9446600624999999
network-phase-closure-20260728,replication,drift,0.5,1600,202608291600,39,200,76181.535,0.9522691875
network-phase-closure-20260728,replication,critical,1.0,25,202608300025,0,200,446.805,0.714888
network-phase-closure-20260728,replication,critical,1.0,25,202608300025,1,200,450.655,0.7210479999999999
network-phase-closure-20260728,replication,critical,1.0,25,202608300025,2,200,468.14,0.749024
network-phase-closure-20260728,replication,critical,1.0,25,202608300025,3,200,433.385,0.693416
network-phase-closure-20260728,replication,critical,1.0,25,202608300025,4,200,442.855,0.708568
network-phase-closure-20260728,replication,critical,1.0,25,202608300025,5,200,444.46,0.711136
network-phase-closure-20260728,replication,critical,1.0,25,202608300025,6,200,434.44,0.6951039999999999
network-phase-closure-20260728,replication,critical,1.0,25,202608300025,7,200,478.88,0.766208
network-phase-closure-20260728,replication,critical,1.0,25,202608300025,8,200,438.055,0.700888
network-phase-closure-20260728,replication,critical,1.0,25,202608300025,9,200,416.715,0.666744
network-phase-closure-20260728,replication,critical,1.0,25,202608300025,10,200,502.42,0.803872
network-phase-closure-20260728,replication,critical,1.0,25,202608300025,11,200,459.37,0.734992
network-phase-closure-20260728,replication,critical,1.0,25,202608300025,12,200,408.96,0.6543359999999999
network-phase-closure-20260728,replication,critical,1.0,25,202608300025,13,200,455.09,0.728144
network-phase-closure-20260728,replication,critical,1.0,25,202608300025,14,200,462.6,0.74016
network-phase-closure-20260728,replication,critical,1.0,25,202608300025,15,200,418.035,0.668856
network-phase-closure-20260728,replication,critical,1.0,25,202608300025,16,200,448.015,0.716824
network-phase-closure-20260728,replication,critical,1.0,25,202608300025,17,200,467.805,0.748488
network-phase-closure-20260728,replication,critical,1.0,25,202608300025,18,200,429.635,0.687416
network-phase-closure-20260728,replication,critical,1.0,25,202608300025,19,200,456.225,0.72996
network-phase-closure-20260728,replication,critical,1.0,25,202608300025,20,200,446.745,0.714792
network-phase-closure-20260728,replication,critical,1.0,25,202608300025,21,200,452.56,0.724096
network-phase-closure-20260728,replication,critical,1.0,25,202608300025,22,200,432.495,0.691992
network-phase-closure-20260728,replication,critical,1.0,25,202608300025,23,200,432.55,0.69208
network-phase-closure-20260728,replication,critical,1.0,25,202608300025,24,200,478.015,0.764824
network-phase-closure-20260728,replication,critical,1.0,25,202608300025,25,200,441.725,0.70676
network-phase-closure-20260728,replication,critical,1.0,25,202608300025,26,200,460.035,0.736056
network-phase-closure-20260728,replication,critical,1.0,25,202608300025,27,200,413.81,0.662096
network-phase-closure-20260728,replication,critical,1.0,25,202608300025,28,200,453.32,0.725312
network-phase-closure-20260728,replication,critical,1.0,25,202608300025,29,200,440.28,0.704448
network-phase-closure-20260728,replication,critical,1.0,25,202608300025,30,200,416.355,0.666168
network-phase-closure-20260728,replication,critical,1.0,25,202608300025,31,200,422.57,0.6761119999999999
network-phase-closure-20260728,replication,critical,1.0,25,202608300025,32,200,461.845,0.738952
network-phase-closure-20260728,replication,critical,1.0,25,202608300025,33,200,433.325,0.6933199999999999
network-phase-closure-20260728,replication,critical,1.0,25,202608300025,34,200,421.215,0.673944
network-phase-closure-20260728,replication,critical,1.0,25,202608300025,35,200,432.91,0.692656
network-phase-closure-20260728,replication,critical,1.0,25,202608300025,36,200,428.47,0.685552
network-phase-closure-20260728,replication,critical,1.0,25,202608300025,37,200,421.18,0.673888
network-phase-closure-20260728,replication,critical,1.0,25,202608300025,38,200,436.33,0.698128
network-phase-closure-20260728,replication,critical,1.0,25,202608300025,39,200,451.13,0.721808
network-phase-closure-20260728,replication,critical,1.0,50,202608300050,0,200,1778.445,0.711378
network-phase-closure-20260728,replication,critical,1.0,50,202608300050,1,200,1696.45,0.6785800000000001
network-phase-closure-20260728,replication,critical,1.0,50,202608300050,2,200,1819.545,0.7278180000000001
network-phase-closure-20260728,replication,critical,1.0,50,202608300050,3,200,1842.995,0.7371979999999999
network-phase-closure-20260728,replication,critical,1.0,50,202608300050,4,200,1789.215,0.7156859999999999
network-phase-closure-20260728,replication,critical,1.0,50,202608300050,5,200,1718.465,0.6873859999999999
network-phase-closure-20260728,replication,critical,1.0,50,202608300050,6,200,1829.395,0.731758
network-phase-closure-20260728,replication,critical,1.0,50,202608300050,7,200,1825.695,0.730278
network-phase-closure-20260728,replication,critical,1.0,50,202608300050,8,200,1713.135,0.685254
network-phase-closure-20260728,replication,critical,1.0,50,202608300050,9,200,1619.865,0.647946
network-phase-closure-20260728,replication,critical,1.0,50,202608300050,10,200,1692.66,0.677064
network-phase-closure-20260728,replication,critical,1.0,50,202608300050,11,200,1800.545,0.720218
network-phase-closure-20260728,replication,critical,1.0,50,202608300050,12,200,1713.745,0.6854979999999999
network-phase-closure-20260728,replication,critical,1.0,50,202608300050,13,200,1892.83,0.7571319999999999
network-phase-closure-20260728,replication,critical,1.0,50,202608300050,14,200,1730.25,0.6921
network-phase-closure-20260728,replication,critical,1.0,50,202608300050,15,200,1862.075,0.74483
network-phase-closure-20260728,replication,critical,1.0,50,202608300050,16,200,1797.815,0.719126
network-phase-closure-20260728,replication,critical,1.0,50,202608300050,17,200,1837.095,0.734838
network-phase-closure-20260728,replication,critical,1.0,50,202608300050,18,200,1681.205,0.672482
network-phase-closure-20260728,replication,critical,1.0,50,202608300050,19,200,1804.78,0.721912
network-phase-closure-20260728,replication,critical,1.0,50,202608300050,20,200,1704.54,0.681816
network-phase-closure-20260728,replication,critical,1.0,50,202608300050,21,200,1765.26,0.706104
network-phase-closure-20260728,replication,critical,1.0,50,202608300050,22,200,1752.26,0.700904
network-phase-closure-20260728,replication,critical,1.0,50,202608300050,23,200,1886.295,0.754518
network-phase-closure-20260728,replication,critical,1.0,50,202608300050,24,200,1726.37,0.6905479999999999
network-phase-closure-20260728,replication,critical,1.0,50,202608300050,25,200,1794.925,0.71797
network-phase-closure-20260728,replication,critical,1.0,50,202608300050,26,200,1863.03,0.745212
network-phase-closure-20260728,replication,critical,1.0,50,202608300050,27,200,1799.01,0.719604
network-phase-closure-20260728,replication,critical,1.0,50,202608300050,28,200,1892.4,0.7569600000000001
network-phase-closure-20260728,replication,critical,1.0,50,202608300050,29,200,1822.775,0.72911
network-phase-closure-20260728,replication,critical,1.0,50,202608300050,30,200,1826.59,0.730636
network-phase-closure-20260728,replication,critical,1.0,50,202608300050,31,200,1876.12,0.750448
network-phase-closure-20260728,replication,critical,1.0,50,202608300050,32,200,1892.29,0.756916
network-phase-closure-20260728,replication,critical,1.0,50,202608300050,33,200,1743.49,0.697396
network-phase-closure-20260728,replication,critical,1.0,50,202608300050,34,200,1594.43,0.637772
network-phase-closure-20260728,replication,critical,1.0,50,202608300050,35,200,1805.215,0.722086
network-phase-closure-20260728,replication,critical,1.0,50,202608300050,36,200,1814.565,0.725826
network-phase-closure-20260728,replication,critical,1.0,50,202608300050,37,200,1807.64,0.723056
network-phase-closure-20260728,replication,critical,1.0,50,202608300050,38,200,1805.78,0.722312
network-phase-closure-20260728,replication,critical,1.0,50,202608300050,39,200,1737.935,0.695174
network-phase-closure-20260728,replication,critical,1.0,100,202608300100,0,200,7363.645,0.7363645000000001
network-phase-closure-20260728,replication,critical,1.0,100,202608300100,1,200,7292.435,0.7292435
network-phase-closure-20260728,replication,critical,1.0,100,202608300100,2,200,6943.675,0.6943675
network-phase-closure-20260728,replication,critical,1.0,100,202608300100,3,200,6731.325,0.6731325
network-phase-closure-20260728,replication,critical,1.0,100,202608300100,4,200,7396.915,0.7396915
network-phase-closure-20260728,replication,critical,1.0,100,202608300100,5,200,7128.48,0.7128479999999999
network-phase-closure-20260728,replication,critical,1.0,100,202608300100,6,200,6837.015,0.6837015000000001
network-phase-closure-20260728,replication,critical,1.0,100,202608300100,7,200,7620.73,0.762073
network-phase-closure-20260728,replication,critical,1.0,100,202608300100,8,200,7224.895,0.7224895
network-phase-closure-20260728,replication,critical,1.0,100,202608300100,9,200,7163.3,0.71633
network-phase-closure-20260728,replication,critical,1.0,100,202608300100,10,200,7355.44,0.735544
network-phase-closure-20260728,replication,critical,1.0,100,202608300100,11,200,6733.57,0.673357
network-phase-closure-20260728,replication,critical,1.0,100,202608300100,12,200,6788.41,0.678841
network-phase-closure-20260728,replication,critical,1.0,100,202608300100,13,200,7106.3,0.71063
network-phase-closure-20260728,replication,critical,1.0,100,202608300100,14,200,7591.37,0.759137
network-phase-closure-20260728,replication,critical,1.0,100,202608300100,15,200,7162.31,0.7162310000000001
network-phase-closure-20260728,replication,critical,1.0,100,202608300100,16,200,7754.77,0.7754770000000001
network-phase-closure-20260728,replication,critical,1.0,100,202608300100,17,200,7010.75,0.701075
network-phase-closure-20260728,replication,critical,1.0,100,202608300100,18,200,6934.135,0.6934135
network-phase-closure-20260728,replication,critical,1.0,100,202608300100,19,200,7360.725,0.7360725
network-phase-closure-20260728,replication,critical,1.0,100,202608300100,20,200,7284.26,0.728426
network-phase-closure-20260728,replication,critical,1.0,100,202608300100,21,200,6989.745,0.6989744999999999
network-phase-closure-20260728,replication,critical,1.0,100,202608300100,22,200,7568.505,0.7568505
network-phase-closure-20260728,replication,critical,1.0,100,202608300100,23,200,7115.805,0.7115805000000001
network-phase-closure-20260728,replication,critical,1.0,100,202608300100,24,200,7081.675,0.7081675000000001
network-phase-closure-20260728,replication,critical,1.0,100,202608300100,25,200,7200.655,0.7200655
network-phase-closure-20260728,replication,critical,1.0,100,202608300100,26,200,6972.1,0.69721
network-phase-closure-20260728,replication,critical,1.0,100,202608300100,27,200,7003.185,0.7003185000000001
network-phase-closure-20260728,replication,critical,1.0,100,202608300100,28,200,7055.585,0.7055585
network-phase-closure-20260728,replication,critical,1.0,100,202608300100,29,200,7313.35,0.7313350000000001
network-phase-closure-20260728,replication,critical,1.0,100,202608300100,30,200,6962.8,0.69628
network-phase-closure-20260728,replication,critical,1.0,100,202608300100,31,200,6943.055,0.6943055
network-phase-closure-20260728,replication,critical,1.0,100,202608300100,32,200,6901.415,0.6901415
network-phase-closure-20260728,replication,critical,1.0,100,202608300100,33,200,7249.715,0.7249715
network-phase-closure-20260728,replication,critical,1.0,100,202608300100,34,200,6859.495,0.6859495
network-phase-closure-20260728,replication,critical,1.0,100,202608300100,35,200,7133.385,0.7133385
network-phase-closure-20260728,replication,critical,1.0,100,202608300100,36,200,7213.725,0.7213725000000001
network-phase-closure-20260728,replication,critical,1.0,100,202608300100,37,200,7089.235,0.7089234999999999
network-phase-closure-20260728,replication,critical,1.0,100,202608300100,38,200,7073.68,0.707368
network-phase-closure-20260728,replication,critical,1.0,100,202608300100,39,200,7365.4,0.73654
network-phase-closure-20260728,replication,critical,1.0,200,202608300200,0,200,29160.105,0.729002625
network-phase-closure-20260728,replication,critical,1.0,200,202608300200,1,200,29993.415,0.749835375
network-phase-closure-20260728,replication,critical,1.0,200,202608300200,2,200,29282.06,0.7320515000000001
network-phase-closure-20260728,replication,critical,1.0,200,202608300200,3,200,28280.85,0.7070212499999999
network-phase-closure-20260728,replication,critical,1.0,200,202608300200,4,200,27308.69,0.6827172499999999
network-phase-closure-20260728,replication,critical,1.0,200,202608300200,5,200,27486.04,0.6871510000000001
network-phase-closure-20260728,replication,critical,1.0,200,202608300200,6,200,29677.705,0.7419426250000001
network-phase-closure-20260728,replication,critical,1.0,200,202608300200,7,200,28065.895,0.701647375
network-phase-closure-20260728,replication,critical,1.0,200,202608300200,8,200,27039.695,0.675992375
network-phase-closure-20260728,replication,critical,1.0,200,202608300200,9,200,28399.245,0.709981125
network-phase-closure-20260728,replication,critical,1.0,200,202608300200,10,200,27358.905,0.683972625
network-phase-closure-20260728,replication,critical,1.0,200,202608300200,11,200,28728.925,0.718223125
network-phase-closure-20260728,replication,critical,1.0,200,202608300200,12,200,28591.34,0.7147835
network-phase-closure-20260728,replication,critical,1.0,200,202608300200,13,200,28308.1,0.7077025
network-phase-closure-20260728,replication,critical,1.0,200,202608300200,14,200,28480.845,0.712021125
network-phase-closure-20260728,replication,critical,1.0,200,202608300200,15,200,27526.785,0.688169625
network-phase-closure-20260728,replication,critical,1.0,200,202608300200,16,200,28055.89,0.70139725
network-phase-closure-20260728,replication,critical,1.0,200,202608300200,17,200,27218.795,0.680469875
network-phase-closure-20260728,replication,critical,1.0,200,202608300200,18,200,31019.21,0.77548025
network-phase-closure-20260728,replication,critical,1.0,200,202608300200,19,200,28846.51,0.72116275
network-phase-closure-20260728,replication,critical,1.0,200,202608300200,20,200,29675.6,0.7418899999999999
network-phase-closure-20260728,replication,critical,1.0,200,202608300200,21,200,28165.76,0.704144
network-phase-closure-20260728,replication,critical,1.0,200,202608300200,22,200,27380.835,0.684520875
network-phase-closure-20260728,replication,critical,1.0,200,202608300200,23,200,26251.655,0.656291375
network-phase-closure-20260728,replication,critical,1.0,200,202608300200,24,200,29668.045,0.741701125
network-phase-closure-20260728,replication,critical,1.0,200,202608300200,25,200,29323.645,0.7330911250000001
network-phase-closure-20260728,replication,critical,1.0,200,202608300200,26,200,27910.585,0.697764625
network-phase-closure-20260728,replication,critical,1.0,200,202608300200,27,200,28527.325,0.713183125
network-phase-closure-20260728,replication,critical,1.0,200,202608300200,28,200,29537.56,0.7384390000000001
network-phase-closure-20260728,replication,critical,1.0,200,202608300200,29,200,29201.015,0.730025375
network-phase-closure-20260728,replication,critical,1.0,200,202608300200,30,200,28353.92,0.7088479999999999
network-phase-closure-20260728,replication,critical,1.0,200,202608300200,31,200,25995.62,0.6498904999999999
network-phase-closure-20260728,replication,critical,1.0,200,202608300200,32,200,28992.625,0.724815625
network-phase-closure-20260728,replication,critical,1.0,200,202608300200,33,200,29549.94,0.7387484999999999
network-phase-closure-20260728,replication,critical,1.0,200,202608300200,34,200,27606.44,0.6901609999999999
network-phase-closure-20260728,replication,critical,1.0,200,202608300200,35,200,27912.955,0.6978238750000001
network-phase-closure-20260728,replication,critical,1.0,200,202608300200,36,200,27451.98,0.6862995
network-phase-closure-20260728,replication,critical,1.0,200,202608300200,37,200,28520.935,0.713023375
network-phase-closure-20260728,replication,critical,1.0,200,202608300200,38,200,29033.07,0.72582675
network-phase-closure-20260728,replication,critical,1.0,200,202608300200,39,200,27024.745,0.675618625
network-phase-closure-20260728,replication,critical,1.0,400,202608300400,0,200,110463.93,0.6903995625
network-phase-closure-20260728,replication,critical,1.0,400,202608300400,1,200,111769.48,0.69855925
network-phase-closure-20260728,replication,critical,1.0,400,202608300400,2,200,114653.575,0.71658484375
network-phase-closure-20260728,replication,critical,1.0,400,202608300400,3,200,108868.77,0.6804298125
network-phase-closure-20260728,replication,critical,1.0,400,202608300400,4,200,116150.135,0.72593834375
network-phase-closure-20260728,replication,critical,1.0,400,202608300400,5,200,115142.32,0.7196395000000001
network-phase-closure-20260728,replication,critical,1.0,400,202608300400,6,200,108772.315,0.67982696875
network-phase-closure-20260728,replication,critical,1.0,400,202608300400,7,200,113404.46,0.708777875
network-phase-closure-20260728,replication,critical,1.0,400,202608300400,8,200,115596.08,0.7224755
network-phase-closure-20260728,replication,critical,1.0,400,202608300400,9,200,114481.735,0.71551084375
network-phase-closure-20260728,replication,critical,1.0,400,202608300400,10,200,108589.93,0.6786870625
network-phase-closure-20260728,replication,critical,1.0,400,202608300400,11,200,111362.735,0.69601709375
network-phase-closure-20260728,replication,critical,1.0,400,202608300400,12,200,110639.475,0.6914967187500001
network-phase-closure-20260728,replication,critical,1.0,400,202608300400,13,200,109749.535,0.68593459375
network-phase-closure-20260728,replication,critical,1.0,400,202608300400,14,200,108599.66,0.678747875
network-phase-closure-20260728,replication,critical,1.0,400,202608300400,15,200,112444.01,0.7027750625
network-phase-closure-20260728,replication,critical,1.0,400,202608300400,16,200,116386.65,0.7274165625
network-phase-closure-20260728,replication,critical,1.0,400,202608300400,17,200,117460.63,0.7341289375000001
network-phase-closure-20260728,replication,critical,1.0,400,202608300400,18,200,115603.21,0.7225200625
network-phase-closure-20260728,replication,critical,1.0,400,202608300400,19,200,108634.645,0.6789665312500001
network-phase-closure-20260728,replication,critical,1.0,400,202608300400,20,200,116747.02,0.729668875
network-phase-closure-20260728,replication,critical,1.0,400,202608300400,21,200,104701.89,0.6543868125
network-phase-closure-20260728,replication,critical,1.0,400,202608300400,22,200,112106.435,0.70066521875
network-phase-closure-20260728,replication,critical,1.0,400,202608300400,23,200,118904.055,0.74315034375
network-phase-closure-20260728,replication,critical,1.0,400,202608300400,24,200,113377.205,0.70860753125
network-phase-closure-20260728,replication,critical,1.0,400,202608300400,25,200,104929.18,0.655807375
network-phase-closure-20260728,replication,critical,1.0,400,202608300400,26,200,109093.505,0.68183440625
network-phase-closure-20260728,replication,critical,1.0,400,202608300400,27,200,112725.815,0.70453634375
network-phase-closure-20260728,replication,critical,1.0,400,202608300400,28,200,110313.705,0.68946065625
network-phase-closure-20260728,replication,critical,1.0,400,202608300400,29,200,115214.52,0.72009075
network-phase-closure-20260728,replication,critical,1.0,400,202608300400,30,200,118075.975,0.73797484375
network-phase-closure-20260728,replication,critical,1.0,400,202608300400,31,200,107674.3,0.6729643750000001
network-phase-closure-20260728,replication,critical,1.0,400,202608300400,32,200,116202.375,0.72626484375
network-phase-closure-20260728,replication,critical,1.0,400,202608300400,33,200,110907.695,0.69317309375
network-phase-closure-20260728,replication,critical,1.0,400,202608300400,34,200,112139.1,0.700869375
network-phase-closure-20260728,replication,critical,1.0,400,202608300400,35,200,112967.12,0.7060445
network-phase-closure-20260728,replication,critical,1.0,400,202608300400,36,200,117251.85,0.7328240625
network-phase-closure-20260728,replication,critical,1.0,400,202608300400,37,200,115405.225,0.72128265625
network-phase-closure-20260728,replication,critical,1.0,400,202608300400,38,200,108945.455,0.68090909375
network-phase-closure-20260728,replication,critical,1.0,400,202608300400,39,200,112104.425,0.7006526562500001
network-phase-closure-20260728,replication,fair,2.0,25,202608310025,0,200,584.83,0.9357280000000001
network-phase-closure-20260728,replication,fair,2.0,25,202608310025,1,200,588.15,0.94104
network-phase-closure-20260728,replication,fair,2.0,25,202608310025,2,200,628.35,1.00536
network-phase-closure-20260728,replication,fair,2.0,25,202608310025,3,200,599.675,0.9594799999999999
network-phase-closure-20260728,replication,fair,2.0,25,202608310025,4,200,594.185,0.9506959999999999
network-phase-closure-20260728,replication,fair,2.0,25,202608310025,5,200,560.155,0.8962479999999999
network-phase-closure-20260728,replication,fair,2.0,25,202608310025,6,200,596.055,0.9536879999999999
network-phase-closure-20260728,replication,fair,2.0,25,202608310025,7,200,613.405,0.981448
network-phase-closure-20260728,replication,fair,2.0,25,202608310025,8,200,610.08,0.9761280000000001
network-phase-closure-20260728,replication,fair,2.0,25,202608310025,9,200,591.42,0.9462719999999999
network-phase-closure-20260728,replication,fair,2.0,25,202608310025,10,200,586.63,0.938608
network-phase-closure-20260728,replication,fair,2.0,25,202608310025,11,200,608.48,0.973568
network-phase-closure-20260728,replication,fair,2.0,25,202608310025,12,200,611.91,0.9790559999999999
network-phase-closure-20260728,replication,fair,2.0,25,202608310025,13,200,603.495,0.965592
network-phase-closure-20260728,replication,fair,2.0,25,202608310025,14,200,576.99,0.923184
network-phase-closure-20260728,replication,fair,2.0,25,202608310025,15,200,544.74,0.871584
network-phase-closure-20260728,replication,fair,2.0,25,202608310025,16,200,566.79,0.9068639999999999
network-phase-closure-20260728,replication,fair,2.0,25,202608310025,17,200,676.49,1.082384
network-phase-closure-20260728,replication,fair,2.0,25,202608310025,18,200,674.83,1.079728
network-phase-closure-20260728,replication,fair,2.0,25,202608310025,19,200,580.655,0.929048
network-phase-closure-20260728,replication,fair,2.0,25,202608310025,20,200,599.19,0.9587040000000001
network-phase-closure-20260728,replication,fair,2.0,25,202608310025,21,200,566.625,0.9066
network-phase-closure-20260728,replication,fair,2.0,25,202608310025,22,200,573.44,0.9175040000000001
network-phase-closure-20260728,replication,fair,2.0,25,202608310025,23,200,634.5,1.0152
network-phase-closure-20260728,replication,fair,2.0,25,202608310025,24,200,624.62,0.9993920000000001
network-phase-closure-20260728,replication,fair,2.0,25,202608310025,25,200,631.78,1.010848
network-phase-closure-20260728,replication,fair,2.0,25,202608310025,26,200,663.97,1.062352
network-phase-closure-20260728,replication,fair,2.0,25,202608310025,27,200,619.73,0.991568
network-phase-closure-20260728,replication,fair,2.0,25,202608310025,28,200,599.93,0.959888
network-phase-closure-20260728,replication,fair,2.0,25,202608310025,29,200,592.605,0.948168
network-phase-closure-20260728,replication,fair,2.0,25,202608310025,30,200,554.245,0.886792
network-phase-closure-20260728,replication,fair,2.0,25,202608310025,31,200,622.74,0.996384
network-phase-closure-20260728,replication,fair,2.0,25,202608310025,32,200,595.685,0.9530959999999999
network-phase-closure-20260728,replication,fair,2.0,25,202608310025,33,200,573.8,0.9180799999999999
network-phase-closure-20260728,replication,fair,2.0,25,202608310025,34,200,585.63,0.937008
network-phase-closure-20260728,replication,fair,2.0,25,202608310025,35,200,621.04,0.993664
network-phase-closure-20260728,replication,fair,2.0,25,202608310025,36,200,610.465,0.9767440000000001
network-phase-closure-20260728,replication,fair,2.0,25,202608310025,37,200,593.465,0.949544
network-phase-closure-20260728,replication,fair,2.0,25,202608310025,38,200,595.945,0.953512
network-phase-closure-20260728,replication,fair,2.0,25,202608310025,39,200,631.79,1.010864
network-phase-closure-20260728,replication,fair,2.0,50,202608310050,0,200,2613.385,1.0453540000000001
network-phase-closure-20260728,replication,fair,2.0,50,202608310050,1,200,2713.375,1.08535
network-phase-closure-20260728,replication,fair,2.0,50,202608310050,2,200,2267.395,0.906958
network-phase-closure-20260728,replication,fair,2.0,50,202608310050,3,200,2380.48,0.952192
network-phase-closure-20260728,replication,fair,2.0,50,202608310050,4,200,2441.555,0.9766219999999999
network-phase-closure-20260728,replication,fair,2.0,50,202608310050,5,200,2318.905,0.9275620000000001
network-phase-closure-20260728,replication,fair,2.0,50,202608310050,6,200,2448.56,0.979424
network-phase-closure-20260728,replication,fair,2.0,50,202608310050,7,200,2460.66,0.9842639999999999
network-phase-closure-20260728,replication,fair,2.0,50,202608310050,8,200,2462.565,0.9850260000000001
network-phase-closure-20260728,replication,fair,2.0,50,202608310050,9,200,2344.875,0.93795
network-phase-closure-20260728,replication,fair,2.0,50,202608310050,10,200,2603.44,1.041376
network-phase-closure-20260728,replication,fair,2.0,50,202608310050,11,200,2241.445,0.8965780000000001
network-phase-closure-20260728,replication,fair,2.0,50,202608310050,12,200,2472.25,0.9889
network-phase-closure-20260728,replication,fair,2.0,50,202608310050,13,200,2405.22,0.9620879999999999
network-phase-closure-20260728,replication,fair,2.0,50,202608310050,14,200,2223.71,0.889484
network-phase-closure-20260728,replication,fair,2.0,50,202608310050,15,200,2445.035,0.9780139999999999
network-phase-closure-20260728,replication,fair,2.0,50,202608310050,16,200,2488.03,0.9952120000000001
network-phase-closure-20260728,replication,fair,2.0,50,202608310050,17,200,2329.005,0.931602
network-phase-closure-20260728,replication,fair,2.0,50,202608310050,18,200,2394.895,0.957958
network-phase-closure-20260728,replication,fair,2.0,50,202608310050,19,200,2386.05,0.95442
network-phase-closure-20260728,replication,fair,2.0,50,202608310050,20,200,2339.9,0.93596
network-phase-closure-20260728,replication,fair,2.0,50,202608310050,21,200,2267.495,0.906998
network-phase-closure-20260728,replication,fair,2.0,50,202608310050,22,200,2202.65,0.8810600000000001
network-phase-closure-20260728,replication,fair,2.0,50,202608310050,23,200,2308.53,0.9234120000000001
network-phase-closure-20260728,replication,fair,2.0,50,202608310050,24,200,2599.605,1.039842
network-phase-closure-20260728,replication,fair,2.0,50,202608310050,25,200,2402.08,0.960832
network-phase-closure-20260728,replication,fair,2.0,50,202608310050,26,200,2382.805,0.9531219999999999
network-phase-closure-20260728,replication,fair,2.0,50,202608310050,27,200,2130.835,0.852334
network-phase-closure-20260728,replication,fair,2.0,50,202608310050,28,200,2455.725,0.98229
network-phase-closure-20260728,replication,fair,2.0,50,202608310050,29,200,2423.28,0.9693120000000001
network-phase-closure-20260728,replication,fair,2.0,50,202608310050,30,200,2410.345,0.9641379999999999
network-phase-closure-20260728,replication,fair,2.0,50,202608310050,31,200,2379.195,0.951678
network-phase-closure-20260728,replication,fair,2.0,50,202608310050,32,200,2486.69,0.994676
network-phase-closure-20260728,replication,fair,2.0,50,202608310050,33,200,2507.625,1.00305
network-phase-closure-20260728,replication,fair,2.0,50,202608310050,34,200,2282.94,0.913176
network-phase-closure-20260728,replication,fair,2.0,50,202608310050,35,200,2427.55,0.9710200000000001
network-phase-closure-20260728,replication,fair,2.0,50,202608310050,36,200,2325.975,0.9303899999999999
network-phase-closure-20260728,replication,fair,2.0,50,202608310050,37,200,2296.625,0.91865
network-phase-closure-20260728,replication,fair,2.0,50,202608310050,38,200,2307.105,0.922842
network-phase-closure-20260728,replication,fair,2.0,50,202608310050,39,200,2394.38,0.957752
network-phase-closure-20260728,replication,fair,2.0,100,202608310100,0,200,9318.865,0.9318865
network-phase-closure-20260728,replication,fair,2.0,100,202608310100,1,200,9269.945,0.9269944999999999
network-phase-closure-20260728,replication,fair,2.0,100,202608310100,2,200,9384.605,0.9384604999999999
network-phase-closure-20260728,replication,fair,2.0,100,202608310100,3,200,9529.26,0.952926
network-phase-closure-20260728,replication,fair,2.0,100,202608310100,4,200,9539.88,0.953988
network-phase-closure-20260728,replication,fair,2.0,100,202608310100,5,200,9672.495,0.9672495000000001
network-phase-closure-20260728,replication,fair,2.0,100,202608310100,6,200,9832.67,0.983267
network-phase-closure-20260728,replication,fair,2.0,100,202608310100,7,200,9402.585,0.9402584999999999
network-phase-closure-20260728,replication,fair,2.0,100,202608310100,8,200,9292.085,0.9292084999999999
network-phase-closure-20260728,replication,fair,2.0,100,202608310100,9,200,9130.735,0.9130735000000001
network-phase-closure-20260728,replication,fair,2.0,100,202608310100,10,200,9671.225,0.9671225
network-phase-closure-20260728,replication,fair,2.0,100,202608310100,11,200,9985.7,0.9985700000000001
network-phase-closure-20260728,replication,fair,2.0,100,202608310100,12,200,9613.07,0.961307
network-phase-closure-20260728,replication,fair,2.0,100,202608310100,13,200,9521.84,0.952184
network-phase-closure-20260728,replication,fair,2.0,100,202608310100,14,200,9259.74,0.925974
network-phase-closure-20260728,replication,fair,2.0,100,202608310100,15,200,10429.995,1.0429995
network-phase-closure-20260728,replication,fair,2.0,100,202608310100,16,200,10409.165,1.0409165
network-phase-closure-20260728,replication,fair,2.0,100,202608310100,17,200,9888.435,0.9888435
network-phase-closure-20260728,replication,fair,2.0,100,202608310100,18,200,9303.115,0.9303115
network-phase-closure-20260728,replication,fair,2.0,100,202608310100,19,200,10515.275,1.0515275
network-phase-closure-20260728,replication,fair,2.0,100,202608310100,20,200,10126.34,1.012634
network-phase-closure-20260728,replication,fair,2.0,100,202608310100,21,200,9931.48,0.9931479999999999
network-phase-closure-20260728,replication,fair,2.0,100,202608310100,22,200,10215.455,1.0215455
network-phase-closure-20260728,replication,fair,2.0,100,202608310100,23,200,10798.495,1.0798495000000001
network-phase-closure-20260728,replication,fair,2.0,100,202608310100,24,200,9506.19,0.9506190000000001
network-phase-closure-20260728,replication,fair,2.0,100,202608310100,25,200,9595.405,0.9595405
network-phase-closure-20260728,replication,fair,2.0,100,202608310100,26,200,9288.395,0.9288395
network-phase-closure-20260728,replication,fair,2.0,100,202608310100,27,200,10029.545,1.0029545
network-phase-closure-20260728,replication,fair,2.0,100,202608310100,28,200,9478.565,0.9478565000000001
network-phase-closure-20260728,replication,fair,2.0,100,202608310100,29,200,9541.07,0.9541069999999999
network-phase-closure-20260728,replication,fair,2.0,100,202608310100,30,200,9612.68,0.961268
network-phase-closure-20260728,replication,fair,2.0,100,202608310100,31,200,10210.575,1.0210575000000002
network-phase-closure-20260728,replication,fair,2.0,100,202608310100,32,200,9703.025,0.9703025
network-phase-closure-20260728,replication,fair,2.0,100,202608310100,33,200,8717.855,0.8717855
network-phase-closure-20260728,replication,fair,2.0,100,202608310100,34,200,9737.635,0.9737635
network-phase-closure-20260728,replication,fair,2.0,100,202608310100,35,200,10370.66,1.037066
network-phase-closure-20260728,replication,fair,2.0,100,202608310100,36,200,9893.44,0.989344
network-phase-closure-20260728,replication,fair,2.0,100,202608310100,37,200,9633.715,0.9633715
network-phase-closure-20260728,replication,fair,2.0,100,202608310100,38,200,9675.915,0.9675915
network-phase-closure-20260728,replication,fair,2.0,100,202608310100,39,200,9292.59,0.9292590000000001
network-phase-closure-20260728,replication,fair,2.0,200,202608310200,0,200,39195.875,0.979896875
network-phase-closure-20260728,replication,fair,2.0,200,202608310200,1,200,36744.505,0.918612625
network-phase-closure-20260728,replication,fair,2.0,200,202608310200,2,200,39097.585,0.9774396249999999
network-phase-closure-20260728,replication,fair,2.0,200,202608310200,3,200,37160.05,0.9290012500000001
network-phase-closure-20260728,replication,fair,2.0,200,202608310200,4,200,42213.64,1.055341
network-phase-closure-20260728,replication,fair,2.0,200,202608310200,5,200,38729.145,0.968228625
network-phase-closure-20260728,replication,fair,2.0,200,202608310200,6,200,39786.63,0.9946657499999999
network-phase-closure-20260728,replication,fair,2.0,200,202608310200,7,200,40398.795,1.009969875
network-phase-closure-20260728,replication,fair,2.0,200,202608310200,8,200,40945.435,1.0236358749999999
network-phase-closure-20260728,replication,fair,2.0,200,202608310200,9,200,41537.82,1.0384455
network-phase-closure-20260728,replication,fair,2.0,200,202608310200,10,200,42111.265,1.052781625
network-phase-closure-20260728,replication,fair,2.0,200,202608310200,11,200,41909.735,1.047743375
network-phase-closure-20260728,replication,fair,2.0,200,202608310200,12,200,38869.78,0.9717445
network-phase-closure-20260728,replication,fair,2.0,200,202608310200,13,200,38307.03,0.9576757499999999
network-phase-closure-20260728,replication,fair,2.0,200,202608310200,14,200,39425.94,0.9856485
network-phase-closure-20260728,replication,fair,2.0,200,202608310200,15,200,38248.605,0.956215125
network-phase-closure-20260728,replication,fair,2.0,200,202608310200,16,200,38462.425,0.9615606250000001
network-phase-closure-20260728,replication,fair,2.0,200,202608310200,17,200,39630.195,0.990754875
network-phase-closure-20260728,replication,fair,2.0,200,202608310200,18,200,40804.635,1.0201158750000001
network-phase-closure-20260728,replication,fair,2.0,200,202608310200,19,200,40335.64,1.008391
network-phase-closure-20260728,replication,fair,2.0,200,202608310200,20,200,36136.285,0.9034071250000001
network-phase-closure-20260728,replication,fair,2.0,200,202608310200,21,200,36560.62,0.9140155000000001
network-phase-closure-20260728,replication,fair,2.0,200,202608310200,22,200,39755.29,0.99388225
network-phase-closure-20260728,replication,fair,2.0,200,202608310200,23,200,36162.44,0.904061
network-phase-closure-20260728,replication,fair,2.0,200,202608310200,24,200,39216.17,0.98040425
network-phase-closure-20260728,replication,fair,2.0,200,202608310200,25,200,40445.735,1.011143375
network-phase-closure-20260728,replication,fair,2.0,200,202608310200,26,200,40149.75,1.00374375
network-phase-closure-20260728,replication,fair,2.0,200,202608310200,27,200,37475.995,0.936899875
network-phase-closure-20260728,replication,fair,2.0,200,202608310200,28,200,36767.87,0.9191967500000001
network-phase-closure-20260728,replication,fair,2.0,200,202608310200,29,200,38301.945,0.957548625
network-phase-closure-20260728,replication,fair,2.0,200,202608310200,30,200,40695.83,1.0173957500000002
network-phase-closure-20260728,replication,fair,2.0,200,202608310200,31,200,37301.9,0.9325475000000001
network-phase-closure-20260728,replication,fair,2.0,200,202608310200,32,200,37983.795,0.949594875
network-phase-closure-20260728,replication,fair,2.0,200,202608310200,33,200,40718.925,1.0179731250000001
network-phase-closure-20260728,replication,fair,2.0,200,202608310200,34,200,36360.965,0.909024125
network-phase-closure-20260728,replication,fair,2.0,200,202608310200,35,200,39963.505,0.9990876249999999
network-phase-closure-20260728,replication,fair,2.0,200,202608310200,36,200,38096.965,0.952424125
network-phase-closure-20260728,replication,fair,2.0,200,202608310200,37,200,37144.42,0.9286105
network-phase-closure-20260728,replication,fair,2.0,200,202608310200,38,200,39202.77,0.9800692499999999
network-phase-closure-20260728,replication,fair,2.0,200,202608310200,39,200,34576.97,0.86442425
network-phase-closure-20260728,replication,fair,2.0,400,202608310400,0,200,152075.515,0.9504719687500001
network-phase-closure-20260728,replication,fair,2.0,400,202608310400,1,200,149811.72,0.93632325
network-phase-closure-20260728,replication,fair,2.0,400,202608310400,2,200,148733.405,0.92958378125
network-phase-closure-20260728,replication,fair,2.0,400,202608310400,3,200,143822.29,0.8988893125
network-phase-closure-20260728,replication,fair,2.0,400,202608310400,4,200,154207.32,0.9637957500000001
network-phase-closure-20260728,replication,fair,2.0,400,202608310400,5,200,158343.345,0.98964590625
network-phase-closure-20260728,replication,fair,2.0,400,202608310400,6,200,148426.29,0.9276643125
network-phase-closure-20260728,replication,fair,2.0,400,202608310400,7,200,158605.305,0.99128315625
network-phase-closure-20260728,replication,fair,2.0,400,202608310400,8,200,157113.51,0.9819594375
network-phase-closure-20260728,replication,fair,2.0,400,202608310400,9,200,162561.985,1.01601240625
network-phase-closure-20260728,replication,fair,2.0,400,202608310400,10,200,152787.43,0.9549214374999999
network-phase-closure-20260728,replication,fair,2.0,400,202608310400,11,200,155812.86,0.9738303749999999
network-phase-closure-20260728,replication,fair,2.0,400,202608310400,12,200,158566.255,0.99103909375
network-phase-closure-20260728,replication,fair,2.0,400,202608310400,13,200,160448.365,1.00280228125
network-phase-closure-20260728,replication,fair,2.0,400,202608310400,14,200,151350.745,0.94594215625
network-phase-closure-20260728,replication,fair,2.0,400,202608310400,15,200,158236.065,0.98897540625
network-phase-closure-20260728,replication,fair,2.0,400,202608310400,16,200,154836.715,0.96772946875
network-phase-closure-20260728,replication,fair,2.0,400,202608310400,17,200,159686.905,0.99804315625
network-phase-closure-20260728,replication,fair,2.0,400,202608310400,18,200,143840.48,0.8990030000000001
network-phase-closure-20260728,replication,fair,2.0,400,202608310400,19,200,149492.055,0.93432534375
network-phase-closure-20260728,replication,fair,2.0,400,202608310400,20,200,157852.625,0.98657890625
network-phase-closure-20260728,replication,fair,2.0,400,202608310400,21,200,154826.32,0.9676645
network-phase-closure-20260728,replication,fair,2.0,400,202608310400,22,200,163410.535,1.02131584375
network-phase-closure-20260728,replication,fair,2.0,400,202608310400,23,200,147199.96,0.9199997499999999
network-phase-closure-20260728,replication,fair,2.0,400,202608310400,24,200,155185.67,0.9699104375000001
network-phase-closure-20260728,replication,fair,2.0,400,202608310400,25,200,165037.64,1.03148525
network-phase-closure-20260728,replication,fair,2.0,400,202608310400,26,200,164787.7,1.029923125
network-phase-closure-20260728,replication,fair,2.0,400,202608310400,27,200,153423.08,0.95889425
network-phase-closure-20260728,replication,fair,2.0,400,202608310400,28,200,160987.19,1.0061699375
network-phase-closure-20260728,replication,fair,2.0,400,202608310400,29,200,160660.84,1.00413025
network-phase-closure-20260728,replication,fair,2.0,400,202608310400,30,200,156873.15,0.9804571875
network-phase-closure-20260728,replication,fair,2.0,400,202608310400,31,200,164141.495,1.02588434375
network-phase-closure-20260728,replication,fair,2.0,400,202608310400,32,200,155937.585,0.97460990625
network-phase-closure-20260728,replication,fair,2.0,400,202608310400,33,200,157578.765,0.9848672812500001
network-phase-closure-20260728,replication,fair,2.0,400,202608310400,34,200,152355.635,0.9522227187500001
network-phase-closure-20260728,replication,fair,2.0,400,202608310400,35,200,152837.505,0.95523440625
network-phase-closure-20260728,replication,fair,2.0,400,202608310400,36,200,149292.305,0.93307690625
network-phase-closure-20260728,replication,fair,2.0,400,202608310400,37,200,156960.54,0.981003375
network-phase-closure-20260728,replication,fair,2.0,400,202608310400,38,200,161422.915,1.0088932187500002
network-phase-closure-20260728,replication,fair,2.0,400,202608310400,39,200,152395.53,0.9524720624999999
